ID da questão,arquivo de texto,imagem relacionada,texto completo?,alternativas completas?,gabarito verificável?,tipo de interação,problema encontrado,ação aplicada,pendência,origem da recuperação,confiança
fund-s1-q1,1. Fundamentos de gerenciamento de projetos e entrega de valor/1/Gabarito - 1.1.txt,1. Fundamentos de gerenciamento de projetos e entrega de valor/1/1.png,Sim,Sim,Sim,multiple_choice,Nenhum,Conteúdo preservado,Nenhuma,"PMP - BOOK 8 — Fundamentos de gerenciamento de projetos e entrega de valor, sessão 1.",alta
fund-s1-q2,1. Fundamentos de gerenciamento de projetos e entrega de valor/1/Gabarito - 1.1.txt,1. Fundamentos de gerenciamento de projetos e entrega de valor/1/2.png,Sim,Sim,Sim,multiple_choice,Nenhum,Conteúdo preservado,Nenhuma,"PMP - BOOK 8 — Fundamentos de gerenciamento de projetos e entrega de valor, sessão 1.",alta
fund-s1-q3,1. Fundamentos de gerenciamento de projetos e entrega de valor/1/Gabarito - 1.1.txt,1. Fundamentos de gerenciamento de projetos e entrega de valor/1/3.png,Sim,Sim,Sim,multiple_choice,Nenhum,Conteúdo preservado,Nenhuma,"PMP - BOOK 8 — Fundamentos de gerenciamento de projetos e entrega de valor, sessão 1.",alta
fund-s1-q4,1. Fundamentos de gerenciamento de projetos e entrega de valor/1/Gabarito - 1.1.txt,1. Fundamentos de gerenciamento de projetos e entrega de valor/1/4.png,Sim,Sim,Sim,multiple_choice,Nenhum,Conteúdo preservado,Nenhuma,"PMP - BOOK 8 — Fundamentos de gerenciamento de projetos e entrega de valor, sessão 1.",alta
fund-s1-q5,1. Fundamentos de gerenciamento de projetos e entrega de valor/1/Gabarito - 1.1.txt,1. Fundamentos de gerenciamento de projetos e entrega de valor/1/5.png,Sim,Sim,Sim,multiple_choice,Nenhum,Conteúdo preservado,Nenhuma,"PMP - BOOK 8 — Fundamentos de gerenciamento de projetos e entrega de valor, sessão 1.",alta
fund-s1-q6,1. Fundamentos de gerenciamento de projetos e entrega de valor/1/Gabarito - 1.1.txt,1. Fundamentos de gerenciamento de projetos e entrega de valor/1/6.png,Sim,Sim,Sim,multiple_choice,Nenhum,Conteúdo preservado,Nenhuma,"PMP - BOOK 8 — Fundamentos de gerenciamento de projetos e entrega de valor, sessão 1.",alta
fund-s1-q7,1. Fundamentos de gerenciamento de projetos e entrega de valor/1/Gabarito - 1.1.txt,1. Fundamentos de gerenciamento de projetos e entrega de valor/1/7.png,Sim,Sim,Sim,multiple_choice,Nenhum,Conteúdo preservado,Nenhuma,"PMP - BOOK 8 — Fundamentos de gerenciamento de projetos e entrega de valor, sessão 1.",alta
fund-s1-q8,1. Fundamentos de gerenciamento de projetos e entrega de valor/1/Gabarito - 1.1.txt,1. Fundamentos de gerenciamento de projetos e entrega de valor/1/8.png,Sim,Sim,Sim,multiple_choice,Nenhum,Conteúdo preservado,Nenhuma,"PMP - BOOK 8 — Fundamentos de gerenciamento de projetos e entrega de valor, sessão 1.",alta
fund-s1-q9,1. Fundamentos de gerenciamento de projetos e entrega de valor/1/Gabarito - 1.1.txt,1. Fundamentos de gerenciamento de projetos e entrega de valor/1/9.png,Sim,Sim,Sim,multiple_choice,Nenhum,Conteúdo preservado,Nenhuma,"PMP - BOOK 8 — Fundamentos de gerenciamento de projetos e entrega de valor, sessão 1.",alta
fund-s2-q1,1. Fundamentos de gerenciamento de projetos e entrega de valor/2/Gabarito - 1.2.txt,1. Fundamentos de gerenciamento de projetos e entrega de valor/2/1.png,Sim,Sim,Sim,multiple_selection,Nenhum,Conteúdo preservado,Nenhuma,"PMP - BOOK 8 — Fundamentos de gerenciamento de projetos e entrega de valor, sessão 2.",alta
fund-s2-q2,1. Fundamentos de gerenciamento de projetos e entrega de valor/2/Gabarito - 1.2.txt,,Sim,Sim,Sim,multiple_choice,Nenhum,Conteúdo preservado,Nenhuma,"PMP - BOOK 8 — Fundamentos de gerenciamento de projetos e entrega de valor, sessão 2.",alta
fund-s2-q3,1. Fundamentos de gerenciamento de projetos e entrega de valor/2/Gabarito - 1.2.txt,1. Fundamentos de gerenciamento de projetos e entrega de valor/2/3.png,Sim,Sim,Sim,multiple_choice,Nenhum,Conteúdo preservado,Nenhuma,"PMP - BOOK 8 — Fundamentos de gerenciamento de projetos e entrega de valor, sessão 2.",alta
fund-s2-q4,1. Fundamentos de gerenciamento de projetos e entrega de valor/2/Gabarito - 1.2.txt,1. Fundamentos de gerenciamento de projetos e entrega de valor/2/4.png,Sim,Sim,Sim,multiple_choice,Nenhum,Conteúdo preservado,Nenhuma,"PMP - BOOK 8 — Fundamentos de gerenciamento de projetos e entrega de valor, sessão 2.",alta
fund-s2-q5,1. Fundamentos de gerenciamento de projetos e entrega de valor/2/Gabarito - 1.2.txt,1. Fundamentos de gerenciamento de projetos e entrega de valor/2/5.png,Sim,Sim,Sim,multiple_choice,Nenhum,Conteúdo preservado,Nenhuma,"PMP - BOOK 8 — Fundamentos de gerenciamento de projetos e entrega de valor, sessão 2.",alta
fund-s2-q6,1. Fundamentos de gerenciamento de projetos e entrega de valor/2/Gabarito - 1.2.txt,1. Fundamentos de gerenciamento de projetos e entrega de valor/2/6.png,Sim,Sim,Sim,multiple_choice,Nenhum,Conteúdo preservado,Nenhuma,"PMP - BOOK 8 — Fundamentos de gerenciamento de projetos e entrega de valor, sessão 2.",alta
fund-s2-q7,1. Fundamentos de gerenciamento de projetos e entrega de valor/2/Gabarito - 1.2.txt,1. Fundamentos de gerenciamento de projetos e entrega de valor/2/7.png,Sim,Sim,Sim,multiple_choice,Nenhum,Conteúdo preservado,Nenhuma,"PMP - BOOK 8 — Fundamentos de gerenciamento de projetos e entrega de valor, sessão 2.",alta
fund-s2-q8,1. Fundamentos de gerenciamento de projetos e entrega de valor/2/Gabarito - 1.2.txt,1. Fundamentos de gerenciamento de projetos e entrega de valor/2/8.png,Sim,Sim,Sim,multiple_choice,Nenhum,Conteúdo preservado,Nenhuma,"PMP - BOOK 8 — Fundamentos de gerenciamento de projetos e entrega de valor, sessão 2.",alta
fund-s3-q1,1. Fundamentos de gerenciamento de projetos e entrega de valor/3/Gabarito - 1.3.txt,1. Fundamentos de gerenciamento de projetos e entrega de valor/3/1.png,Sim,Sim,Sim,multiple_choice,Nenhum,Conteúdo preservado,Nenhuma,"PMP - BOOK 8 — Fundamentos de gerenciamento de projetos e entrega de valor, sessão 3.",alta
fund-s3-q2,1. Fundamentos de gerenciamento de projetos e entrega de valor/3/Gabarito - 1.3.txt,1. Fundamentos de gerenciamento de projetos e entrega de valor/3/2.png,Sim,Sim,Sim,multiple_choice,Nenhum,Conteúdo preservado,Nenhuma,"PMP - BOOK 8 — Fundamentos de gerenciamento de projetos e entrega de valor, sessão 3.",alta
fund-s3-q3,1. Fundamentos de gerenciamento de projetos e entrega de valor/3/Gabarito - 1.3.txt,1. Fundamentos de gerenciamento de projetos e entrega de valor/3/3.png,Sim,Sim,Sim,multiple_choice,Nenhum,Conteúdo preservado,Nenhuma,"PMP - BOOK 8 — Fundamentos de gerenciamento de projetos e entrega de valor, sessão 3.",alta
fund-s3-q4,1. Fundamentos de gerenciamento de projetos e entrega de valor/3/Gabarito - 1.3.txt,1. Fundamentos de gerenciamento de projetos e entrega de valor/3/4.png,Sim,Sim,Sim,multiple_choice,Nenhum,Conteúdo preservado,Nenhuma,"PMP - BOOK 8 — Fundamentos de gerenciamento de projetos e entrega de valor, sessão 3.",alta
fund-s3-q5,1. Fundamentos de gerenciamento de projetos e entrega de valor/3/Gabarito - 1.3.txt,1. Fundamentos de gerenciamento de projetos e entrega de valor/3/5.png,Sim,Sim,Sim,multiple_choice,Nenhum,Conteúdo preservado,Nenhuma,"PMP - BOOK 8 — Fundamentos de gerenciamento de projetos e entrega de valor, sessão 3.",alta
fund-s3-q6,1. Fundamentos de gerenciamento de projetos e entrega de valor/3/Gabarito - 1.3.txt,1. Fundamentos de gerenciamento de projetos e entrega de valor/3/6.png,Sim,Sim,Sim,multiple_choice,Nenhum,Conteúdo preservado,Nenhuma,"PMP - BOOK 8 — Fundamentos de gerenciamento de projetos e entrega de valor, sessão 3.",alta
fund-s3-q7,1. Fundamentos de gerenciamento de projetos e entrega de valor/3/Gabarito - 1.3.txt,1. Fundamentos de gerenciamento de projetos e entrega de valor/3/7.png,Sim,Sim,Sim,multiple_choice,Nenhum,Conteúdo preservado,Nenhuma,"PMP - BOOK 8 — Fundamentos de gerenciamento de projetos e entrega de valor, sessão 3.",alta
fund-s3-q8,1. Fundamentos de gerenciamento de projetos e entrega de valor/3/Gabarito - 1.3.txt,1. Fundamentos de gerenciamento de projetos e entrega de valor/3/8.png,Sim,Sim,Sim,multiple_choice,Nenhum,Conteúdo preservado,Nenhuma,"PMP - BOOK 8 — Fundamentos de gerenciamento de projetos e entrega de valor, sessão 3.",alta
fund-s3-q9,1. Fundamentos de gerenciamento de projetos e entrega de valor/3/Gabarito - 1.3.txt,1. Fundamentos de gerenciamento de projetos e entrega de valor/3/9.png,Sim,Sim,Sim,multiple_choice,Nenhum,Conteúdo preservado,Nenhuma,"PMP - BOOK 8 — Fundamentos de gerenciamento de projetos e entrega de valor, sessão 3.",alta
fund-s4-q1,1. Fundamentos de gerenciamento de projetos e entrega de valor/4/Gabarito - 1.4.txt,1. Fundamentos de gerenciamento de projetos e entrega de valor/4/1.png,Sim,Sim,Sim,multiple_choice,Nenhum,Conteúdo preservado,Nenhuma,"PMP - BOOK 8 — Fundamentos de gerenciamento de projetos e entrega de valor, sessão 4.",alta
fund-s4-q2,1. Fundamentos de gerenciamento de projetos e entrega de valor/4/Gabarito - 1.4.txt,1. Fundamentos de gerenciamento de projetos e entrega de valor/4/2.png,Sim,Sim,Sim,multiple_choice,Nenhum,Conteúdo preservado,Nenhuma,"PMP - BOOK 8 — Fundamentos de gerenciamento de projetos e entrega de valor, sessão 4.",alta
fund-s4-q3,1. Fundamentos de gerenciamento de projetos e entrega de valor/4/Gabarito - 1.4.txt,1. Fundamentos de gerenciamento de projetos e entrega de valor/4/3.png,Sim,Sim,Sim,multiple_choice,Nenhum,Conteúdo preservado,Nenhuma,"PMP - BOOK 8 — Fundamentos de gerenciamento de projetos e entrega de valor, sessão 4.",alta
fund-s4-q4,1. Fundamentos de gerenciamento de projetos e entrega de valor/4/Gabarito - 1.4.txt,1. Fundamentos de gerenciamento de projetos e entrega de valor/4/4.png,Sim,Sim,Sim,multiple_choice,Nenhum,Conteúdo preservado,Nenhuma,"PMP - BOOK 8 — Fundamentos de gerenciamento de projetos e entrega de valor, sessão 4.",alta
fund-s4-q5,1. Fundamentos de gerenciamento de projetos e entrega de valor/4/Gabarito - 1.4.txt,1. Fundamentos de gerenciamento de projetos e entrega de valor/4/5.png,Sim,Sim,Sim,multiple_choice,Nenhum,Conteúdo preservado,Nenhuma,"PMP - BOOK 8 — Fundamentos de gerenciamento de projetos e entrega de valor, sessão 4.",alta
fund-s4-q6,1. Fundamentos de gerenciamento de projetos e entrega de valor/4/Gabarito - 1.4.txt,1. Fundamentos de gerenciamento de projetos e entrega de valor/4/6.png,Sim,Sim,Sim,multiple_choice,Nenhum,Conteúdo preservado,Nenhuma,"PMP - BOOK 8 — Fundamentos de gerenciamento de projetos e entrega de valor, sessão 4.",alta
fund-s4-q7,1. Fundamentos de gerenciamento de projetos e entrega de valor/4/Gabarito - 1.4.txt,1. Fundamentos de gerenciamento de projetos e entrega de valor/4/7.png,Sim,Sim,Sim,multiple_choice,Nenhum,Conteúdo preservado,Nenhuma,"PMP - BOOK 8 — Fundamentos de gerenciamento de projetos e entrega de valor, sessão 4.",alta
fund-s4-q8,1. Fundamentos de gerenciamento de projetos e entrega de valor/4/Gabarito - 1.4.txt,1. Fundamentos de gerenciamento de projetos e entrega de valor/4/8.png,Sim,Sim,Sim,multiple_choice,Nenhum,Conteúdo preservado,Nenhuma,"PMP - BOOK 8 — Fundamentos de gerenciamento de projetos e entrega de valor, sessão 4.",alta
fund-s5-q1,1. Fundamentos de gerenciamento de projetos e entrega de valor/5/Gabarito - 1.5.txt,1. Fundamentos de gerenciamento de projetos e entrega de valor/5/1.png,Sim,Sim,Sim,multiple_choice,Nenhum,Conteúdo preservado,Nenhuma,"PMP - BOOK 8 — Fundamentos de gerenciamento de projetos e entrega de valor, sessão 5.",alta
fund-s5-q2,1. Fundamentos de gerenciamento de projetos e entrega de valor/5/Gabarito - 1.5.txt,1. Fundamentos de gerenciamento de projetos e entrega de valor/5/2.png,Sim,Sim,Sim,multiple_selection,Nenhum,Conteúdo preservado,Nenhuma,"PMP - BOOK 8 — Fundamentos de gerenciamento de projetos e entrega de valor, sessão 5.",alta
fund-s5-q3,1. Fundamentos de gerenciamento de projetos e entrega de valor/5/Gabarito - 1.5.txt,1. Fundamentos de gerenciamento de projetos e entrega de valor/5/3.png,Sim,Sim,Sim,multiple_selection,Nenhum,Conteúdo preservado,Nenhuma,"PMP - BOOK 8 — Fundamentos de gerenciamento de projetos e entrega de valor, sessão 5.",alta
fund-s5-q4,1. Fundamentos de gerenciamento de projetos e entrega de valor/5/Gabarito - 1.5.txt,1. Fundamentos de gerenciamento de projetos e entrega de valor/5/4.png,Sim,Sim,Sim,multiple_choice,Nenhum,Conteúdo preservado,Nenhuma,"PMP - BOOK 8 — Fundamentos de gerenciamento de projetos e entrega de valor, sessão 5.",alta
fund-s5-q5,1. Fundamentos de gerenciamento de projetos e entrega de valor/5/Gabarito - 1.5.txt,1. Fundamentos de gerenciamento de projetos e entrega de valor/5/5.png,Sim,Sim,Sim,multiple_choice,Nenhum,Conteúdo preservado,Nenhuma,"PMP - BOOK 8 — Fundamentos de gerenciamento de projetos e entrega de valor, sessão 5.",alta
fund-s5-q6,1. Fundamentos de gerenciamento de projetos e entrega de valor/5/Gabarito - 1.5.txt,1. Fundamentos de gerenciamento de projetos e entrega de valor/5/6.png,Sim,Sim,Sim,multiple_choice,Nenhum,Conteúdo preservado,Nenhuma,"PMP - BOOK 8 — Fundamentos de gerenciamento de projetos e entrega de valor, sessão 5.",alta
fund-s5-q7,1. Fundamentos de gerenciamento de projetos e entrega de valor/5/Gabarito - 1.5.txt,1. Fundamentos de gerenciamento de projetos e entrega de valor/5/7.png,Sim,Sim,Sim,multiple_choice,Nenhum,Conteúdo preservado,Nenhuma,"PMP - BOOK 8 — Fundamentos de gerenciamento de projetos e entrega de valor, sessão 5.",alta
fund-s5-q8,1. Fundamentos de gerenciamento de projetos e entrega de valor/5/Gabarito - 1.5.txt,1. Fundamentos de gerenciamento de projetos e entrega de valor/5/8.png,Sim,Sim,Sim,multiple_choice,Nenhum,Conteúdo preservado,Nenhuma,"PMP - BOOK 8 — Fundamentos de gerenciamento de projetos e entrega de valor, sessão 5.",alta
fund-s6-q1,1. Fundamentos de gerenciamento de projetos e entrega de valor/6/Gabarito - 1.6.txt,1. Fundamentos de gerenciamento de projetos e entrega de valor/6/1.png,Sim,Sim,Sim,multiple_choice,Nenhum,Conteúdo preservado,Nenhuma,"PMP - BOOK 8 — Fundamentos de gerenciamento de projetos e entrega de valor, sessão 6.",alta
fund-s6-q2,1. Fundamentos de gerenciamento de projetos e entrega de valor/6/Gabarito - 1.6.txt,1. Fundamentos de gerenciamento de projetos e entrega de valor/6/2.png,Sim,Sim,Sim,multiple_choice,Nenhum,Conteúdo preservado,Nenhuma,"PMP - BOOK 8 — Fundamentos de gerenciamento de projetos e entrega de valor, sessão 6.",alta
fund-s6-q3,1. Fundamentos de gerenciamento de projetos e entrega de valor/6/Gabarito - 1.6.txt,1. Fundamentos de gerenciamento de projetos e entrega de valor/6/3.png,Sim,Sim,Sim,multiple_choice,Nenhum,Conteúdo preservado,Nenhuma,"PMP - BOOK 8 — Fundamentos de gerenciamento de projetos e entrega de valor, sessão 6.",alta
fund-s6-q4,1. Fundamentos de gerenciamento de projetos e entrega de valor/6/Gabarito - 1.6.txt,1. Fundamentos de gerenciamento de projetos e entrega de valor/6/4.png,Sim,Sim,Sim,multiple_choice,Nenhum,Conteúdo preservado,Nenhuma,"PMP - BOOK 8 — Fundamentos de gerenciamento de projetos e entrega de valor, sessão 6.",alta
fund-s6-q5,1. Fundamentos de gerenciamento de projetos e entrega de valor/6/Gabarito - 1.6.txt,1. Fundamentos de gerenciamento de projetos e entrega de valor/6/5.png,Sim,Sim,Sim,multiple_choice,Nenhum,Conteúdo preservado,Nenhuma,"PMP - BOOK 8 — Fundamentos de gerenciamento de projetos e entrega de valor, sessão 6.",alta
fund-s6-q6,1. Fundamentos de gerenciamento de projetos e entrega de valor/6/Gabarito - 1.6.txt,1. Fundamentos de gerenciamento de projetos e entrega de valor/6/6.png,Sim,Sim,Sim,multiple_choice,Nenhum,Conteúdo preservado,Nenhuma,"PMP - BOOK 8 — Fundamentos de gerenciamento de projetos e entrega de valor, sessão 6.",alta
fund-s6-q7,1. Fundamentos de gerenciamento de projetos e entrega de valor/6/Gabarito - 1.6.txt,1. Fundamentos de gerenciamento de projetos e entrega de valor/6/7.png,Sim,Sim,Sim,multiple_choice,Nenhum,Conteúdo preservado,Nenhuma,"PMP - BOOK 8 — Fundamentos de gerenciamento de projetos e entrega de valor, sessão 6.",alta
fund-s6-q8,1. Fundamentos de gerenciamento de projetos e entrega de valor/6/Gabarito - 1.6.txt,1. Fundamentos de gerenciamento de projetos e entrega de valor/6/8.png,Sim,Sim,Sim,multiple_choice,Nenhum,Conteúdo preservado,Nenhuma,"PMP - BOOK 8 — Fundamentos de gerenciamento de projetos e entrega de valor, sessão 6.",alta
fund-s7-q1,1. Fundamentos de gerenciamento de projetos e entrega de valor/7/Gabarito - 1.7.txt,1. Fundamentos de gerenciamento de projetos e entrega de valor/7/1.png,Sim,Sim,Sim,multiple_selection,Nenhum,Conteúdo preservado,Nenhuma,"PMP - BOOK 8 — Fundamentos de gerenciamento de projetos e entrega de valor, sessão 7.",alta
fund-s7-q2,1. Fundamentos de gerenciamento de projetos e entrega de valor/7/Gabarito - 1.7.txt,1. Fundamentos de gerenciamento de projetos e entrega de valor/7/2.png,Sim,Sim,Sim,multiple_selection,Nenhum,Conteúdo preservado,Nenhuma,"PMP - BOOK 8 — Fundamentos de gerenciamento de projetos e entrega de valor, sessão 7.",alta
fund-s7-q3,1. Fundamentos de gerenciamento de projetos e entrega de valor/7/Gabarito - 1.7.txt,1. Fundamentos de gerenciamento de projetos e entrega de valor/7/3.png,Sim,Sim,Sim,multiple_choice,Nenhum,Conteúdo preservado,Nenhuma,"PMP - BOOK 8 — Fundamentos de gerenciamento de projetos e entrega de valor, sessão 7.",alta
fund-s7-q4,1. Fundamentos de gerenciamento de projetos e entrega de valor/7/Gabarito - 1.7.txt,1. Fundamentos de gerenciamento de projetos e entrega de valor/7/4.png,Sim,Sim,Sim,multiple_choice,Nenhum,Conteúdo preservado,Nenhuma,"PMP - BOOK 8 — Fundamentos de gerenciamento de projetos e entrega de valor, sessão 7.",alta
fund-s7-q5,1. Fundamentos de gerenciamento de projetos e entrega de valor/7/Gabarito - 1.7.txt,1. Fundamentos de gerenciamento de projetos e entrega de valor/7/5.png,Sim,Sim,Sim,multiple_choice,Nenhum,Conteúdo preservado,Nenhuma,"PMP - BOOK 8 — Fundamentos de gerenciamento de projetos e entrega de valor, sessão 7.",alta
fund-s7-q6,1. Fundamentos de gerenciamento de projetos e entrega de valor/7/Gabarito - 1.7.txt,1. Fundamentos de gerenciamento de projetos e entrega de valor/7/6.png,Sim,Sim,Sim,multiple_choice,Nenhum,Conteúdo preservado,Nenhuma,"PMP - BOOK 8 — Fundamentos de gerenciamento de projetos e entrega de valor, sessão 7.",alta
fund-s7-q7,1. Fundamentos de gerenciamento de projetos e entrega de valor/7/Gabarito - 1.7.txt,1. Fundamentos de gerenciamento de projetos e entrega de valor/7/7.png,Sim,Sim,Sim,multiple_choice,Nenhum,Conteúdo preservado,Nenhuma,"PMP - BOOK 8 — Fundamentos de gerenciamento de projetos e entrega de valor, sessão 7.",alta
fund-s7-q8,1. Fundamentos de gerenciamento de projetos e entrega de valor/7/Gabarito - 1.7.txt,1. Fundamentos de gerenciamento de projetos e entrega de valor/7/8.png,Sim,Sim,Sim,multiple_choice,Nenhum,Conteúdo preservado,Nenhuma,"PMP - BOOK 8 — Fundamentos de gerenciamento de projetos e entrega de valor, sessão 7.",alta
fund-s8-q1,1. Fundamentos de gerenciamento de projetos e entrega de valor/8/Gabarito - 1.8.txt,1. Fundamentos de gerenciamento de projetos e entrega de valor/8/1.png,Sim,Sim,Sim,multiple_choice,Nenhum,Conteúdo preservado,Nenhuma,"PMP - BOOK 8 — Fundamentos de gerenciamento de projetos e entrega de valor, sessão 8.",alta
fund-s8-q3,1. Fundamentos de gerenciamento de projetos e entrega de valor/8/Gabarito - 1.8.txt,1. Fundamentos de gerenciamento de projetos e entrega de valor/8/3.png,Sim,Sim,Sim,multiple_choice,Nenhum,Conteúdo preservado,Nenhuma,"PMP - BOOK 8 — Fundamentos de gerenciamento de projetos e entrega de valor, sessão 8.",alta
fund-s8-q4,1. Fundamentos de gerenciamento de projetos e entrega de valor/8/Gabarito - 1.8.txt,1. Fundamentos de gerenciamento de projetos e entrega de valor/8/4.png,Sim,Sim,Sim,multiple_choice,Nenhum,Conteúdo preservado,Nenhuma,"PMP - BOOK 8 — Fundamentos de gerenciamento de projetos e entrega de valor, sessão 8.",alta
fund-s8-q5,1. Fundamentos de gerenciamento de projetos e entrega de valor/8/Gabarito - 1.8.txt,1. Fundamentos de gerenciamento de projetos e entrega de valor/8/5.png,Sim,Sim,Sim,multiple_choice,Nenhum,Conteúdo preservado,Nenhuma,"PMP - BOOK 8 — Fundamentos de gerenciamento de projetos e entrega de valor, sessão 8.",alta
fund-s8-q6,1. Fundamentos de gerenciamento de projetos e entrega de valor/8/Gabarito - 1.8.txt,1. Fundamentos de gerenciamento de projetos e entrega de valor/8/6.png,Sim,Sim,Sim,multiple_choice,Nenhum,Conteúdo preservado,Nenhuma,"PMP - BOOK 8 — Fundamentos de gerenciamento de projetos e entrega de valor, sessão 8.",alta
fund-s8-q7,1. Fundamentos de gerenciamento de projetos e entrega de valor/8/Gabarito - 1.8.txt,1. Fundamentos de gerenciamento de projetos e entrega de valor/8/7.png,Sim,Sim,Sim,multiple_choice,Nenhum,Conteúdo preservado,Nenhuma,"PMP - BOOK 8 — Fundamentos de gerenciamento de projetos e entrega de valor, sessão 8.",alta
fund-s8-q8,1. Fundamentos de gerenciamento de projetos e entrega de valor/8/Gabarito - 1.8.txt,1. Fundamentos de gerenciamento de projetos e entrega de valor/8/8.png,Sim,Sim,Sim,multiple_choice,Nenhum,Conteúdo preservado,Nenhuma,"PMP - BOOK 8 — Fundamentos de gerenciamento de projetos e entrega de valor, sessão 8.",alta
fund-s8-q9,1. Fundamentos de gerenciamento de projetos e entrega de valor/8/Gabarito - 1.8.txt,1. Fundamentos de gerenciamento de projetos e entrega de valor/8/9.png,Sim,Sim,Sim,multiple_choice,Nenhum,Conteúdo preservado,Nenhuma,"PMP - BOOK 8 — Fundamentos de gerenciamento de projetos e entrega de valor, sessão 8.",alta
fund-s9-q1,1. Fundamentos de gerenciamento de projetos e entrega de valor/9/Gabarito - 1.9.txt,1. Fundamentos de gerenciamento de projetos e entrega de valor/9/1.png,Sim,Sim,Sim,multiple_choice,Nenhum,Conteúdo preservado,Nenhuma,"PMP - BOOK 8 — Fundamentos de gerenciamento de projetos e entrega de valor, sessão 9.",alta
fund-s9-q2,1. Fundamentos de gerenciamento de projetos e entrega de valor/9/Gabarito - 1.9.txt,1. Fundamentos de gerenciamento de projetos e entrega de valor/9/2.png,Sim,Sim,Sim,multiple_choice,Nenhum,Conteúdo preservado,Nenhuma,"PMP - BOOK 8 — Fundamentos de gerenciamento de projetos e entrega de valor, sessão 9.",alta
fund-s9-q3,1. Fundamentos de gerenciamento de projetos e entrega de valor/9/Gabarito - 1.9.txt,1. Fundamentos de gerenciamento de projetos e entrega de valor/9/3.png,Sim,Sim,Sim,multiple_choice,Nenhum,Conteúdo preservado,Nenhuma,"PMP - BOOK 8 — Fundamentos de gerenciamento de projetos e entrega de valor, sessão 9.",alta
fund-s9-q4,1. Fundamentos de gerenciamento de projetos e entrega de valor/9/Gabarito - 1.9.txt,1. Fundamentos de gerenciamento de projetos e entrega de valor/9/4.png,Sim,Sim,Sim,multiple_choice,Nenhum,Conteúdo preservado,Nenhuma,"PMP - BOOK 8 — Fundamentos de gerenciamento de projetos e entrega de valor, sessão 9.",alta
fund-s9-q5,1. Fundamentos de gerenciamento de projetos e entrega de valor/9/Gabarito - 1.9.txt,1. Fundamentos de gerenciamento de projetos e entrega de valor/9/5.png,Sim,Sim,Sim,multiple_choice,Nenhum,Conteúdo preservado,Nenhuma,"PMP - BOOK 8 — Fundamentos de gerenciamento de projetos e entrega de valor, sessão 9.",alta
fund-s9-q6,1. Fundamentos de gerenciamento de projetos e entrega de valor/9/Gabarito - 1.9.txt,1. Fundamentos de gerenciamento de projetos e entrega de valor/9/6.png,Sim,Sim,Sim,multiple_choice,Nenhum,Conteúdo preservado,Nenhuma,"PMP - BOOK 8 — Fundamentos de gerenciamento de projetos e entrega de valor, sessão 9.",alta
fund-s9-q7,1. Fundamentos de gerenciamento de projetos e entrega de valor/9/Gabarito - 1.9.txt,1. Fundamentos de gerenciamento de projetos e entrega de valor/9/7.png,Sim,Sim,Sim,multiple_choice,Nenhum,Conteúdo preservado,Nenhuma,"PMP - BOOK 8 — Fundamentos de gerenciamento de projetos e entrega de valor, sessão 9.",alta
fund-s9-q8,1. Fundamentos de gerenciamento de projetos e entrega de valor/9/Gabarito - 1.9.txt,1. Fundamentos de gerenciamento de projetos e entrega de valor/9/8.png,Sim,Sim,Sim,multiple_choice,Nenhum,Conteúdo preservado,Nenhuma,"PMP - BOOK 8 — Fundamentos de gerenciamento de projetos e entrega de valor, sessão 9.",alta
fund-s9-q9,1. Fundamentos de gerenciamento de projetos e entrega de valor/9/Gabarito - 1.9.txt,1. Fundamentos de gerenciamento de projetos e entrega de valor/9/9.png,Sim,Sim,Sim,multiple_choice,Nenhum,Conteúdo preservado,Nenhuma,"PMP - BOOK 8 — Fundamentos de gerenciamento de projetos e entrega de valor, sessão 9.",alta
fund-s10-q1,1. Fundamentos de gerenciamento de projetos e entrega de valor/10/Gabarito - 1.10.txt,1. Fundamentos de gerenciamento de projetos e entrega de valor/10/1.png,Sim,Sim,Sim,multiple_choice,Nenhum,Conteúdo preservado,Nenhuma,"PMP - BOOK 8 — Fundamentos de gerenciamento de projetos e entrega de valor, sessão 10.",alta
fund-s10-q2,1. Fundamentos de gerenciamento de projetos e entrega de valor/10/Gabarito - 1.10.txt,1. Fundamentos de gerenciamento de projetos e entrega de valor/10/2.png,Sim,Sim,Sim,multiple_choice,Nenhum,Conteúdo preservado,Nenhuma,"PMP - BOOK 8 — Fundamentos de gerenciamento de projetos e entrega de valor, sessão 10.",alta
fund-s10-q3,1. Fundamentos de gerenciamento de projetos e entrega de valor/10/Gabarito - 1.10.txt,1. Fundamentos de gerenciamento de projetos e entrega de valor/10/3.png,Sim,Sim,Sim,multiple_choice,Nenhum,Conteúdo preservado,Nenhuma,"PMP - BOOK 8 — Fundamentos de gerenciamento de projetos e entrega de valor, sessão 10.",alta
fund-s10-q4,1. Fundamentos de gerenciamento de projetos e entrega de valor/10/Gabarito - 1.10.txt,1. Fundamentos de gerenciamento de projetos e entrega de valor/10/4.png,Sim,Sim,Sim,multiple_selection,Nenhum,Conteúdo preservado,Nenhuma,"PMP - BOOK 8 — Fundamentos de gerenciamento de projetos e entrega de valor, sessão 10.",alta
fund-s10-q5,1. Fundamentos de gerenciamento de projetos e entrega de valor/10/Gabarito - 1.10.txt,1. Fundamentos de gerenciamento de projetos e entrega de valor/10/5.png,Sim,Sim,Sim,multiple_choice,Nenhum,Conteúdo preservado,Nenhuma,"PMP - BOOK 8 — Fundamentos de gerenciamento de projetos e entrega de valor, sessão 10.",alta
fund-s10-q6,1. Fundamentos de gerenciamento de projetos e entrega de valor/10/Gabarito - 1.10.txt,1. Fundamentos de gerenciamento de projetos e entrega de valor/10/6.png,Sim,Sim,Sim,multiple_choice,Nenhum,Conteúdo preservado,Nenhuma,"PMP - BOOK 8 — Fundamentos de gerenciamento de projetos e entrega de valor, sessão 10.",alta
fund-s10-q7,1. Fundamentos de gerenciamento de projetos e entrega de valor/10/Gabarito - 1.10.txt,1. Fundamentos de gerenciamento de projetos e entrega de valor/10/7.png,Sim,Sim,Sim,multiple_choice,Nenhum,Conteúdo preservado,Nenhuma,"PMP - BOOK 8 — Fundamentos de gerenciamento de projetos e entrega de valor, sessão 10.",alta
fund-s10-q8,1. Fundamentos de gerenciamento de projetos e entrega de valor/10/Gabarito - 1.10.txt,1. Fundamentos de gerenciamento de projetos e entrega de valor/10/8.png,Sim,Sim,Sim,multiple_selection,Nenhum,Conteúdo preservado,Nenhuma,"PMP - BOOK 8 — Fundamentos de gerenciamento de projetos e entrega de valor, sessão 10.",alta
fund-s11-q1,1. Fundamentos de gerenciamento de projetos e entrega de valor/11/Gabarito - 1.11.txt,1. Fundamentos de gerenciamento de projetos e entrega de valor/11/1.png,Sim,Sim,Sim,multiple_choice,Nenhum,Conteúdo preservado,Nenhuma,"PMP - BOOK 8 — Fundamentos de gerenciamento de projetos e entrega de valor, sessão 11.",alta
fund-s11-q2,1. Fundamentos de gerenciamento de projetos e entrega de valor/11/Gabarito - 1.11.txt,1. Fundamentos de gerenciamento de projetos e entrega de valor/11/2.png,Sim,Sim,Sim,multiple_choice,Nenhum,Conteúdo preservado,Nenhuma,"PMP - BOOK 8 — Fundamentos de gerenciamento de projetos e entrega de valor, sessão 11.",alta
fund-s11-q3,1. Fundamentos de gerenciamento de projetos e entrega de valor/11/Gabarito - 1.11.txt,1. Fundamentos de gerenciamento de projetos e entrega de valor/11/3.png,Sim,Sim,Sim,multiple_selection,Nenhum,Conteúdo preservado,Nenhuma,"PMP - BOOK 8 — Fundamentos de gerenciamento de projetos e entrega de valor, sessão 11.",alta
fund-s11-q4,1. Fundamentos de gerenciamento de projetos e entrega de valor/11/Gabarito - 1.11.txt,1. Fundamentos de gerenciamento de projetos e entrega de valor/11/4.png,Sim,Sim,Sim,multiple_selection,Nenhum,Conteúdo preservado,Nenhuma,"PMP - BOOK 8 — Fundamentos de gerenciamento de projetos e entrega de valor, sessão 11.",alta
fund-s11-q5,1. Fundamentos de gerenciamento de projetos e entrega de valor/11/Gabarito - 1.11.txt,1. Fundamentos de gerenciamento de projetos e entrega de valor/11/5.png,Sim,Sim,Sim,multiple_choice,Nenhum,Conteúdo preservado,Nenhuma,"PMP - BOOK 8 — Fundamentos de gerenciamento de projetos e entrega de valor, sessão 11.",alta
fund-s11-q6,1. Fundamentos de gerenciamento de projetos e entrega de valor/11/Gabarito - 1.11.txt,1. Fundamentos de gerenciamento de projetos e entrega de valor/11/6.png,Sim,Sim,Sim,multiple_choice,Nenhum,Conteúdo preservado,Nenhuma,"PMP - BOOK 8 — Fundamentos de gerenciamento de projetos e entrega de valor, sessão 11.",alta
fund-s11-q7,1. Fundamentos de gerenciamento de projetos e entrega de valor/11/Gabarito - 1.11.txt,1. Fundamentos de gerenciamento de projetos e entrega de valor/11/7.png,Sim,Sim,Sim,multiple_choice,Nenhum,Conteúdo preservado,Nenhuma,"PMP - BOOK 8 — Fundamentos de gerenciamento de projetos e entrega de valor, sessão 11.",alta
fund-s11-q8,1. Fundamentos de gerenciamento de projetos e entrega de valor/11/Gabarito - 1.11.txt,1. Fundamentos de gerenciamento de projetos e entrega de valor/11/8.png,Sim,Sim,Sim,multiple_choice,Nenhum,Conteúdo preservado,Nenhuma,"PMP - BOOK 8 — Fundamentos de gerenciamento de projetos e entrega de valor, sessão 11.",alta
fund-s12-q1,1. Fundamentos de gerenciamento de projetos e entrega de valor/12/Gabarito - 1.12.txt,1. Fundamentos de gerenciamento de projetos e entrega de valor/12/1.png,Sim,Sim,Sim,multiple_choice,Nenhum,Conteúdo preservado,Nenhuma,"PMP - BOOK 8 — Fundamentos de gerenciamento de projetos e entrega de valor, sessão 12.",alta
fund-s12-q2,1. Fundamentos de gerenciamento de projetos e entrega de valor/12/Gabarito - 1.12.txt,1. Fundamentos de gerenciamento de projetos e entrega de valor/12/2.png,Sim,Sim,Sim,multiple_choice,Nenhum,Conteúdo preservado,Nenhuma,"PMP - BOOK 8 — Fundamentos de gerenciamento de projetos e entrega de valor, sessão 12.",alta
fund-s12-q3,1. Fundamentos de gerenciamento de projetos e entrega de valor/12/Gabarito - 1.12.txt,1. Fundamentos de gerenciamento de projetos e entrega de valor/12/3.png,Sim,Sim,Sim,multiple_choice,Nenhum,Conteúdo preservado,Nenhuma,"PMP - BOOK 8 — Fundamentos de gerenciamento de projetos e entrega de valor, sessão 12.",alta
fund-s12-q4,1. Fundamentos de gerenciamento de projetos e entrega de valor/12/Gabarito - 1.12.txt,1. Fundamentos de gerenciamento de projetos e entrega de valor/12/4.png,Sim,Sim,Sim,multiple_choice,Nenhum,Conteúdo preservado,Nenhuma,"PMP - BOOK 8 — Fundamentos de gerenciamento de projetos e entrega de valor, sessão 12.",alta
fund-s12-q5,1. Fundamentos de gerenciamento de projetos e entrega de valor/12/Gabarito - 1.12.txt,1. Fundamentos de gerenciamento de projetos e entrega de valor/12/5.png,Sim,Sim,Sim,multiple_choice,Nenhum,Conteúdo preservado,Nenhuma,"PMP - BOOK 8 — Fundamentos de gerenciamento de projetos e entrega de valor, sessão 12.",alta
fund-s12-q6,1. Fundamentos de gerenciamento de projetos e entrega de valor/12/Gabarito - 1.12.txt,1. Fundamentos de gerenciamento de projetos e entrega de valor/12/6.png,Sim,Sim,Sim,multiple_selection,Nenhum,Conteúdo preservado,Nenhuma,"PMP - BOOK 8 — Fundamentos de gerenciamento de projetos e entrega de valor, sessão 12.",alta
fund-s12-q7,1. Fundamentos de gerenciamento de projetos e entrega de valor/12/Gabarito - 1.12.txt,1. Fundamentos de gerenciamento de projetos e entrega de valor/12/7.png,Sim,Sim,Sim,multiple_choice,Nenhum,Conteúdo preservado,Nenhuma,"PMP - BOOK 8 — Fundamentos de gerenciamento de projetos e entrega de valor, sessão 12.",alta
fund-s12-q8,1. Fundamentos de gerenciamento de projetos e entrega de valor/12/Gabarito - 1.12.txt,1. Fundamentos de gerenciamento de projetos e entrega de valor/12/8.png,Sim,Sim,Sim,multiple_choice,Nenhum,Conteúdo preservado,Nenhuma,"PMP - BOOK 8 — Fundamentos de gerenciamento de projetos e entrega de valor, sessão 12.",alta
fund-s12-q9,1. Fundamentos de gerenciamento de projetos e entrega de valor/12/Gabarito - 1.12.txt,1. Fundamentos de gerenciamento de projetos e entrega de valor/12/9.png,Sim,Sim,Sim,multiple_choice,Nenhum,Conteúdo preservado,Nenhuma,"PMP - BOOK 8 — Fundamentos de gerenciamento de projetos e entrega de valor, sessão 12.",alta
fund-s13-q1,1. Fundamentos de gerenciamento de projetos e entrega de valor/13/Gabarito - 1.13.txt,1. Fundamentos de gerenciamento de projetos e entrega de valor/13/1.png,Sim,Sim,Sim,multiple_choice,Nenhum,Conteúdo preservado,Nenhuma,"PMP - BOOK 8 — Fundamentos de gerenciamento de projetos e entrega de valor, sessão 13.",alta
fund-s13-q2,1. Fundamentos de gerenciamento de projetos e entrega de valor/13/Gabarito - 1.13.txt,1. Fundamentos de gerenciamento de projetos e entrega de valor/13/2.png,Sim,Sim,Sim,multiple_choice,Nenhum,Conteúdo preservado,Nenhuma,"PMP - BOOK 8 — Fundamentos de gerenciamento de projetos e entrega de valor, sessão 13.",alta
fund-s13-q3,1. Fundamentos de gerenciamento de projetos e entrega de valor/13/Gabarito - 1.13.txt,1. Fundamentos de gerenciamento de projetos e entrega de valor/13/3.png,Sim,Sim,Sim,multiple_choice,Nenhum,Conteúdo preservado,Nenhuma,"PMP - BOOK 8 — Fundamentos de gerenciamento de projetos e entrega de valor, sessão 13.",alta
fund-s13-q4,1. Fundamentos de gerenciamento de projetos e entrega de valor/13/Gabarito - 1.13.txt,1. Fundamentos de gerenciamento de projetos e entrega de valor/13/4.png,Sim,Sim,Sim,multiple_choice,Nenhum,Conteúdo preservado,Nenhuma,"PMP - BOOK 8 — Fundamentos de gerenciamento de projetos e entrega de valor, sessão 13.",alta
fund-s13-q5,1. Fundamentos de gerenciamento de projetos e entrega de valor/13/Gabarito - 1.13.txt,1. Fundamentos de gerenciamento de projetos e entrega de valor/13/5.png,Sim,Sim,Sim,multiple_selection,Nenhum,Conteúdo preservado,Nenhuma,"PMP - BOOK 8 — Fundamentos de gerenciamento de projetos e entrega de valor, sessão 13.",alta
fund-s13-q6,1. Fundamentos de gerenciamento de projetos e entrega de valor/13/Gabarito - 1.13.txt,1. Fundamentos de gerenciamento de projetos e entrega de valor/13/6.png,Sim,Sim,Sim,multiple_selection,Nenhum,Conteúdo preservado,Nenhuma,"PMP - BOOK 8 — Fundamentos de gerenciamento de projetos e entrega de valor, sessão 13.",alta
fund-s13-q7,1. Fundamentos de gerenciamento de projetos e entrega de valor/13/Gabarito - 1.13.txt,1. Fundamentos de gerenciamento de projetos e entrega de valor/13/7.png,Sim,Sim,Sim,multiple_choice,Nenhum,Conteúdo preservado,Nenhuma,"PMP - BOOK 8 — Fundamentos de gerenciamento de projetos e entrega de valor, sessão 13.",alta
fund-s13-q8,1. Fundamentos de gerenciamento de projetos e entrega de valor/13/Gabarito - 1.13.txt,1. Fundamentos de gerenciamento de projetos e entrega de valor/13/8.png,Sim,Sim,Sim,multiple_choice,Nenhum,Conteúdo preservado,Nenhuma,"PMP - BOOK 8 — Fundamentos de gerenciamento de projetos e entrega de valor, sessão 13.",alta
fund-s14-q1,1. Fundamentos de gerenciamento de projetos e entrega de valor/14/Gabarito - 1.14.txt,1. Fundamentos de gerenciamento de projetos e entrega de valor/14/1.png,Sim,Sim,Sim,multiple_choice,Nenhum,Conteúdo preservado,Nenhuma,"PMP - BOOK 8 — Fundamentos de gerenciamento de projetos e entrega de valor, sessão 14.",alta
fund-s14-q2,1. Fundamentos de gerenciamento de projetos e entrega de valor/14/Gabarito - 1.14.txt,1. Fundamentos de gerenciamento de projetos e entrega de valor/14/2.png,Sim,Sim,Sim,multiple_choice,Nenhum,Conteúdo preservado,Nenhuma,"PMP - BOOK 8 — Fundamentos de gerenciamento de projetos e entrega de valor, sessão 14.",alta
fund-s14-q3,1. Fundamentos de gerenciamento de projetos e entrega de valor/14/Gabarito - 1.14.txt,1. Fundamentos de gerenciamento de projetos e entrega de valor/14/3.png,Sim,Sim,Sim,multiple_choice,Nenhum,Conteúdo preservado,Nenhuma,"PMP - BOOK 8 — Fundamentos de gerenciamento de projetos e entrega de valor, sessão 14.",alta
fund-s14-q4,1. Fundamentos de gerenciamento de projetos e entrega de valor/14/Gabarito - 1.14.txt,1. Fundamentos de gerenciamento de projetos e entrega de valor/14/4.png,Sim,Sim,Sim,multiple_choice,Nenhum,Conteúdo preservado,Nenhuma,"PMP - BOOK 8 — Fundamentos de gerenciamento de projetos e entrega de valor, sessão 14.",alta
fund-s14-q5,1. Fundamentos de gerenciamento de projetos e entrega de valor/14/Gabarito - 1.14.txt,1. Fundamentos de gerenciamento de projetos e entrega de valor/14/5.png,Sim,Sim,Sim,multiple_choice,Nenhum,Conteúdo preservado,Nenhuma,"PMP - BOOK 8 — Fundamentos de gerenciamento de projetos e entrega de valor, sessão 14.",alta
fund-s14-q6,1. Fundamentos de gerenciamento de projetos e entrega de valor/14/Gabarito - 1.14.txt,1. Fundamentos de gerenciamento de projetos e entrega de valor/14/6.png,Sim,Sim,Sim,multiple_selection,Nenhum,Conteúdo preservado,Nenhuma,"PMP - BOOK 8 — Fundamentos de gerenciamento de projetos e entrega de valor, sessão 14.",alta
fund-s14-q7,1. Fundamentos de gerenciamento de projetos e entrega de valor/14/Gabarito - 1.14.txt,1. Fundamentos de gerenciamento de projetos e entrega de valor/14/7.png,Sim,Sim,Sim,multiple_choice,Nenhum,Conteúdo preservado,Nenhuma,"PMP - BOOK 8 — Fundamentos de gerenciamento de projetos e entrega de valor, sessão 14.",alta
fund-s14-q8,1. Fundamentos de gerenciamento de projetos e entrega de valor/14/Gabarito - 1.14.txt,1. Fundamentos de gerenciamento de projetos e entrega de valor/14/8.png,Sim,Sim,Sim,multiple_choice,Nenhum,Conteúdo preservado,Nenhuma,"PMP - BOOK 8 — Fundamentos de gerenciamento de projetos e entrega de valor, sessão 14.",alta
fund-s15-q1,1. Fundamentos de gerenciamento de projetos e entrega de valor/15/Gabarito - 1.15.txt,1. Fundamentos de gerenciamento de projetos e entrega de valor/15/1.png,Sim,Sim,Sim,multiple_choice,Nenhum,Conteúdo preservado,Nenhuma,"PMP - BOOK 8 — Fundamentos de gerenciamento de projetos e entrega de valor, sessão 15.",alta
fund-s15-q2,1. Fundamentos de gerenciamento de projetos e entrega de valor/15/Gabarito - 1.15.txt,1. Fundamentos de gerenciamento de projetos e entrega de valor/15/2.png,Sim,Sim,Sim,multiple_choice,Nenhum,Conteúdo preservado,Nenhuma,"PMP - BOOK 8 — Fundamentos de gerenciamento de projetos e entrega de valor, sessão 15.",alta
fund-s15-q3,1. Fundamentos de gerenciamento de projetos e entrega de valor/15/Gabarito - 1.15.txt,1. Fundamentos de gerenciamento de projetos e entrega de valor/15/3.png,Sim,Sim,Sim,multiple_choice,Nenhum,Conteúdo preservado,Nenhuma,"PMP - BOOK 8 — Fundamentos de gerenciamento de projetos e entrega de valor, sessão 15.",alta
fund-s15-q4,1. Fundamentos de gerenciamento de projetos e entrega de valor/15/Gabarito - 1.15.txt,1. Fundamentos de gerenciamento de projetos e entrega de valor/15/4.png,Sim,Sim,Sim,multiple_choice,Nenhum,Conteúdo preservado,Nenhuma,"PMP - BOOK 8 — Fundamentos de gerenciamento de projetos e entrega de valor, sessão 15.",alta
fund-s15-q5,1. Fundamentos de gerenciamento de projetos e entrega de valor/15/Gabarito - 1.15.txt,1. Fundamentos de gerenciamento de projetos e entrega de valor/15/5.png,Sim,Sim,Sim,multiple_choice,Nenhum,Conteúdo preservado,Nenhuma,"PMP - BOOK 8 — Fundamentos de gerenciamento de projetos e entrega de valor, sessão 15.",alta
fund-s15-q6,1. Fundamentos de gerenciamento de projetos e entrega de valor/15/Gabarito - 1.15.txt,1. Fundamentos de gerenciamento de projetos e entrega de valor/15/6.png,Sim,Sim,Sim,multiple_choice,Nenhum,Conteúdo preservado,Nenhuma,"PMP - BOOK 8 — Fundamentos de gerenciamento de projetos e entrega de valor, sessão 15.",alta
fund-s15-q7,1. Fundamentos de gerenciamento de projetos e entrega de valor/15/Gabarito - 1.15.txt,1. Fundamentos de gerenciamento de projetos e entrega de valor/15/7.png,Sim,Sim,Sim,multiple_selection,Nenhum,Conteúdo preservado,Nenhuma,"PMP - BOOK 8 — Fundamentos de gerenciamento de projetos e entrega de valor, sessão 15.",alta
fund-s16-q1,1. Fundamentos de gerenciamento de projetos e entrega de valor/16/Gabarito - 1.16.txt,1. Fundamentos de gerenciamento de projetos e entrega de valor/16/1.png,Sim,Sim,Sim,multiple_choice,Nenhum,Conteúdo preservado,Nenhuma,"PMP - BOOK 8 — Fundamentos de gerenciamento de projetos e entrega de valor, sessão 16.",alta
fund-s16-q2,1. Fundamentos de gerenciamento de projetos e entrega de valor/16/Gabarito - 1.16.txt,1. Fundamentos de gerenciamento de projetos e entrega de valor/16/2.png,Sim,Sim,Sim,multiple_choice,Nenhum,Conteúdo preservado,Nenhuma,"PMP - BOOK 8 — Fundamentos de gerenciamento de projetos e entrega de valor, sessão 16.",alta
fund-s16-q3,1. Fundamentos de gerenciamento de projetos e entrega de valor/16/Gabarito - 1.16.txt,1. Fundamentos de gerenciamento de projetos e entrega de valor/16/3.png,Sim,Sim,Sim,multiple_choice,Nenhum,Conteúdo preservado,Nenhuma,"PMP - BOOK 8 — Fundamentos de gerenciamento de projetos e entrega de valor, sessão 16.",alta
fund-s16-q4,1. Fundamentos de gerenciamento de projetos e entrega de valor/16/Gabarito - 1.16.txt,1. Fundamentos de gerenciamento de projetos e entrega de valor/16/4.png,Sim,Sim,Sim,multiple_choice,Nenhum,Conteúdo preservado,Nenhuma,"PMP - BOOK 8 — Fundamentos de gerenciamento de projetos e entrega de valor, sessão 16.",alta
fund-s16-q5,1. Fundamentos de gerenciamento de projetos e entrega de valor/16/Gabarito - 1.16.txt,1. Fundamentos de gerenciamento de projetos e entrega de valor/16/5.png,Sim,Sim,Sim,matching,Nenhum,Associação estruturada a partir dos pares da fonte,Nenhuma,"PMP - BOOK 8 — Fundamentos de gerenciamento de projetos e entrega de valor, sessão 16.",alta
fund-s16-q6,1. Fundamentos de gerenciamento de projetos e entrega de valor/16/Gabarito - 1.16.txt,1. Fundamentos de gerenciamento de projetos e entrega de valor/16/6.png,Sim,Sim,Sim,multiple_choice,Nenhum,Conteúdo preservado,Nenhuma,"PMP - BOOK 8 — Fundamentos de gerenciamento de projetos e entrega de valor, sessão 16.",alta
fund-s16-q7,1. Fundamentos de gerenciamento de projetos e entrega de valor/16/Gabarito - 1.16.txt,1. Fundamentos de gerenciamento de projetos e entrega de valor/16/7.png,Sim,Sim,Sim,multiple_choice,Nenhum,Conteúdo preservado,Nenhuma,"PMP - BOOK 8 — Fundamentos de gerenciamento de projetos e entrega de valor, sessão 16.",alta
fund-s16-q8,1. Fundamentos de gerenciamento de projetos e entrega de valor/16/Gabarito - 1.16.txt,1. Fundamentos de gerenciamento de projetos e entrega de valor/16/8.png,Sim,Sim,Sim,multiple_choice,Nenhum,Conteúdo preservado,Nenhuma,"PMP - BOOK 8 — Fundamentos de gerenciamento de projetos e entrega de valor, sessão 16.",alta
fund-s16-q9,1. Fundamentos de gerenciamento de projetos e entrega de valor/16/Gabarito - 1.16.txt,1. Fundamentos de gerenciamento de projetos e entrega de valor/16/9.png,Sim,Sim,Sim,multiple_choice,Nenhum,Conteúdo preservado,Nenhuma,"PMP - BOOK 8 — Fundamentos de gerenciamento de projetos e entrega de valor, sessão 16.",alta
area2-s1-q1,"PMP - BOOK 8/2. Ambiente do projeto, contexto organizacional, governança e PMO/1/Gabarito - 2.1.txt","2. Ambiente do projeto, contexto organizacional, governança e PMO/1/1.png",Sim,Sim,Sim,multiple_choice,Nenhum,Conteúdo preservado,Nenhuma,"PMP - BOOK 8/2. Ambiente do projeto, contexto organizacional, governança e PMO/1/Gabarito - 2.1.txt",alta
area2-s1-q2,"PMP - BOOK 8/2. Ambiente do projeto, contexto organizacional, governança e PMO/1/Gabarito - 2.1.txt","2. Ambiente do projeto, contexto organizacional, governança e PMO/1/2.png",Sim,Sim,Sim,multiple_choice,Nenhum,Conteúdo preservado,Nenhuma,"PMP - BOOK 8/2. Ambiente do projeto, contexto organizacional, governança e PMO/1/Gabarito - 2.1.txt",alta
area2-s1-q3,"PMP - BOOK 8/2. Ambiente do projeto, contexto organizacional, governança e PMO/1/Gabarito - 2.1.txt","2. Ambiente do projeto, contexto organizacional, governança e PMO/1/3.png",Sim,Sim,Sim,multiple_choice,Nenhum,Conteúdo preservado,Nenhuma,"PMP - BOOK 8/2. Ambiente do projeto, contexto organizacional, governança e PMO/1/Gabarito - 2.1.txt",alta
area2-s1-q4,"PMP - BOOK 8/2. Ambiente do projeto, contexto organizacional, governança e PMO/1/Gabarito - 2.1.txt","2. Ambiente do projeto, contexto organizacional, governança e PMO/1/4.png",Sim,Sim,Sim,matching,Nenhum,Associação estruturada a partir dos pares da fonte,Nenhuma,"PMP - BOOK 8/2. Ambiente do projeto, contexto organizacional, governança e PMO/1/Gabarito - 2.1.txt",alta
area2-s1-q5,"PMP - BOOK 8/2. Ambiente do projeto, contexto organizacional, governança e PMO/1/Gabarito - 2.1.txt","2. Ambiente do projeto, contexto organizacional, governança e PMO/1/5.png",Sim,Sim,Sim,multiple_choice,Nenhum,Conteúdo preservado,Nenhuma,"PMP - BOOK 8/2. Ambiente do projeto, contexto organizacional, governança e PMO/1/Gabarito - 2.1.txt",alta
area2-s1-q6,"PMP - BOOK 8/2. Ambiente do projeto, contexto organizacional, governança e PMO/1/Gabarito - 2.1.txt","2. Ambiente do projeto, contexto organizacional, governança e PMO/1/6.png",Sim,Sim,Sim,multiple_choice,Nenhum,Conteúdo preservado,Nenhuma,"PMP - BOOK 8/2. Ambiente do projeto, contexto organizacional, governança e PMO/1/Gabarito - 2.1.txt",alta
area2-s1-q7,"PMP - BOOK 8/2. Ambiente do projeto, contexto organizacional, governança e PMO/1/Gabarito - 2.1.txt","2. Ambiente do projeto, contexto organizacional, governança e PMO/1/7.png",Sim,Sim,Sim,multiple_selection,Nenhum,Conteúdo preservado,Nenhuma,"PMP - BOOK 8/2. Ambiente do projeto, contexto organizacional, governança e PMO/1/Gabarito - 2.1.txt",alta
area2-s1-q8,"PMP - BOOK 8/2. Ambiente do projeto, contexto organizacional, governança e PMO/1/Gabarito - 2.1.txt","2. Ambiente do projeto, contexto organizacional, governança e PMO/1/8.png",Sim,Sim,Sim,multiple_choice,Nenhum,Conteúdo preservado,Nenhuma,"PMP - BOOK 8/2. Ambiente do projeto, contexto organizacional, governança e PMO/1/Gabarito - 2.1.txt",alta
area2-s1-q9,"PMP - BOOK 8/2. Ambiente do projeto, contexto organizacional, governança e PMO/1/Gabarito - 2.1.txt","2. Ambiente do projeto, contexto organizacional, governança e PMO/1/9.png",Sim,Sim,Sim,multiple_choice,Nenhum,Conteúdo preservado,Nenhuma,"PMP - BOOK 8/2. Ambiente do projeto, contexto organizacional, governança e PMO/1/Gabarito - 2.1.txt",alta
area2-s2-q1,"PMP - BOOK 8/2. Ambiente do projeto, contexto organizacional, governança e PMO/2/Gabarito - 2.2.txt","2. Ambiente do projeto, contexto organizacional, governança e PMO/2/1.png",Sim,Sim,Sim,multiple_choice,Nenhum,Conteúdo preservado,Nenhuma,"PMP - BOOK 8/2. Ambiente do projeto, contexto organizacional, governança e PMO/2/Gabarito - 2.2.txt",alta
area2-s2-q2,"PMP - BOOK 8/2. Ambiente do projeto, contexto organizacional, governança e PMO/2/Gabarito - 2.2.txt","2. Ambiente do projeto, contexto organizacional, governança e PMO/2/2.png",Sim,Sim,Sim,multiple_choice,Nenhum,Conteúdo preservado,Nenhuma,"PMP - BOOK 8/2. Ambiente do projeto, contexto organizacional, governança e PMO/2/Gabarito - 2.2.txt",alta
area2-s2-q3,"PMP - BOOK 8/2. Ambiente do projeto, contexto organizacional, governança e PMO/2/Gabarito - 2.2.txt","2. Ambiente do projeto, contexto organizacional, governança e PMO/2/3.png",Sim,Sim,Sim,multiple_choice,Nenhum,Conteúdo preservado,Nenhuma,"PMP - BOOK 8/2. Ambiente do projeto, contexto organizacional, governança e PMO/2/Gabarito - 2.2.txt",alta
area2-s2-q4,"PMP - BOOK 8/2. Ambiente do projeto, contexto organizacional, governança e PMO/2/Gabarito - 2.2.txt","2. Ambiente do projeto, contexto organizacional, governança e PMO/2/4.png",Sim,Sim,Sim,multiple_choice,Nenhum,Conteúdo preservado,Nenhuma,"PMP - BOOK 8/2. Ambiente do projeto, contexto organizacional, governança e PMO/2/Gabarito - 2.2.txt",alta
area2-s2-q5,"PMP - BOOK 8/2. Ambiente do projeto, contexto organizacional, governança e PMO/2/Gabarito - 2.2.txt","2. Ambiente do projeto, contexto organizacional, governança e PMO/2/5.png",Sim,Sim,Sim,multiple_choice,Nenhum,Conteúdo preservado,Nenhuma,"PMP - BOOK 8/2. Ambiente do projeto, contexto organizacional, governança e PMO/2/Gabarito - 2.2.txt",alta
area2-s2-q6,"PMP - BOOK 8/2. Ambiente do projeto, contexto organizacional, governança e PMO/2/Gabarito - 2.2.txt","2. Ambiente do projeto, contexto organizacional, governança e PMO/2/6.png",Sim,Sim,Sim,multiple_choice,Nenhum,Conteúdo preservado,Nenhuma,"PMP - BOOK 8/2. Ambiente do projeto, contexto organizacional, governança e PMO/2/Gabarito - 2.2.txt",alta
area2-s2-q7,"PMP - BOOK 8/2. Ambiente do projeto, contexto organizacional, governança e PMO/2/Gabarito - 2.2.txt","2. Ambiente do projeto, contexto organizacional, governança e PMO/2/7.png",Sim,Sim,Sim,multiple_choice,Nenhum,Conteúdo preservado,Nenhuma,"PMP - BOOK 8/2. Ambiente do projeto, contexto organizacional, governança e PMO/2/Gabarito - 2.2.txt",alta
area2-s2-q8,"PMP - BOOK 8/2. Ambiente do projeto, contexto organizacional, governança e PMO/2/Gabarito - 2.2.txt","2. Ambiente do projeto, contexto organizacional, governança e PMO/2/8.png",Sim,Sim,Sim,multiple_choice,Nenhum,Conteúdo preservado,Nenhuma,"PMP - BOOK 8/2. Ambiente do projeto, contexto organizacional, governança e PMO/2/Gabarito - 2.2.txt",alta
area2-s2-q9,"PMP - BOOK 8/2. Ambiente do projeto, contexto organizacional, governança e PMO/2/Gabarito - 2.2.txt","2. Ambiente do projeto, contexto organizacional, governança e PMO/2/9.png",Sim,Sim,Sim,multiple_choice,Nenhum,Conteúdo preservado,Nenhuma,"PMP - BOOK 8/2. Ambiente do projeto, contexto organizacional, governança e PMO/2/Gabarito - 2.2.txt",alta
area2-s3-q1,"PMP - BOOK 8/2. Ambiente do projeto, contexto organizacional, governança e PMO/3/Gabarito - 2.3.txt","2. Ambiente do projeto, contexto organizacional, governança e PMO/3/1.png",Sim,Sim,Sim,multiple_choice,Nenhum,Conteúdo preservado,Nenhuma,"PMP - BOOK 8/2. Ambiente do projeto, contexto organizacional, governança e PMO/3/Gabarito - 2.3.txt",alta
area2-s3-q2,"PMP - BOOK 8/2. Ambiente do projeto, contexto organizacional, governança e PMO/3/Gabarito - 2.3.txt","2. Ambiente do projeto, contexto organizacional, governança e PMO/3/2.png",Sim,Sim,Sim,multiple_choice,Nenhum,Conteúdo preservado,Nenhuma,"PMP - BOOK 8/2. Ambiente do projeto, contexto organizacional, governança e PMO/3/Gabarito - 2.3.txt",alta
area2-s3-q3,"PMP - BOOK 8/2. Ambiente do projeto, contexto organizacional, governança e PMO/3/Gabarito - 2.3.txt","2. Ambiente do projeto, contexto organizacional, governança e PMO/3/3.png",Sim,Sim,Sim,multiple_choice,Nenhum,Conteúdo preservado,Nenhuma,"PMP - BOOK 8/2. Ambiente do projeto, contexto organizacional, governança e PMO/3/Gabarito - 2.3.txt",alta
area2-s3-q4,"PMP - BOOK 8/2. Ambiente do projeto, contexto organizacional, governança e PMO/3/Gabarito - 2.3.txt","2. Ambiente do projeto, contexto organizacional, governança e PMO/3/4.png",Sim,Sim,Sim,multiple_choice,Nenhum,Conteúdo preservado,Nenhuma,"PMP - BOOK 8/2. Ambiente do projeto, contexto organizacional, governança e PMO/3/Gabarito - 2.3.txt",alta
area2-s3-q5,"PMP - BOOK 8/2. Ambiente do projeto, contexto organizacional, governança e PMO/3/Gabarito - 2.3.txt","2. Ambiente do projeto, contexto organizacional, governança e PMO/3/5.png",Sim,Sim,Sim,multiple_choice,Nenhum,Conteúdo preservado,Nenhuma,"PMP - BOOK 8/2. Ambiente do projeto, contexto organizacional, governança e PMO/3/Gabarito - 2.3.txt",alta
area2-s3-q6,"PMP - BOOK 8/2. Ambiente do projeto, contexto organizacional, governança e PMO/3/Gabarito - 2.3.txt","2. Ambiente do projeto, contexto organizacional, governança e PMO/3/6.png",Sim,Sim,Sim,multiple_choice,Nenhum,Conteúdo preservado,Nenhuma,"PMP - BOOK 8/2. Ambiente do projeto, contexto organizacional, governança e PMO/3/Gabarito - 2.3.txt",alta
area2-s3-q7,"PMP - BOOK 8/2. Ambiente do projeto, contexto organizacional, governança e PMO/3/Gabarito - 2.3.txt","2. Ambiente do projeto, contexto organizacional, governança e PMO/3/7.png",Sim,Sim,Sim,multiple_choice,Nenhum,Conteúdo preservado,Nenhuma,"PMP - BOOK 8/2. Ambiente do projeto, contexto organizacional, governança e PMO/3/Gabarito - 2.3.txt",alta
area2-s3-q8,"PMP - BOOK 8/2. Ambiente do projeto, contexto organizacional, governança e PMO/3/Gabarito - 2.3.txt","2. Ambiente do projeto, contexto organizacional, governança e PMO/3/8.png",Sim,Sim,Sim,multiple_choice,Nenhum,Conteúdo preservado,Nenhuma,"PMP - BOOK 8/2. Ambiente do projeto, contexto organizacional, governança e PMO/3/Gabarito - 2.3.txt",alta
area2-s3-q9,"PMP - BOOK 8/2. Ambiente do projeto, contexto organizacional, governança e PMO/3/Gabarito - 2.3.txt","2. Ambiente do projeto, contexto organizacional, governança e PMO/3/9.png",Sim,Sim,Sim,multiple_choice,Nenhum,Conteúdo preservado,Nenhuma,"PMP - BOOK 8/2. Ambiente do projeto, contexto organizacional, governança e PMO/3/Gabarito - 2.3.txt",alta
area2-s4-q1,"PMP - BOOK 8/2. Ambiente do projeto, contexto organizacional, governança e PMO/4/Gabarito - 2.4.txt","2. Ambiente do projeto, contexto organizacional, governança e PMO/4/1.png",Sim,Sim,Sim,matching,Nenhum,Associação estruturada a partir dos pares da fonte,Nenhuma,"PMP - BOOK 8/2. Ambiente do projeto, contexto organizacional, governança e PMO/4/Gabarito - 2.4.txt",alta
area2-s4-q2,"PMP - BOOK 8/2. Ambiente do projeto, contexto organizacional, governança e PMO/4/Gabarito - 2.4.txt","2. Ambiente do projeto, contexto organizacional, governança e PMO/4/2.png",Sim,Sim,Sim,multiple_choice,Nenhum,Conteúdo preservado,Nenhuma,"PMP - BOOK 8/2. Ambiente do projeto, contexto organizacional, governança e PMO/4/Gabarito - 2.4.txt",alta
area2-s4-q3,"PMP - BOOK 8/2. Ambiente do projeto, contexto organizacional, governança e PMO/4/Gabarito - 2.4.txt","2. Ambiente do projeto, contexto organizacional, governança e PMO/4/3.png",Sim,Sim,Sim,multiple_choice,Nenhum,Conteúdo preservado,Nenhuma,"PMP - BOOK 8/2. Ambiente do projeto, contexto organizacional, governança e PMO/4/Gabarito - 2.4.txt",alta
area2-s4-q4,"PMP - BOOK 8/2. Ambiente do projeto, contexto organizacional, governança e PMO/4/Gabarito - 2.4.txt","2. Ambiente do projeto, contexto organizacional, governança e PMO/4/4.png",Sim,Sim,Sim,multiple_choice,Nenhum,Conteúdo preservado,Nenhuma,"PMP - BOOK 8/2. Ambiente do projeto, contexto organizacional, governança e PMO/4/Gabarito - 2.4.txt",alta
area2-s4-q5,"PMP - BOOK 8/2. Ambiente do projeto, contexto organizacional, governança e PMO/4/Gabarito - 2.4.txt","2. Ambiente do projeto, contexto organizacional, governança e PMO/4/5.png",Sim,Sim,Sim,matching,Nenhum,Associação estruturada a partir dos pares da fonte,Nenhuma,"PMP - BOOK 8/2. Ambiente do projeto, contexto organizacional, governança e PMO/4/Gabarito - 2.4.txt",alta
area2-s4-q6,"PMP - BOOK 8/2. Ambiente do projeto, contexto organizacional, governança e PMO/4/Gabarito - 2.4.txt","2. Ambiente do projeto, contexto organizacional, governança e PMO/4/6.png",Sim,Sim,Sim,multiple_choice,Nenhum,Conteúdo preservado,Nenhuma,"PMP - BOOK 8/2. Ambiente do projeto, contexto organizacional, governança e PMO/4/Gabarito - 2.4.txt",alta
area2-s4-q7,"PMP - BOOK 8/2. Ambiente do projeto, contexto organizacional, governança e PMO/4/Gabarito - 2.4.txt","2. Ambiente do projeto, contexto organizacional, governança e PMO/4/7.png",Sim,Sim,Sim,multiple_choice,Nenhum,Conteúdo preservado,Nenhuma,"PMP - BOOK 8/2. Ambiente do projeto, contexto organizacional, governança e PMO/4/Gabarito - 2.4.txt",alta
area2-s4-q8,"PMP - BOOK 8/2. Ambiente do projeto, contexto organizacional, governança e PMO/4/Gabarito - 2.4.txt","2. Ambiente do projeto, contexto organizacional, governança e PMO/4/8.png",Sim,Sim,Sim,multiple_choice,Nenhum,Conteúdo preservado,Nenhuma,"PMP - BOOK 8/2. Ambiente do projeto, contexto organizacional, governança e PMO/4/Gabarito - 2.4.txt",alta
area2-s4-q9,"PMP - BOOK 8/2. Ambiente do projeto, contexto organizacional, governança e PMO/4/Gabarito - 2.4.txt","2. Ambiente do projeto, contexto organizacional, governança e PMO/4/9.png",Sim,Sim,Sim,multiple_choice,Nenhum,Conteúdo preservado,Nenhuma,"PMP - BOOK 8/2. Ambiente do projeto, contexto organizacional, governança e PMO/4/Gabarito - 2.4.txt",alta
area2-s5-q1,"PMP - BOOK 8/2. Ambiente do projeto, contexto organizacional, governança e PMO/5/Gabarito - 5.2.txt","2. Ambiente do projeto, contexto organizacional, governança e PMO/5/1.png",Sim,Sim,Sim,multiple_choice,Nenhum,Conteúdo preservado,Nenhuma,"PMP - BOOK 8/2. Ambiente do projeto, contexto organizacional, governança e PMO/5/Gabarito - 5.2.txt",alta
area2-s5-q2,"PMP - BOOK 8/2. Ambiente do projeto, contexto organizacional, governança e PMO/5/Gabarito - 5.2.txt","2. Ambiente do projeto, contexto organizacional, governança e PMO/5/2.png",Sim,Sim,Sim,multiple_choice,Nenhum,Conteúdo preservado,Nenhuma,"PMP - BOOK 8/2. Ambiente do projeto, contexto organizacional, governança e PMO/5/Gabarito - 5.2.txt",alta
area2-s5-q3,"PMP - BOOK 8/2. Ambiente do projeto, contexto organizacional, governança e PMO/5/Gabarito - 5.2.txt","2. Ambiente do projeto, contexto organizacional, governança e PMO/5/3.png",Sim,Sim,Sim,multiple_choice,Nenhum,Conteúdo preservado,Nenhuma,"PMP - BOOK 8/2. Ambiente do projeto, contexto organizacional, governança e PMO/5/Gabarito - 5.2.txt",alta
area2-s5-q4,"PMP - BOOK 8/2. Ambiente do projeto, contexto organizacional, governança e PMO/5/Gabarito - 5.2.txt","2. Ambiente do projeto, contexto organizacional, governança e PMO/5/4.png",Sim,Sim,Sim,multiple_choice,Nenhum,Conteúdo preservado,Nenhuma,"PMP - BOOK 8/2. Ambiente do projeto, contexto organizacional, governança e PMO/5/Gabarito - 5.2.txt",alta
area2-s5-q5,"PMP - BOOK 8/2. Ambiente do projeto, contexto organizacional, governança e PMO/5/Gabarito - 5.2.txt","2. Ambiente do projeto, contexto organizacional, governança e PMO/5/5.png",Sim,Sim,Sim,multiple_choice,Nenhum,Conteúdo preservado,Nenhuma,"PMP - BOOK 8/2. Ambiente do projeto, contexto organizacional, governança e PMO/5/Gabarito - 5.2.txt",alta
area2-s5-q6,"PMP - BOOK 8/2. Ambiente do projeto, contexto organizacional, governança e PMO/5/Gabarito - 5.2.txt","2. Ambiente do projeto, contexto organizacional, governança e PMO/5/6.png",Sim,Sim,Sim,multiple_choice,Nenhum,Conteúdo preservado,Nenhuma,"PMP - BOOK 8/2. Ambiente do projeto, contexto organizacional, governança e PMO/5/Gabarito - 5.2.txt",alta
area2-s5-q7,"PMP - BOOK 8/2. Ambiente do projeto, contexto organizacional, governança e PMO/5/Gabarito - 5.2.txt","2. Ambiente do projeto, contexto organizacional, governança e PMO/5/7.png",Sim,Sim,Sim,multiple_choice,Nenhum,Conteúdo preservado,Nenhuma,"PMP - BOOK 8/2. Ambiente do projeto, contexto organizacional, governança e PMO/5/Gabarito - 5.2.txt",alta
area2-s5-q8,"PMP - BOOK 8/2. Ambiente do projeto, contexto organizacional, governança e PMO/5/Gabarito - 5.2.txt","2. Ambiente do projeto, contexto organizacional, governança e PMO/5/8.png",Sim,Sim,Sim,multiple_choice,Nenhum,Conteúdo preservado,Nenhuma,"PMP - BOOK 8/2. Ambiente do projeto, contexto organizacional, governança e PMO/5/Gabarito - 5.2.txt",alta
area2-s5-q9,"PMP - BOOK 8/2. Ambiente do projeto, contexto organizacional, governança e PMO/5/Gabarito - 5.2.txt","2. Ambiente do projeto, contexto organizacional, governança e PMO/5/9.png",Sim,Sim,Sim,multiple_choice,Nenhum,Conteúdo preservado,Nenhuma,"PMP - BOOK 8/2. Ambiente do projeto, contexto organizacional, governança e PMO/5/Gabarito - 5.2.txt",alta
area2-s5-q10,"PMP - BOOK 8/2. Ambiente do projeto, contexto organizacional, governança e PMO/5/Gabarito - 5.2.txt","2. Ambiente do projeto, contexto organizacional, governança e PMO/5/10.png",Sim,Sim,Sim,multiple_choice,Nenhum,Conteúdo preservado,Nenhuma,"PMP - BOOK 8/2. Ambiente do projeto, contexto organizacional, governança e PMO/5/Gabarito - 5.2.txt",alta
area2-s6-q1,"PMP - BOOK 8/2. Ambiente do projeto, contexto organizacional, governança e PMO/6/Gabarito - 2.6.txt","2. Ambiente do projeto, contexto organizacional, governança e PMO/6/1.png",Sim,Sim,Sim,multiple_choice,Nenhum,Conteúdo preservado,Nenhuma,"PMP - BOOK 8/2. Ambiente do projeto, contexto organizacional, governança e PMO/6/Gabarito - 2.6.txt",alta
area2-s6-q2,"PMP - BOOK 8/2. Ambiente do projeto, contexto organizacional, governança e PMO/6/Gabarito - 2.6.txt","2. Ambiente do projeto, contexto organizacional, governança e PMO/6/2.png",Sim,Sim,Sim,multiple_choice,Nenhum,Conteúdo preservado,Nenhuma,"PMP - BOOK 8/2. Ambiente do projeto, contexto organizacional, governança e PMO/6/Gabarito - 2.6.txt",alta
area2-s6-q3,"PMP - BOOK 8/2. Ambiente do projeto, contexto organizacional, governança e PMO/6/Gabarito - 2.6.txt","2. Ambiente do projeto, contexto organizacional, governança e PMO/6/3.png",Sim,Sim,Sim,matching,Nenhum,Associação estruturada a partir dos pares da fonte,Nenhuma,"PMP - BOOK 8/2. Ambiente do projeto, contexto organizacional, governança e PMO/6/Gabarito - 2.6.txt",alta
area2-s6-q4,"PMP - BOOK 8/2. Ambiente do projeto, contexto organizacional, governança e PMO/6/Gabarito - 2.6.txt","2. Ambiente do projeto, contexto organizacional, governança e PMO/6/4.png",Sim,Sim,Sim,multiple_choice,Nenhum,Conteúdo preservado,Nenhuma,"PMP - BOOK 8/2. Ambiente do projeto, contexto organizacional, governança e PMO/6/Gabarito - 2.6.txt",alta
area2-s6-q5,"PMP - BOOK 8/2. Ambiente do projeto, contexto organizacional, governança e PMO/6/Gabarito - 2.6.txt","2. Ambiente do projeto, contexto organizacional, governança e PMO/6/5.png",Sim,Sim,Sim,multiple_choice,Nenhum,Conteúdo preservado,Nenhuma,"PMP - BOOK 8/2. Ambiente do projeto, contexto organizacional, governança e PMO/6/Gabarito - 2.6.txt",alta
area2-s6-q6,"PMP - BOOK 8/2. Ambiente do projeto, contexto organizacional, governança e PMO/6/Gabarito - 2.6.txt","2. Ambiente do projeto, contexto organizacional, governança e PMO/6/6.png",Sim,Sim,Sim,multiple_choice,Nenhum,Conteúdo preservado,Nenhuma,"PMP - BOOK 8/2. Ambiente do projeto, contexto organizacional, governança e PMO/6/Gabarito - 2.6.txt",alta
area2-s6-q7,"PMP - BOOK 8/2. Ambiente do projeto, contexto organizacional, governança e PMO/6/Gabarito - 2.6.txt","2. Ambiente do projeto, contexto organizacional, governança e PMO/6/7.png",Sim,Sim,Sim,multiple_choice,Nenhum,Conteúdo preservado,Nenhuma,"PMP - BOOK 8/2. Ambiente do projeto, contexto organizacional, governança e PMO/6/Gabarito - 2.6.txt",alta
area2-s6-q8,"PMP - BOOK 8/2. Ambiente do projeto, contexto organizacional, governança e PMO/6/Gabarito - 2.6.txt","2. Ambiente do projeto, contexto organizacional, governança e PMO/6/8.png",Sim,Sim,Sim,multiple_choice,Nenhum,Conteúdo preservado,Nenhuma,"PMP - BOOK 8/2. Ambiente do projeto, contexto organizacional, governança e PMO/6/Gabarito - 2.6.txt",alta
area2-s6-q9,"PMP - BOOK 8/2. Ambiente do projeto, contexto organizacional, governança e PMO/6/Gabarito - 2.6.txt","2. Ambiente do projeto, contexto organizacional, governança e PMO/6/9.png",Sim,Sim,Sim,multiple_choice,Nenhum,Conteúdo preservado,Nenhuma,"PMP - BOOK 8/2. Ambiente do projeto, contexto organizacional, governança e PMO/6/Gabarito - 2.6.txt",alta
area2-s7-q1,"PMP - BOOK 8/2. Ambiente do projeto, contexto organizacional, governança e PMO/7/Gabarito - 2.7.txt","2. Ambiente do projeto, contexto organizacional, governança e PMO/7/1.png",Sim,Sim,Sim,multiple_choice,Nenhum,Conteúdo preservado,Nenhuma,"PMP - BOOK 8/2. Ambiente do projeto, contexto organizacional, governança e PMO/7/Gabarito - 2.7.txt",alta
area2-s7-q2,"PMP - BOOK 8/2. Ambiente do projeto, contexto organizacional, governança e PMO/7/Gabarito - 2.7.txt","2. Ambiente do projeto, contexto organizacional, governança e PMO/7/2.png",Sim,Sim,Sim,multiple_choice,Nenhum,Conteúdo preservado,Nenhuma,"PMP - BOOK 8/2. Ambiente do projeto, contexto organizacional, governança e PMO/7/Gabarito - 2.7.txt",alta
area2-s7-q3,"PMP - BOOK 8/2. Ambiente do projeto, contexto organizacional, governança e PMO/7/Gabarito - 2.7.txt","2. Ambiente do projeto, contexto organizacional, governança e PMO/7/3.png",Sim,Sim,Sim,matching,Nenhum,Associação estruturada a partir dos pares da fonte,Nenhuma,"PMP - BOOK 8/2. Ambiente do projeto, contexto organizacional, governança e PMO/7/Gabarito - 2.7.txt",alta
area2-s7-q4,"PMP - BOOK 8/2. Ambiente do projeto, contexto organizacional, governança e PMO/7/Gabarito - 2.7.txt","2. Ambiente do projeto, contexto organizacional, governança e PMO/7/4.png",Sim,Sim,Sim,multiple_selection,Nenhum,Conteúdo preservado,Nenhuma,"PMP - BOOK 8/2. Ambiente do projeto, contexto organizacional, governança e PMO/7/Gabarito - 2.7.txt",alta
area2-s7-q5,"PMP - BOOK 8/2. Ambiente do projeto, contexto organizacional, governança e PMO/7/Gabarito - 2.7.txt","2. Ambiente do projeto, contexto organizacional, governança e PMO/7/5.png",Sim,Sim,Sim,multiple_choice,Nenhum,Conteúdo preservado,Nenhuma,"PMP - BOOK 8/2. Ambiente do projeto, contexto organizacional, governança e PMO/7/Gabarito - 2.7.txt",alta
area2-s7-q6,"PMP - BOOK 8/2. Ambiente do projeto, contexto organizacional, governança e PMO/7/Gabarito - 2.7.txt","2. Ambiente do projeto, contexto organizacional, governança e PMO/7/6.png",Sim,Sim,Sim,multiple_choice,Nenhum,Conteúdo preservado,Nenhuma,"PMP - BOOK 8/2. Ambiente do projeto, contexto organizacional, governança e PMO/7/Gabarito - 2.7.txt",alta
area2-s7-q7,"PMP - BOOK 8/2. Ambiente do projeto, contexto organizacional, governança e PMO/7/Gabarito - 2.7.txt","2. Ambiente do projeto, contexto organizacional, governança e PMO/7/7.png",Sim,Sim,Sim,multiple_choice,Nenhum,Conteúdo preservado,Nenhuma,"PMP - BOOK 8/2. Ambiente do projeto, contexto organizacional, governança e PMO/7/Gabarito - 2.7.txt",alta
area2-s7-q8,"PMP - BOOK 8/2. Ambiente do projeto, contexto organizacional, governança e PMO/7/Gabarito - 2.7.txt","2. Ambiente do projeto, contexto organizacional, governança e PMO/7/8.png",Sim,Sim,Sim,multiple_choice,Nenhum,Conteúdo preservado,Nenhuma,"PMP - BOOK 8/2. Ambiente do projeto, contexto organizacional, governança e PMO/7/Gabarito - 2.7.txt",alta
area2-s7-q9,"PMP - BOOK 8/2. Ambiente do projeto, contexto organizacional, governança e PMO/7/Gabarito - 2.7.txt","2. Ambiente do projeto, contexto organizacional, governança e PMO/7/9.png",Sim,Sim,Sim,multiple_choice,Nenhum,Conteúdo preservado,Nenhuma,"PMP - BOOK 8/2. Ambiente do projeto, contexto organizacional, governança e PMO/7/Gabarito - 2.7.txt",alta
area2-s8-q1,"PMP - BOOK 8/2. Ambiente do projeto, contexto organizacional, governança e PMO/8/Gabarito - 2.8.txt","2. Ambiente do projeto, contexto organizacional, governança e PMO/8/1.png",Sim,Sim,Sim,multiple_choice,Nenhum,Conteúdo preservado,Nenhuma,"PMP - BOOK 8/2. Ambiente do projeto, contexto organizacional, governança e PMO/8/Gabarito - 2.8.txt",alta
area2-s8-q2,"PMP - BOOK 8/2. Ambiente do projeto, contexto organizacional, governança e PMO/8/Gabarito - 2.8.txt","2. Ambiente do projeto, contexto organizacional, governança e PMO/8/2.png",Sim,Sim,Sim,multiple_choice,Nenhum,Conteúdo preservado,Nenhuma,"PMP - BOOK 8/2. Ambiente do projeto, contexto organizacional, governança e PMO/8/Gabarito - 2.8.txt",alta
area2-s8-q3,"PMP - BOOK 8/2. Ambiente do projeto, contexto organizacional, governança e PMO/8/Gabarito - 2.8.txt","2. Ambiente do projeto, contexto organizacional, governança e PMO/8/3.png",Sim,Sim,Sim,multiple_choice,Nenhum,Conteúdo preservado,Nenhuma,"PMP - BOOK 8/2. Ambiente do projeto, contexto organizacional, governança e PMO/8/Gabarito - 2.8.txt",alta
area2-s8-q4,"PMP - BOOK 8/2. Ambiente do projeto, contexto organizacional, governança e PMO/8/Gabarito - 2.8.txt","2. Ambiente do projeto, contexto organizacional, governança e PMO/8/4.png",Sim,Sim,Sim,multiple_choice,Nenhum,Conteúdo preservado,Nenhuma,"PMP - BOOK 8/2. Ambiente do projeto, contexto organizacional, governança e PMO/8/Gabarito - 2.8.txt",alta
area2-s8-q5,"PMP - BOOK 8/2. Ambiente do projeto, contexto organizacional, governança e PMO/8/Gabarito - 2.8.txt","2. Ambiente do projeto, contexto organizacional, governança e PMO/8/5.png",Sim,Sim,Sim,multiple_selection,Nenhum,Conteúdo preservado,Nenhuma,"PMP - BOOK 8/2. Ambiente do projeto, contexto organizacional, governança e PMO/8/Gabarito - 2.8.txt",alta
area2-s8-q6,"PMP - BOOK 8/2. Ambiente do projeto, contexto organizacional, governança e PMO/8/Gabarito - 2.8.txt","2. Ambiente do projeto, contexto organizacional, governança e PMO/8/6.png",Sim,Sim,Sim,multiple_choice,Nenhum,Conteúdo preservado,Nenhuma,"PMP - BOOK 8/2. Ambiente do projeto, contexto organizacional, governança e PMO/8/Gabarito - 2.8.txt",alta
area2-s8-q7,"PMP - BOOK 8/2. Ambiente do projeto, contexto organizacional, governança e PMO/8/Gabarito - 2.8.txt","2. Ambiente do projeto, contexto organizacional, governança e PMO/8/7.png",Sim,Sim,Sim,multiple_choice,Nenhum,Conteúdo preservado,Nenhuma,"PMP - BOOK 8/2. Ambiente do projeto, contexto organizacional, governança e PMO/8/Gabarito - 2.8.txt",alta
area2-s8-q8,"PMP - BOOK 8/2. Ambiente do projeto, contexto organizacional, governança e PMO/8/Gabarito - 2.8.txt","2. Ambiente do projeto, contexto organizacional, governança e PMO/8/8.png",Sim,Sim,Sim,multiple_choice,Nenhum,Conteúdo preservado,Nenhuma,"PMP - BOOK 8/2. Ambiente do projeto, contexto organizacional, governança e PMO/8/Gabarito - 2.8.txt",alta
area2-s8-q9,"PMP - BOOK 8/2. Ambiente do projeto, contexto organizacional, governança e PMO/8/Gabarito - 2.8.txt","2. Ambiente do projeto, contexto organizacional, governança e PMO/8/9.png",Sim,Sim,Sim,multiple_choice,Nenhum,Conteúdo preservado,Nenhuma,"PMP - BOOK 8/2. Ambiente do projeto, contexto organizacional, governança e PMO/8/Gabarito - 2.8.txt",alta
area2-s9-q1,"PMP - BOOK 8/2. Ambiente do projeto, contexto organizacional, governança e PMO/9/Gabarito - 2.9.txt","2. Ambiente do projeto, contexto organizacional, governança e PMO/9/1.png",Sim,Sim,Sim,multiple_choice,Nenhum,Conteúdo preservado,Nenhuma,"PMP - BOOK 8/2. Ambiente do projeto, contexto organizacional, governança e PMO/9/Gabarito - 2.9.txt",alta
area2-s9-q2,"PMP - BOOK 8/2. Ambiente do projeto, contexto organizacional, governança e PMO/9/Gabarito - 2.9.txt","2. Ambiente do projeto, contexto organizacional, governança e PMO/9/2.png",Sim,Sim,Sim,multiple_choice,Nenhum,Conteúdo preservado,Nenhuma,"PMP - BOOK 8/2. Ambiente do projeto, contexto organizacional, governança e PMO/9/Gabarito - 2.9.txt",alta
area2-s9-q3,"PMP - BOOK 8/2. Ambiente do projeto, contexto organizacional, governança e PMO/9/Gabarito - 2.9.txt","2. Ambiente do projeto, contexto organizacional, governança e PMO/9/3.png",Sim,Sim,Sim,multiple_choice,Nenhum,Conteúdo preservado,Nenhuma,"PMP - BOOK 8/2. Ambiente do projeto, contexto organizacional, governança e PMO/9/Gabarito - 2.9.txt",alta
area2-s9-q4,"PMP - BOOK 8/2. Ambiente do projeto, contexto organizacional, governança e PMO/9/Gabarito - 2.9.txt","2. Ambiente do projeto, contexto organizacional, governança e PMO/9/4.png",Sim,Sim,Sim,multiple_choice,Nenhum,Conteúdo preservado,Nenhuma,"PMP - BOOK 8/2. Ambiente do projeto, contexto organizacional, governança e PMO/9/Gabarito - 2.9.txt",alta
area2-s9-q5,"PMP - BOOK 8/2. Ambiente do projeto, contexto organizacional, governança e PMO/9/Gabarito - 2.9.txt","2. Ambiente do projeto, contexto organizacional, governança e PMO/9/5.png",Sim,Sim,Sim,multiple_choice,Nenhum,Conteúdo preservado,Nenhuma,"PMP - BOOK 8/2. Ambiente do projeto, contexto organizacional, governança e PMO/9/Gabarito - 2.9.txt",alta
area2-s9-q6,"PMP - BOOK 8/2. Ambiente do projeto, contexto organizacional, governança e PMO/9/Gabarito - 2.9.txt","2. Ambiente do projeto, contexto organizacional, governança e PMO/9/6.png",Sim,Sim,Sim,matching,Nenhum,Associação estruturada a partir dos pares da fonte,Nenhuma,"PMP - BOOK 8/2. Ambiente do projeto, contexto organizacional, governança e PMO/9/Gabarito - 2.9.txt",alta
area2-s9-q7,"PMP - BOOK 8/2. Ambiente do projeto, contexto organizacional, governança e PMO/9/Gabarito - 2.9.txt","2. Ambiente do projeto, contexto organizacional, governança e PMO/9/7.png",Sim,Sim,Sim,multiple_choice,Nenhum,Conteúdo preservado,Nenhuma,"PMP - BOOK 8/2. Ambiente do projeto, contexto organizacional, governança e PMO/9/Gabarito - 2.9.txt",alta
area2-s9-q8,"PMP - BOOK 8/2. Ambiente do projeto, contexto organizacional, governança e PMO/9/Gabarito - 2.9.txt","2. Ambiente do projeto, contexto organizacional, governança e PMO/9/8.png",Sim,Sim,Sim,multiple_choice,Nenhum,Conteúdo preservado,Nenhuma,"PMP - BOOK 8/2. Ambiente do projeto, contexto organizacional, governança e PMO/9/Gabarito - 2.9.txt",alta
area2-s9-q9,"PMP - BOOK 8/2. Ambiente do projeto, contexto organizacional, governança e PMO/9/Gabarito - 2.9.txt","2. Ambiente do projeto, contexto organizacional, governança e PMO/9/9.png",Sim,Sim,Sim,multiple_choice,Nenhum,Conteúdo preservado,Nenhuma,"PMP - BOOK 8/2. Ambiente do projeto, contexto organizacional, governança e PMO/9/Gabarito - 2.9.txt",alta
area2-s9-q10,"PMP - BOOK 8/2. Ambiente do projeto, contexto organizacional, governança e PMO/9/Gabarito - 2.9.txt","2. Ambiente do projeto, contexto organizacional, governança e PMO/9/10.png",Sim,Sim,Sim,multiple_choice,Nenhum,Conteúdo preservado,Nenhuma,"PMP - BOOK 8/2. Ambiente do projeto, contexto organizacional, governança e PMO/9/Gabarito - 2.9.txt",alta
area2-s10-q1,"PMP - BOOK 8/2. Ambiente do projeto, contexto organizacional, governança e PMO/10/Gabarito - 2.10.txt","2. Ambiente do projeto, contexto organizacional, governança e PMO/10/1.png",Sim,Sim,Sim,multiple_choice,Nenhum,Conteúdo preservado,Nenhuma,"PMP - BOOK 8/2. Ambiente do projeto, contexto organizacional, governança e PMO/10/Gabarito - 2.10.txt",alta
area2-s10-q2,"PMP - BOOK 8/2. Ambiente do projeto, contexto organizacional, governança e PMO/10/Gabarito - 2.10.txt","2. Ambiente do projeto, contexto organizacional, governança e PMO/10/2.png",Sim,Sim,Sim,multiple_selection,Nenhum,Conteúdo preservado,Nenhuma,"PMP - BOOK 8/2. Ambiente do projeto, contexto organizacional, governança e PMO/10/Gabarito - 2.10.txt",alta
area2-s10-q3,"PMP - BOOK 8/2. Ambiente do projeto, contexto organizacional, governança e PMO/10/Gabarito - 2.10.txt","2. Ambiente do projeto, contexto organizacional, governança e PMO/10/3.png",Sim,Sim,Sim,multiple_choice,Nenhum,Conteúdo preservado,Nenhuma,"PMP - BOOK 8/2. Ambiente do projeto, contexto organizacional, governança e PMO/10/Gabarito - 2.10.txt",alta
area2-s10-q4,"PMP - BOOK 8/2. Ambiente do projeto, contexto organizacional, governança e PMO/10/Gabarito - 2.10.txt","2. Ambiente do projeto, contexto organizacional, governança e PMO/10/4.png",Sim,Sim,Sim,multiple_choice,Nenhum,Conteúdo preservado,Nenhuma,"PMP - BOOK 8/2. Ambiente do projeto, contexto organizacional, governança e PMO/10/Gabarito - 2.10.txt",alta
area2-s10-q5,"PMP - BOOK 8/2. Ambiente do projeto, contexto organizacional, governança e PMO/10/Gabarito - 2.10.txt","2. Ambiente do projeto, contexto organizacional, governança e PMO/10/5.png",Sim,Sim,Sim,multiple_choice,Nenhum,Conteúdo preservado,Nenhuma,"PMP - BOOK 8/2. Ambiente do projeto, contexto organizacional, governança e PMO/10/Gabarito - 2.10.txt",alta
area2-s10-q6,"PMP - BOOK 8/2. Ambiente do projeto, contexto organizacional, governança e PMO/10/Gabarito - 2.10.txt","2. Ambiente do projeto, contexto organizacional, governança e PMO/10/6.png",Sim,Sim,Sim,multiple_choice,Nenhum,Conteúdo preservado,Nenhuma,"PMP - BOOK 8/2. Ambiente do projeto, contexto organizacional, governança e PMO/10/Gabarito - 2.10.txt",alta
area2-s10-q7,"PMP - BOOK 8/2. Ambiente do projeto, contexto organizacional, governança e PMO/10/Gabarito - 2.10.txt","2. Ambiente do projeto, contexto organizacional, governança e PMO/10/7.png",Sim,Sim,Sim,multiple_choice,Nenhum,Conteúdo preservado,Nenhuma,"PMP - BOOK 8/2. Ambiente do projeto, contexto organizacional, governança e PMO/10/Gabarito - 2.10.txt",alta
area2-s10-q8,"PMP - BOOK 8/2. Ambiente do projeto, contexto organizacional, governança e PMO/10/Gabarito - 2.10.txt","2. Ambiente do projeto, contexto organizacional, governança e PMO/10/8.png",Sim,Sim,Sim,multiple_choice,Nenhum,Conteúdo preservado,Nenhuma,"PMP - BOOK 8/2. Ambiente do projeto, contexto organizacional, governança e PMO/10/Gabarito - 2.10.txt",alta
area2-s10-q9,"PMP - BOOK 8/2. Ambiente do projeto, contexto organizacional, governança e PMO/10/Gabarito - 2.10.txt","2. Ambiente do projeto, contexto organizacional, governança e PMO/10/9.png",Sim,Sim,Sim,multiple_choice,Nenhum,Conteúdo preservado,Nenhuma,"PMP - BOOK 8/2. Ambiente do projeto, contexto organizacional, governança e PMO/10/Gabarito - 2.10.txt",alta
area2-s11-q1,"PMP - BOOK 8/2. Ambiente do projeto, contexto organizacional, governança e PMO/11/Gabarito - 2.11.txt","2. Ambiente do projeto, contexto organizacional, governança e PMO/11/1.png",Sim,Sim,Sim,multiple_choice,Nenhum,Conteúdo preservado,Nenhuma,"PMP - BOOK 8/2. Ambiente do projeto, contexto organizacional, governança e PMO/11/Gabarito - 2.11.txt",alta
area2-s11-q2,"PMP - BOOK 8/2. Ambiente do projeto, contexto organizacional, governança e PMO/11/Gabarito - 2.11.txt","2. Ambiente do projeto, contexto organizacional, governança e PMO/11/2.png",Sim,Sim,Sim,multiple_choice,Nenhum,Conteúdo preservado,Nenhuma,"PMP - BOOK 8/2. Ambiente do projeto, contexto organizacional, governança e PMO/11/Gabarito - 2.11.txt",alta
area2-s11-q3,"PMP - BOOK 8/2. Ambiente do projeto, contexto organizacional, governança e PMO/11/Gabarito - 2.11.txt","2. Ambiente do projeto, contexto organizacional, governança e PMO/11/3.png",Sim,Sim,Sim,multiple_choice,Nenhum,Conteúdo preservado,Nenhuma,"PMP - BOOK 8/2. Ambiente do projeto, contexto organizacional, governança e PMO/11/Gabarito - 2.11.txt",alta
area2-s11-q4,"PMP - BOOK 8/2. Ambiente do projeto, contexto organizacional, governança e PMO/11/Gabarito - 2.11.txt","2. Ambiente do projeto, contexto organizacional, governança e PMO/11/4.png",Sim,Sim,Sim,multiple_choice,Nenhum,Conteúdo preservado,Nenhuma,"PMP - BOOK 8/2. Ambiente do projeto, contexto organizacional, governança e PMO/11/Gabarito - 2.11.txt",alta
area2-s11-q5,"PMP - BOOK 8/2. Ambiente do projeto, contexto organizacional, governança e PMO/11/Gabarito - 2.11.txt","2. Ambiente do projeto, contexto organizacional, governança e PMO/11/5.png",Sim,Sim,Sim,multiple_choice,Nenhum,Conteúdo preservado,Nenhuma,"PMP - BOOK 8/2. Ambiente do projeto, contexto organizacional, governança e PMO/11/Gabarito - 2.11.txt",alta
area2-s11-q6,"PMP - BOOK 8/2. Ambiente do projeto, contexto organizacional, governança e PMO/11/Gabarito - 2.11.txt","2. Ambiente do projeto, contexto organizacional, governança e PMO/11/6.png",Sim,Sim,Sim,multiple_choice,Nenhum,Conteúdo preservado,Nenhuma,"PMP - BOOK 8/2. Ambiente do projeto, contexto organizacional, governança e PMO/11/Gabarito - 2.11.txt",alta
area2-s11-q7,"PMP - BOOK 8/2. Ambiente do projeto, contexto organizacional, governança e PMO/11/Gabarito - 2.11.txt","2. Ambiente do projeto, contexto organizacional, governança e PMO/11/7.png",Sim,Sim,Sim,multiple_choice,Nenhum,Conteúdo preservado,Nenhuma,"PMP - BOOK 8/2. Ambiente do projeto, contexto organizacional, governança e PMO/11/Gabarito - 2.11.txt",alta
area2-s11-q8,"PMP - BOOK 8/2. Ambiente do projeto, contexto organizacional, governança e PMO/11/Gabarito - 2.11.txt","2. Ambiente do projeto, contexto organizacional, governança e PMO/11/8.png",Sim,Sim,Sim,multiple_choice,Nenhum,Conteúdo preservado,Nenhuma,"PMP - BOOK 8/2. Ambiente do projeto, contexto organizacional, governança e PMO/11/Gabarito - 2.11.txt",alta
area2-s11-q9,"PMP - BOOK 8/2. Ambiente do projeto, contexto organizacional, governança e PMO/11/Gabarito - 2.11.txt","2. Ambiente do projeto, contexto organizacional, governança e PMO/11/9.png",Sim,Sim,Sim,multiple_choice,Nenhum,Conteúdo preservado,Nenhuma,"PMP - BOOK 8/2. Ambiente do projeto, contexto organizacional, governança e PMO/11/Gabarito - 2.11.txt",alta
area2-s11-q10,"PMP - BOOK 8/2. Ambiente do projeto, contexto organizacional, governança e PMO/11/Gabarito - 2.11.txt","2. Ambiente do projeto, contexto organizacional, governança e PMO/11/10.png",Sim,Sim,Sim,multiple_choice,Nenhum,Conteúdo preservado,Nenhuma,"PMP - BOOK 8/2. Ambiente do projeto, contexto organizacional, governança e PMO/11/Gabarito - 2.11.txt",alta
area2-s12-q1,"PMP - BOOK 8/2. Ambiente do projeto, contexto organizacional, governança e PMO/12/Gabarito - 2.12.txt","2. Ambiente do projeto, contexto organizacional, governança e PMO/12/1.png",Sim,Sim,Sim,multiple_choice,Nenhum,Conteúdo preservado,Nenhuma,"PMP - BOOK 8/2. Ambiente do projeto, contexto organizacional, governança e PMO/12/Gabarito - 2.12.txt",alta
area2-s12-q2,"PMP - BOOK 8/2. Ambiente do projeto, contexto organizacional, governança e PMO/12/Gabarito - 2.12.txt","2. Ambiente do projeto, contexto organizacional, governança e PMO/12/2.png",Sim,Sim,Sim,multiple_choice,Nenhum,Conteúdo preservado,Nenhuma,"PMP - BOOK 8/2. Ambiente do projeto, contexto organizacional, governança e PMO/12/Gabarito - 2.12.txt",alta
area2-s12-q3,"PMP - BOOK 8/2. Ambiente do projeto, contexto organizacional, governança e PMO/12/Gabarito - 2.12.txt","2. Ambiente do projeto, contexto organizacional, governança e PMO/12/3.png",Sim,Sim,Sim,multiple_choice,Nenhum,Conteúdo preservado,Nenhuma,"PMP - BOOK 8/2. Ambiente do projeto, contexto organizacional, governança e PMO/12/Gabarito - 2.12.txt",alta
area2-s12-q4,"PMP - BOOK 8/2. Ambiente do projeto, contexto organizacional, governança e PMO/12/Gabarito - 2.12.txt","2. Ambiente do projeto, contexto organizacional, governança e PMO/12/4.png",Sim,Sim,Sim,multiple_choice,Nenhum,Conteúdo preservado,Nenhuma,"PMP - BOOK 8/2. Ambiente do projeto, contexto organizacional, governança e PMO/12/Gabarito - 2.12.txt",alta
area2-s12-q5,"PMP - BOOK 8/2. Ambiente do projeto, contexto organizacional, governança e PMO/12/Gabarito - 2.12.txt","2. Ambiente do projeto, contexto organizacional, governança e PMO/12/5.png",Sim,Sim,Sim,multiple_choice,Nenhum,Conteúdo preservado,Nenhuma,"PMP - BOOK 8/2. Ambiente do projeto, contexto organizacional, governança e PMO/12/Gabarito - 2.12.txt",alta
area2-s12-q6,"PMP - BOOK 8/2. Ambiente do projeto, contexto organizacional, governança e PMO/12/Gabarito - 2.12.txt","2. Ambiente do projeto, contexto organizacional, governança e PMO/12/6.png",Sim,Sim,Sim,multiple_choice,Nenhum,Conteúdo preservado,Nenhuma,"PMP - BOOK 8/2. Ambiente do projeto, contexto organizacional, governança e PMO/12/Gabarito - 2.12.txt",alta
area2-s12-q7,"PMP - BOOK 8/2. Ambiente do projeto, contexto organizacional, governança e PMO/12/Gabarito - 2.12.txt","2. Ambiente do projeto, contexto organizacional, governança e PMO/12/7.png",Sim,Sim,Sim,multiple_choice,Nenhum,Conteúdo preservado,Nenhuma,"PMP - BOOK 8/2. Ambiente do projeto, contexto organizacional, governança e PMO/12/Gabarito - 2.12.txt",alta
area2-s12-q8,"PMP - BOOK 8/2. Ambiente do projeto, contexto organizacional, governança e PMO/12/Gabarito - 2.12.txt","2. Ambiente do projeto, contexto organizacional, governança e PMO/12/8.png",Sim,Sim,Sim,multiple_choice,Nenhum,Conteúdo preservado,Nenhuma,"PMP - BOOK 8/2. Ambiente do projeto, contexto organizacional, governança e PMO/12/Gabarito - 2.12.txt",alta
area2-s12-q9,"PMP - BOOK 8/2. Ambiente do projeto, contexto organizacional, governança e PMO/12/Gabarito - 2.12.txt","2. Ambiente do projeto, contexto organizacional, governança e PMO/12/9.png",Sim,Sim,Sim,multiple_choice,Nenhum,Conteúdo preservado,Nenhuma,"PMP - BOOK 8/2. Ambiente do projeto, contexto organizacional, governança e PMO/12/Gabarito - 2.12.txt",alta
area2-s13-q1,"PMP - BOOK 8/2. Ambiente do projeto, contexto organizacional, governança e PMO/13/Gabarito - 2.13.txt","2. Ambiente do projeto, contexto organizacional, governança e PMO/13/1.png",Sim,Sim,Sim,multiple_choice,Nenhum,Conteúdo preservado,Nenhuma,"PMP - BOOK 8/2. Ambiente do projeto, contexto organizacional, governança e PMO/13/Gabarito - 2.13.txt",alta
area2-s13-q2,"PMP - BOOK 8/2. Ambiente do projeto, contexto organizacional, governança e PMO/13/Gabarito - 2.13.txt","2. Ambiente do projeto, contexto organizacional, governança e PMO/13/2.png",Sim,Sim,Sim,multiple_choice,Nenhum,Conteúdo preservado,Nenhuma,"PMP - BOOK 8/2. Ambiente do projeto, contexto organizacional, governança e PMO/13/Gabarito - 2.13.txt",alta
area2-s13-q3,"PMP - BOOK 8/2. Ambiente do projeto, contexto organizacional, governança e PMO/13/Gabarito - 2.13.txt","2. Ambiente do projeto, contexto organizacional, governança e PMO/13/3.png",Sim,Sim,Sim,multiple_choice,Nenhum,Conteúdo preservado,Nenhuma,"PMP - BOOK 8/2. Ambiente do projeto, contexto organizacional, governança e PMO/13/Gabarito - 2.13.txt",alta
area2-s13-q4,"PMP - BOOK 8/2. Ambiente do projeto, contexto organizacional, governança e PMO/13/Gabarito - 2.13.txt","2. Ambiente do projeto, contexto organizacional, governança e PMO/13/4.png",Sim,Sim,Sim,multiple_choice,Nenhum,Conteúdo preservado,Nenhuma,"PMP - BOOK 8/2. Ambiente do projeto, contexto organizacional, governança e PMO/13/Gabarito - 2.13.txt",alta
area2-s13-q5,"PMP - BOOK 8/2. Ambiente do projeto, contexto organizacional, governança e PMO/13/Gabarito - 2.13.txt","2. Ambiente do projeto, contexto organizacional, governança e PMO/13/5.png",Sim,Sim,Sim,multiple_choice,Nenhum,Conteúdo preservado,Nenhuma,"PMP - BOOK 8/2. Ambiente do projeto, contexto organizacional, governança e PMO/13/Gabarito - 2.13.txt",alta
area2-s13-q6,"PMP - BOOK 8/2. Ambiente do projeto, contexto organizacional, governança e PMO/13/Gabarito - 2.13.txt","2. Ambiente do projeto, contexto organizacional, governança e PMO/13/6.png",Sim,Sim,Sim,multiple_choice,Nenhum,Conteúdo preservado,Nenhuma,"PMP - BOOK 8/2. Ambiente do projeto, contexto organizacional, governança e PMO/13/Gabarito - 2.13.txt",alta
area2-s13-q7,"PMP - BOOK 8/2. Ambiente do projeto, contexto organizacional, governança e PMO/13/Gabarito - 2.13.txt","2. Ambiente do projeto, contexto organizacional, governança e PMO/13/7.png",Sim,Sim,Sim,multiple_choice,Nenhum,Conteúdo preservado,Nenhuma,"PMP - BOOK 8/2. Ambiente do projeto, contexto organizacional, governança e PMO/13/Gabarito - 2.13.txt",alta
area2-s13-q8,"PMP - BOOK 8/2. Ambiente do projeto, contexto organizacional, governança e PMO/13/Gabarito - 2.13.txt","2. Ambiente do projeto, contexto organizacional, governança e PMO/13/8.png",Sim,Sim,Sim,multiple_choice,Nenhum,Conteúdo preservado,Nenhuma,"PMP - BOOK 8/2. Ambiente do projeto, contexto organizacional, governança e PMO/13/Gabarito - 2.13.txt",alta
area2-s13-q9,"PMP - BOOK 8/2. Ambiente do projeto, contexto organizacional, governança e PMO/13/Gabarito - 2.13.txt","2. Ambiente do projeto, contexto organizacional, governança e PMO/13/9.png",Sim,Sim,Sim,multiple_choice,Nenhum,Conteúdo preservado,Nenhuma,"PMP - BOOK 8/2. Ambiente do projeto, contexto organizacional, governança e PMO/13/Gabarito - 2.13.txt",alta
area2-s14-q1,"PMP - BOOK 8/2. Ambiente do projeto, contexto organizacional, governança e PMO/14/Gabarito - 2.14.txt","2. Ambiente do projeto, contexto organizacional, governança e PMO/14/1.png",Sim,Sim,Sim,multiple_choice,Nenhum,Conteúdo preservado,Nenhuma,"PMP - BOOK 8/2. Ambiente do projeto, contexto organizacional, governança e PMO/14/Gabarito - 2.14.txt",alta
area2-s14-q2,"PMP - BOOK 8/2. Ambiente do projeto, contexto organizacional, governança e PMO/14/Gabarito - 2.14.txt","2. Ambiente do projeto, contexto organizacional, governança e PMO/14/2.png",Sim,Sim,Sim,multiple_choice,Nenhum,Conteúdo preservado,Nenhuma,"PMP - BOOK 8/2. Ambiente do projeto, contexto organizacional, governança e PMO/14/Gabarito - 2.14.txt",alta
area2-s14-q3,"PMP - BOOK 8/2. Ambiente do projeto, contexto organizacional, governança e PMO/14/Gabarito - 2.14.txt","2. Ambiente do projeto, contexto organizacional, governança e PMO/14/3.png",Sim,Sim,Sim,multiple_choice,Nenhum,Conteúdo preservado,Nenhuma,"PMP - BOOK 8/2. Ambiente do projeto, contexto organizacional, governança e PMO/14/Gabarito - 2.14.txt",alta
area2-s14-q4,"PMP - BOOK 8/2. Ambiente do projeto, contexto organizacional, governança e PMO/14/Gabarito - 2.14.txt","2. Ambiente do projeto, contexto organizacional, governança e PMO/14/4.png",Sim,Sim,Sim,multiple_choice,Nenhum,Conteúdo preservado,Nenhuma,"PMP - BOOK 8/2. Ambiente do projeto, contexto organizacional, governança e PMO/14/Gabarito - 2.14.txt",alta
area2-s14-q5,"PMP - BOOK 8/2. Ambiente do projeto, contexto organizacional, governança e PMO/14/Gabarito - 2.14.txt","2. Ambiente do projeto, contexto organizacional, governança e PMO/14/5.png",Sim,Sim,Sim,multiple_choice,Nenhum,Conteúdo preservado,Nenhuma,"PMP - BOOK 8/2. Ambiente do projeto, contexto organizacional, governança e PMO/14/Gabarito - 2.14.txt",alta
area2-s14-q6,"PMP - BOOK 8/2. Ambiente do projeto, contexto organizacional, governança e PMO/14/Gabarito - 2.14.txt","2. Ambiente do projeto, contexto organizacional, governança e PMO/14/6.png",Sim,Sim,Sim,multiple_selection,Nenhum,Conteúdo preservado,Nenhuma,"PMP - BOOK 8/2. Ambiente do projeto, contexto organizacional, governança e PMO/14/Gabarito - 2.14.txt",alta
area2-s14-q7,"PMP - BOOK 8/2. Ambiente do projeto, contexto organizacional, governança e PMO/14/Gabarito - 2.14.txt","2. Ambiente do projeto, contexto organizacional, governança e PMO/14/7.png",Sim,Sim,Sim,multiple_choice,Nenhum,Conteúdo preservado,Nenhuma,"PMP - BOOK 8/2. Ambiente do projeto, contexto organizacional, governança e PMO/14/Gabarito - 2.14.txt",alta
area2-s14-q8,"PMP - BOOK 8/2. Ambiente do projeto, contexto organizacional, governança e PMO/14/Gabarito - 2.14.txt","2. Ambiente do projeto, contexto organizacional, governança e PMO/14/8.png",Sim,Sim,Sim,multiple_choice,Nenhum,Conteúdo preservado,Nenhuma,"PMP - BOOK 8/2. Ambiente do projeto, contexto organizacional, governança e PMO/14/Gabarito - 2.14.txt",alta
area2-s14-q9,"PMP - BOOK 8/2. Ambiente do projeto, contexto organizacional, governança e PMO/14/Gabarito - 2.14.txt","2. Ambiente do projeto, contexto organizacional, governança e PMO/14/9.png",Sim,Sim,Sim,multiple_choice,Nenhum,Conteúdo preservado,Nenhuma,"PMP - BOOK 8/2. Ambiente do projeto, contexto organizacional, governança e PMO/14/Gabarito - 2.14.txt",alta
area2-s15-q1,"PMP - BOOK 8/2. Ambiente do projeto, contexto organizacional, governança e PMO/15/Gabarito - 2.15.txt","2. Ambiente do projeto, contexto organizacional, governança e PMO/15/1.png",Sim,Sim,Sim,multiple_choice,Nenhum,Conteúdo preservado,Nenhuma,"PMP - BOOK 8/2. Ambiente do projeto, contexto organizacional, governança e PMO/15/Gabarito - 2.15.txt",alta
area2-s15-q2,"PMP - BOOK 8/2. Ambiente do projeto, contexto organizacional, governança e PMO/15/Gabarito - 2.15.txt","2. Ambiente do projeto, contexto organizacional, governança e PMO/15/2.png",Sim,Sim,Sim,multiple_choice,Nenhum,Conteúdo preservado,Nenhuma,"PMP - BOOK 8/2. Ambiente do projeto, contexto organizacional, governança e PMO/15/Gabarito - 2.15.txt",alta
area2-s15-q3,"PMP - BOOK 8/2. Ambiente do projeto, contexto organizacional, governança e PMO/15/Gabarito - 2.15.txt","2. Ambiente do projeto, contexto organizacional, governança e PMO/15/3.png",Sim,Sim,Sim,multiple_choice,Nenhum,Conteúdo preservado,Nenhuma,"PMP - BOOK 8/2. Ambiente do projeto, contexto organizacional, governança e PMO/15/Gabarito - 2.15.txt",alta
area2-s15-q4,"PMP - BOOK 8/2. Ambiente do projeto, contexto organizacional, governança e PMO/15/Gabarito - 2.15.txt","2. Ambiente do projeto, contexto organizacional, governança e PMO/15/4.png",Sim,Sim,Sim,multiple_choice,Nenhum,Conteúdo preservado,Nenhuma,"PMP - BOOK 8/2. Ambiente do projeto, contexto organizacional, governança e PMO/15/Gabarito - 2.15.txt",alta
area2-s15-q5,"PMP - BOOK 8/2. Ambiente do projeto, contexto organizacional, governança e PMO/15/Gabarito - 2.15.txt","2. Ambiente do projeto, contexto organizacional, governança e PMO/15/5.png",Sim,Sim,Sim,multiple_choice,Nenhum,Conteúdo preservado,Nenhuma,"PMP - BOOK 8/2. Ambiente do projeto, contexto organizacional, governança e PMO/15/Gabarito - 2.15.txt",alta
area2-s15-q6,"PMP - BOOK 8/2. Ambiente do projeto, contexto organizacional, governança e PMO/15/Gabarito - 2.15.txt","2. Ambiente do projeto, contexto organizacional, governança e PMO/15/6.png",Sim,Sim,Sim,multiple_choice,Nenhum,Conteúdo preservado,Nenhuma,"PMP - BOOK 8/2. Ambiente do projeto, contexto organizacional, governança e PMO/15/Gabarito - 2.15.txt",alta
area2-s15-q7,"PMP - BOOK 8/2. Ambiente do projeto, contexto organizacional, governança e PMO/15/Gabarito - 2.15.txt","2. Ambiente do projeto, contexto organizacional, governança e PMO/15/7.png",Sim,Sim,Sim,multiple_selection,Nenhum,Conteúdo preservado,Nenhuma,"PMP - BOOK 8/2. Ambiente do projeto, contexto organizacional, governança e PMO/15/Gabarito - 2.15.txt",alta
area2-s15-q8,"PMP - BOOK 8/2. Ambiente do projeto, contexto organizacional, governança e PMO/15/Gabarito - 2.15.txt","2. Ambiente do projeto, contexto organizacional, governança e PMO/15/8.png",Sim,Sim,Sim,multiple_choice,Nenhum,Conteúdo preservado,Nenhuma,"PMP - BOOK 8/2. Ambiente do projeto, contexto organizacional, governança e PMO/15/Gabarito - 2.15.txt",alta
area2-s15-q9,"PMP - BOOK 8/2. Ambiente do projeto, contexto organizacional, governança e PMO/15/Gabarito - 2.15.txt","2. Ambiente do projeto, contexto organizacional, governança e PMO/15/9.png",Sim,Sim,Sim,multiple_choice,Nenhum,Conteúdo preservado,Nenhuma,"PMP - BOOK 8/2. Ambiente do projeto, contexto organizacional, governança e PMO/15/Gabarito - 2.15.txt",alta
area2-s15-q10,"PMP - BOOK 8/2. Ambiente do projeto, contexto organizacional, governança e PMO/15/Gabarito - 2.15.txt","2. Ambiente do projeto, contexto organizacional, governança e PMO/15/10.png",Sim,Sim,Sim,multiple_choice,Nenhum,Conteúdo preservado,Nenhuma,"PMP - BOOK 8/2. Ambiente do projeto, contexto organizacional, governança e PMO/15/Gabarito - 2.15.txt",alta
area2-s15-q11,"PMP - BOOK 8/2. Ambiente do projeto, contexto organizacional, governança e PMO/15/Gabarito - 2.15.txt","2. Ambiente do projeto, contexto organizacional, governança e PMO/15/11.png",Sim,Sim,Sim,multiple_choice,Nenhum,Conteúdo preservado,Nenhuma,"PMP - BOOK 8/2. Ambiente do projeto, contexto organizacional, governança e PMO/15/Gabarito - 2.15.txt",alta
area2-s16-q1,"PMP - BOOK 8/2. Ambiente do projeto, contexto organizacional, governança e PMO/16/Gabarito - 2.16.txt","2. Ambiente do projeto, contexto organizacional, governança e PMO/16/1.png",Sim,Sim,Sim,multiple_choice,Nenhum,Conteúdo preservado,Nenhuma,"PMP - BOOK 8/2. Ambiente do projeto, contexto organizacional, governança e PMO/16/Gabarito - 2.16.txt",alta
area2-s16-q2,"PMP - BOOK 8/2. Ambiente do projeto, contexto organizacional, governança e PMO/16/Gabarito - 2.16.txt","2. Ambiente do projeto, contexto organizacional, governança e PMO/16/2.png",Sim,Sim,Sim,multiple_choice,Nenhum,Conteúdo preservado,Nenhuma,"PMP - BOOK 8/2. Ambiente do projeto, contexto organizacional, governança e PMO/16/Gabarito - 2.16.txt",alta
area2-s16-q3,"PMP - BOOK 8/2. Ambiente do projeto, contexto organizacional, governança e PMO/16/Gabarito - 2.16.txt","2. Ambiente do projeto, contexto organizacional, governança e PMO/16/3.png",Sim,Sim,Sim,multiple_choice,Nenhum,Conteúdo preservado,Nenhuma,"PMP - BOOK 8/2. Ambiente do projeto, contexto organizacional, governança e PMO/16/Gabarito - 2.16.txt",alta
area2-s16-q4,"PMP - BOOK 8/2. Ambiente do projeto, contexto organizacional, governança e PMO/16/Gabarito - 2.16.txt","2. Ambiente do projeto, contexto organizacional, governança e PMO/16/4.png",Sim,Sim,Sim,multiple_choice,Nenhum,Conteúdo preservado,Nenhuma,"PMP - BOOK 8/2. Ambiente do projeto, contexto organizacional, governança e PMO/16/Gabarito - 2.16.txt",alta
area2-s16-q5,"PMP - BOOK 8/2. Ambiente do projeto, contexto organizacional, governança e PMO/16/Gabarito - 2.16.txt","2. Ambiente do projeto, contexto organizacional, governança e PMO/16/5.png",Sim,Sim,Sim,multiple_choice,Nenhum,Conteúdo preservado,Nenhuma,"PMP - BOOK 8/2. Ambiente do projeto, contexto organizacional, governança e PMO/16/Gabarito - 2.16.txt",alta
area2-s16-q7,"PMP - BOOK 8/2. Ambiente do projeto, contexto organizacional, governança e PMO/16/Gabarito - 2.16.txt","2. Ambiente do projeto, contexto organizacional, governança e PMO/16/7.png",Sim,Sim,Sim,multiple_choice,Nenhum,Conteúdo preservado,Nenhuma,"PMP - BOOK 8/2. Ambiente do projeto, contexto organizacional, governança e PMO/16/Gabarito - 2.16.txt",alta
area2-s16-q8,"PMP - BOOK 8/2. Ambiente do projeto, contexto organizacional, governança e PMO/16/Gabarito - 2.16.txt","2. Ambiente do projeto, contexto organizacional, governança e PMO/16/8.png",Sim,Sim,Sim,multiple_choice,Nenhum,Conteúdo preservado,Nenhuma,"PMP - BOOK 8/2. Ambiente do projeto, contexto organizacional, governança e PMO/16/Gabarito - 2.16.txt",alta
area2-s16-q9,"PMP - BOOK 8/2. Ambiente do projeto, contexto organizacional, governança e PMO/16/Gabarito - 2.16.txt","2. Ambiente do projeto, contexto organizacional, governança e PMO/16/9.png",Sim,Sim,Sim,multiple_choice,Nenhum,Conteúdo preservado,Nenhuma,"PMP - BOOK 8/2. Ambiente do projeto, contexto organizacional, governança e PMO/16/Gabarito - 2.16.txt",alta
area3-s1-q1,"PMP - BOOK 8/3. Abordagens de desenvolvimento, ciclo de vida e adaptação/1/Gabarito - 3.1.txt","3. Abordagens de desenvolvimento, ciclo de vida e adaptação/1/1.png",Sim,Sim,Sim,multiple_choice,Nenhum,Conteúdo preservado,Nenhuma,"PMP - BOOK 8/3. Abordagens de desenvolvimento, ciclo de vida e adaptação/1/Gabarito - 3.1.txt",alta
area3-s1-q2,"PMP - BOOK 8/3. Abordagens de desenvolvimento, ciclo de vida e adaptação/1/Gabarito - 3.1.txt","3. Abordagens de desenvolvimento, ciclo de vida e adaptação/1/2.png",Sim,Sim,Sim,multiple_choice,Nenhum,Conteúdo preservado,Nenhuma,"PMP - BOOK 8/3. Abordagens de desenvolvimento, ciclo de vida e adaptação/1/Gabarito - 3.1.txt",alta
area3-s1-q3,"PMP - BOOK 8/3. Abordagens de desenvolvimento, ciclo de vida e adaptação/1/Gabarito - 3.1.txt","3. Abordagens de desenvolvimento, ciclo de vida e adaptação/1/3.png",Sim,Sim,Sim,multiple_choice,Nenhum,Conteúdo preservado,Nenhuma,"PMP - BOOK 8/3. Abordagens de desenvolvimento, ciclo de vida e adaptação/1/Gabarito - 3.1.txt",alta
area3-s1-q4,"PMP - BOOK 8/3. Abordagens de desenvolvimento, ciclo de vida e adaptação/1/Gabarito - 3.1.txt","3. Abordagens de desenvolvimento, ciclo de vida e adaptação/1/4.png",Sim,Sim,Sim,multiple_choice,Nenhum,Conteúdo preservado,Nenhuma,"PMP - BOOK 8/3. Abordagens de desenvolvimento, ciclo de vida e adaptação/1/Gabarito - 3.1.txt",alta
area3-s1-q5,"PMP - BOOK 8/3. Abordagens de desenvolvimento, ciclo de vida e adaptação/1/Gabarito - 3.1.txt","3. Abordagens de desenvolvimento, ciclo de vida e adaptação/1/5.png",Sim,Sim,Sim,multiple_selection,Nenhum,Conteúdo preservado,Nenhuma,"PMP - BOOK 8/3. Abordagens de desenvolvimento, ciclo de vida e adaptação/1/Gabarito - 3.1.txt",alta
area3-s1-q6,"PMP - BOOK 8/3. Abordagens de desenvolvimento, ciclo de vida e adaptação/1/Gabarito - 3.1.txt","3. Abordagens de desenvolvimento, ciclo de vida e adaptação/1/6.png",Sim,Sim,Sim,multiple_choice,Nenhum,Conteúdo preservado,Nenhuma,"PMP - BOOK 8/3. Abordagens de desenvolvimento, ciclo de vida e adaptação/1/Gabarito - 3.1.txt",alta
area3-s1-q7,"PMP - BOOK 8/3. Abordagens de desenvolvimento, ciclo de vida e adaptação/1/Gabarito - 3.1.txt","3. Abordagens de desenvolvimento, ciclo de vida e adaptação/1/7.png",Sim,Sim,Sim,matching,Nenhum,Associação estruturada a partir dos pares da fonte,Nenhuma,"PMP - BOOK 8/3. Abordagens de desenvolvimento, ciclo de vida e adaptação/1/Gabarito - 3.1.txt",alta
area3-s1-q8,"PMP - BOOK 8/3. Abordagens de desenvolvimento, ciclo de vida e adaptação/1/Gabarito - 3.1.txt","3. Abordagens de desenvolvimento, ciclo de vida e adaptação/1/8.png",Sim,Sim,Sim,multiple_choice,Nenhum,Conteúdo preservado,Nenhuma,"PMP - BOOK 8/3. Abordagens de desenvolvimento, ciclo de vida e adaptação/1/Gabarito - 3.1.txt",alta
area3-s1-q9,"PMP - BOOK 8/3. Abordagens de desenvolvimento, ciclo de vida e adaptação/1/Gabarito - 3.1.txt","3. Abordagens de desenvolvimento, ciclo de vida e adaptação/1/9.png",Sim,Sim,Sim,multiple_choice,Nenhum,Conteúdo preservado,Nenhuma,"PMP - BOOK 8/3. Abordagens de desenvolvimento, ciclo de vida e adaptação/1/Gabarito - 3.1.txt",alta
area3-s1-q10,"PMP - BOOK 8/3. Abordagens de desenvolvimento, ciclo de vida e adaptação/1/Gabarito - 3.1.txt","3. Abordagens de desenvolvimento, ciclo de vida e adaptação/1/10.png",Sim,Sim,Sim,multiple_choice,Nenhum,Conteúdo preservado,Nenhuma,"PMP - BOOK 8/3. Abordagens de desenvolvimento, ciclo de vida e adaptação/1/Gabarito - 3.1.txt",alta
area3-s1-q11,"PMP - BOOK 8/3. Abordagens de desenvolvimento, ciclo de vida e adaptação/1/Gabarito - 3.1.txt","3. Abordagens de desenvolvimento, ciclo de vida e adaptação/1/11.png",Sim,Sim,Sim,multiple_choice,Nenhum,Conteúdo preservado,Nenhuma,"PMP - BOOK 8/3. Abordagens de desenvolvimento, ciclo de vida e adaptação/1/Gabarito - 3.1.txt",alta
area3-s2-q1,"PMP - BOOK 8/3. Abordagens de desenvolvimento, ciclo de vida e adaptação/2/Gabarito - 3.2.txt","3. Abordagens de desenvolvimento, ciclo de vida e adaptação/2/1.png",Sim,Sim,Sim,matching,Nenhum,Associação estruturada a partir dos pares da fonte,Nenhuma,"PMP - BOOK 8/3. Abordagens de desenvolvimento, ciclo de vida e adaptação/2/Gabarito - 3.2.txt",alta
area3-s2-q2,"PMP - BOOK 8/3. Abordagens de desenvolvimento, ciclo de vida e adaptação/2/Gabarito - 3.2.txt","3. Abordagens de desenvolvimento, ciclo de vida e adaptação/2/2.png",Sim,Sim,Sim,multiple_choice,Nenhum,Conteúdo preservado,Nenhuma,"PMP - BOOK 8/3. Abordagens de desenvolvimento, ciclo de vida e adaptação/2/Gabarito - 3.2.txt",alta
area3-s2-q3,"PMP - BOOK 8/3. Abordagens de desenvolvimento, ciclo de vida e adaptação/2/Gabarito - 3.2.txt","3. Abordagens de desenvolvimento, ciclo de vida e adaptação/2/3.png",Sim,Sim,Sim,multiple_choice,Nenhum,Conteúdo preservado,Nenhuma,"PMP - BOOK 8/3. Abordagens de desenvolvimento, ciclo de vida e adaptação/2/Gabarito - 3.2.txt",alta
area3-s2-q4,"PMP - BOOK 8/3. Abordagens de desenvolvimento, ciclo de vida e adaptação/2/Gabarito - 3.2.txt","3. Abordagens de desenvolvimento, ciclo de vida e adaptação/2/4.png",Sim,Sim,Sim,matching,Nenhum,Associação estruturada a partir dos pares da fonte,Nenhuma,"PMP - BOOK 8/3. Abordagens de desenvolvimento, ciclo de vida e adaptação/2/Gabarito - 3.2.txt",alta
area3-s2-q5,"PMP - BOOK 8/3. Abordagens de desenvolvimento, ciclo de vida e adaptação/2/Gabarito - 3.2.txt","3. Abordagens de desenvolvimento, ciclo de vida e adaptação/2/5.png",Sim,Sim,Sim,multiple_choice,Nenhum,Conteúdo preservado,Nenhuma,"PMP - BOOK 8/3. Abordagens de desenvolvimento, ciclo de vida e adaptação/2/Gabarito - 3.2.txt",alta
area3-s2-q6,"PMP - BOOK 8/3. Abordagens de desenvolvimento, ciclo de vida e adaptação/2/Gabarito - 3.2.txt","3. Abordagens de desenvolvimento, ciclo de vida e adaptação/2/6.png",Sim,Sim,Sim,multiple_choice,Nenhum,Conteúdo preservado,Nenhuma,"PMP - BOOK 8/3. Abordagens de desenvolvimento, ciclo de vida e adaptação/2/Gabarito - 3.2.txt",alta
area3-s2-q7,"PMP - BOOK 8/3. Abordagens de desenvolvimento, ciclo de vida e adaptação/2/Gabarito - 3.2.txt","3. Abordagens de desenvolvimento, ciclo de vida e adaptação/2/7.png",Sim,Sim,Sim,multiple_choice,Nenhum,Conteúdo preservado,Nenhuma,"PMP - BOOK 8/3. Abordagens de desenvolvimento, ciclo de vida e adaptação/2/Gabarito - 3.2.txt",alta
area3-s2-q8,"PMP - BOOK 8/3. Abordagens de desenvolvimento, ciclo de vida e adaptação/2/Gabarito - 3.2.txt","3. Abordagens de desenvolvimento, ciclo de vida e adaptação/2/8.png",Sim,Sim,Sim,multiple_choice,Nenhum,Conteúdo preservado,Nenhuma,"PMP - BOOK 8/3. Abordagens de desenvolvimento, ciclo de vida e adaptação/2/Gabarito - 3.2.txt",alta
area3-s2-q9,"PMP - BOOK 8/3. Abordagens de desenvolvimento, ciclo de vida e adaptação/2/Gabarito - 3.2.txt","3. Abordagens de desenvolvimento, ciclo de vida e adaptação/2/9.png",Sim,Sim,Sim,multiple_choice,Nenhum,Conteúdo preservado,Nenhuma,"PMP - BOOK 8/3. Abordagens de desenvolvimento, ciclo de vida e adaptação/2/Gabarito - 3.2.txt",alta
area3-s2-q10,"PMP - BOOK 8/3. Abordagens de desenvolvimento, ciclo de vida e adaptação/2/Gabarito - 3.2.txt","3. Abordagens de desenvolvimento, ciclo de vida e adaptação/2/10.png",Sim,Sim,Sim,multiple_choice,Nenhum,Conteúdo preservado,Nenhuma,"PMP - BOOK 8/3. Abordagens de desenvolvimento, ciclo de vida e adaptação/2/Gabarito - 3.2.txt",alta
area3-s3-q1,"PMP - BOOK 8/3. Abordagens de desenvolvimento, ciclo de vida e adaptação/3/Gabarito - 3.3.txt","3. Abordagens de desenvolvimento, ciclo de vida e adaptação/3/1.png",Sim,Sim,Sim,multiple_choice,Nenhum,Conteúdo preservado,Nenhuma,"PMP - BOOK 8/3. Abordagens de desenvolvimento, ciclo de vida e adaptação/3/Gabarito - 3.3.txt",alta
area3-s3-q2,"PMP - BOOK 8/3. Abordagens de desenvolvimento, ciclo de vida e adaptação/3/Gabarito - 3.3.txt","3. Abordagens de desenvolvimento, ciclo de vida e adaptação/3/2.png",Sim,Sim,Sim,multiple_choice,Nenhum,Conteúdo preservado,Nenhuma,"PMP - BOOK 8/3. Abordagens de desenvolvimento, ciclo de vida e adaptação/3/Gabarito - 3.3.txt",alta
area3-s3-q3,"PMP - BOOK 8/3. Abordagens de desenvolvimento, ciclo de vida e adaptação/3/Gabarito - 3.3.txt","3. Abordagens de desenvolvimento, ciclo de vida e adaptação/3/3.png",Sim,Sim,Sim,multiple_choice,Nenhum,Conteúdo preservado,Nenhuma,"PMP - BOOK 8/3. Abordagens de desenvolvimento, ciclo de vida e adaptação/3/Gabarito - 3.3.txt",alta
area3-s3-q4,"PMP - BOOK 8/3. Abordagens de desenvolvimento, ciclo de vida e adaptação/3/Gabarito - 3.3.txt","3. Abordagens de desenvolvimento, ciclo de vida e adaptação/3/4.png",Sim,Sim,Sim,multiple_choice,Nenhum,Conteúdo preservado,Nenhuma,"PMP - BOOK 8/3. Abordagens de desenvolvimento, ciclo de vida e adaptação/3/Gabarito - 3.3.txt",alta
area3-s3-q5,"PMP - BOOK 8/3. Abordagens de desenvolvimento, ciclo de vida e adaptação/3/Gabarito - 3.3.txt","3. Abordagens de desenvolvimento, ciclo de vida e adaptação/3/5.png",Sim,Sim,Sim,multiple_selection,Nenhum,Conteúdo preservado,Nenhuma,"PMP - BOOK 8/3. Abordagens de desenvolvimento, ciclo de vida e adaptação/3/Gabarito - 3.3.txt",alta
area3-s3-q6,"PMP - BOOK 8/3. Abordagens de desenvolvimento, ciclo de vida e adaptação/3/Gabarito - 3.3.txt","3. Abordagens de desenvolvimento, ciclo de vida e adaptação/3/6.png",Sim,Sim,Sim,multiple_choice,Nenhum,Conteúdo preservado,Nenhuma,"PMP - BOOK 8/3. Abordagens de desenvolvimento, ciclo de vida e adaptação/3/Gabarito - 3.3.txt",alta
area3-s3-q7,"PMP - BOOK 8/3. Abordagens de desenvolvimento, ciclo de vida e adaptação/3/Gabarito - 3.3.txt","3. Abordagens de desenvolvimento, ciclo de vida e adaptação/3/7.png",Sim,Sim,Sim,multiple_choice,Nenhum,Conteúdo preservado,Nenhuma,"PMP - BOOK 8/3. Abordagens de desenvolvimento, ciclo de vida e adaptação/3/Gabarito - 3.3.txt",alta
area3-s3-q8,"PMP - BOOK 8/3. Abordagens de desenvolvimento, ciclo de vida e adaptação/3/Gabarito - 3.3.txt","3. Abordagens de desenvolvimento, ciclo de vida e adaptação/3/8.png",Sim,Sim,Sim,multiple_choice,Nenhum,Conteúdo preservado,Nenhuma,"PMP - BOOK 8/3. Abordagens de desenvolvimento, ciclo de vida e adaptação/3/Gabarito - 3.3.txt",alta
area3-s3-q9,"PMP - BOOK 8/3. Abordagens de desenvolvimento, ciclo de vida e adaptação/3/Gabarito - 3.3.txt","3. Abordagens de desenvolvimento, ciclo de vida e adaptação/3/9.png",Sim,Sim,Sim,multiple_choice,Nenhum,Conteúdo preservado,Nenhuma,"PMP - BOOK 8/3. Abordagens de desenvolvimento, ciclo de vida e adaptação/3/Gabarito - 3.3.txt",alta
area3-s3-q10,"PMP - BOOK 8/3. Abordagens de desenvolvimento, ciclo de vida e adaptação/3/Gabarito - 3.3.txt","3. Abordagens de desenvolvimento, ciclo de vida e adaptação/3/10.png",Sim,Sim,Sim,multiple_choice,Nenhum,Conteúdo preservado,Nenhuma,"PMP - BOOK 8/3. Abordagens de desenvolvimento, ciclo de vida e adaptação/3/Gabarito - 3.3.txt",alta
area3-s3-q11,"PMP - BOOK 8/3. Abordagens de desenvolvimento, ciclo de vida e adaptação/3/Gabarito - 3.3.txt","3. Abordagens de desenvolvimento, ciclo de vida e adaptação/3/11.png",Sim,Sim,Sim,matching,Nenhum,Associação estruturada a partir dos pares da fonte,Nenhuma,"PMP - BOOK 8/3. Abordagens de desenvolvimento, ciclo de vida e adaptação/3/Gabarito - 3.3.txt",alta
area3-s3-q12,"PMP - BOOK 8/3. Abordagens de desenvolvimento, ciclo de vida e adaptação/3/Gabarito - 3.3.txt","3. Abordagens de desenvolvimento, ciclo de vida e adaptação/3/12.png",Sim,Sim,Sim,multiple_choice,Nenhum,Conteúdo preservado,Nenhuma,"PMP - BOOK 8/3. Abordagens de desenvolvimento, ciclo de vida e adaptação/3/Gabarito - 3.3.txt",alta
area3-s4-q1,"PMP - BOOK 8/3. Abordagens de desenvolvimento, ciclo de vida e adaptação/4/Gabarito - 3.4.txt","3. Abordagens de desenvolvimento, ciclo de vida e adaptação/4/1.png",Sim,Sim,Sim,multiple_choice,Nenhum,Conteúdo preservado,Nenhuma,"PMP - BOOK 8/3. Abordagens de desenvolvimento, ciclo de vida e adaptação/4/Gabarito - 3.4.txt",alta
area3-s4-q2,"PMP - BOOK 8/3. Abordagens de desenvolvimento, ciclo de vida e adaptação/4/Gabarito - 3.4.txt","3. Abordagens de desenvolvimento, ciclo de vida e adaptação/4/2.png",Sim,Sim,Sim,multiple_choice,Nenhum,Conteúdo preservado,Nenhuma,"PMP - BOOK 8/3. Abordagens de desenvolvimento, ciclo de vida e adaptação/4/Gabarito - 3.4.txt",alta
area3-s4-q3,"PMP - BOOK 8/3. Abordagens de desenvolvimento, ciclo de vida e adaptação/4/Gabarito - 3.4.txt","3. Abordagens de desenvolvimento, ciclo de vida e adaptação/4/3.png",Sim,Sim,Sim,multiple_choice,Nenhum,Conteúdo preservado,Nenhuma,"PMP - BOOK 8/3. Abordagens de desenvolvimento, ciclo de vida e adaptação/4/Gabarito - 3.4.txt",alta
area3-s4-q4,"PMP - BOOK 8/3. Abordagens de desenvolvimento, ciclo de vida e adaptação/4/Gabarito - 3.4.txt","3. Abordagens de desenvolvimento, ciclo de vida e adaptação/4/4.png",Sim,Sim,Sim,multiple_selection,Nenhum,Conteúdo preservado,Nenhuma,"PMP - BOOK 8/3. Abordagens de desenvolvimento, ciclo de vida e adaptação/4/Gabarito - 3.4.txt",alta
area3-s4-q5,"PMP - BOOK 8/3. Abordagens de desenvolvimento, ciclo de vida e adaptação/4/Gabarito - 3.4.txt","3. Abordagens de desenvolvimento, ciclo de vida e adaptação/4/5.png",Sim,Sim,Sim,multiple_choice,Nenhum,Conteúdo preservado,Nenhuma,"PMP - BOOK 8/3. Abordagens de desenvolvimento, ciclo de vida e adaptação/4/Gabarito - 3.4.txt",alta
area3-s4-q6,"PMP - BOOK 8/3. Abordagens de desenvolvimento, ciclo de vida e adaptação/4/Gabarito - 3.4.txt","3. Abordagens de desenvolvimento, ciclo de vida e adaptação/4/6.png",Sim,Sim,Sim,multiple_choice,Nenhum,Conteúdo preservado,Nenhuma,"PMP - BOOK 8/3. Abordagens de desenvolvimento, ciclo de vida e adaptação/4/Gabarito - 3.4.txt",alta
area3-s4-q7,"PMP - BOOK 8/3. Abordagens de desenvolvimento, ciclo de vida e adaptação/4/Gabarito - 3.4.txt","3. Abordagens de desenvolvimento, ciclo de vida e adaptação/4/7.png",Sim,Sim,Sim,multiple_choice,Nenhum,Conteúdo preservado,Nenhuma,"PMP - BOOK 8/3. Abordagens de desenvolvimento, ciclo de vida e adaptação/4/Gabarito - 3.4.txt",alta
area3-s4-q8,"PMP - BOOK 8/3. Abordagens de desenvolvimento, ciclo de vida e adaptação/4/Gabarito - 3.4.txt","3. Abordagens de desenvolvimento, ciclo de vida e adaptação/4/8.png",Sim,Sim,Sim,multiple_choice,Nenhum,Conteúdo preservado,Nenhuma,"PMP - BOOK 8/3. Abordagens de desenvolvimento, ciclo de vida e adaptação/4/Gabarito - 3.4.txt",alta
area3-s4-q9,"PMP - BOOK 8/3. Abordagens de desenvolvimento, ciclo de vida e adaptação/4/Gabarito - 3.4.txt","3. Abordagens de desenvolvimento, ciclo de vida e adaptação/4/9.png",Sim,Sim,Sim,multiple_selection,Nenhum,Conteúdo preservado,Nenhuma,"PMP - BOOK 8/3. Abordagens de desenvolvimento, ciclo de vida e adaptação/4/Gabarito - 3.4.txt",alta
area3-s4-q10,"PMP - BOOK 8/3. Abordagens de desenvolvimento, ciclo de vida e adaptação/4/Gabarito - 3.4.txt","3. Abordagens de desenvolvimento, ciclo de vida e adaptação/4/10.png",Sim,Sim,Sim,multiple_choice,Nenhum,Conteúdo preservado,Nenhuma,"PMP - BOOK 8/3. Abordagens de desenvolvimento, ciclo de vida e adaptação/4/Gabarito - 3.4.txt",alta
area3-s4-q11,"PMP - BOOK 8/3. Abordagens de desenvolvimento, ciclo de vida e adaptação/4/Gabarito - 3.4.txt","3. Abordagens de desenvolvimento, ciclo de vida e adaptação/4/11.png",Sim,Sim,Sim,multiple_choice,Nenhum,Conteúdo preservado,Nenhuma,"PMP - BOOK 8/3. Abordagens de desenvolvimento, ciclo de vida e adaptação/4/Gabarito - 3.4.txt",alta
area3-s4-q12,"PMP - BOOK 8/3. Abordagens de desenvolvimento, ciclo de vida e adaptação/4/Gabarito - 3.4.txt","3. Abordagens de desenvolvimento, ciclo de vida e adaptação/4/12.png",Sim,Sim,Sim,multiple_choice,Nenhum,Conteúdo preservado,Nenhuma,"PMP - BOOK 8/3. Abordagens de desenvolvimento, ciclo de vida e adaptação/4/Gabarito - 3.4.txt",alta
area3-s5-q1,"PMP - BOOK 8/3. Abordagens de desenvolvimento, ciclo de vida e adaptação/5/Gabarito - 3.5.txt","3. Abordagens de desenvolvimento, ciclo de vida e adaptação/5/1.png",Sim,Sim,Sim,multiple_choice,Nenhum,Conteúdo preservado,Nenhuma,"PMP - BOOK 8/3. Abordagens de desenvolvimento, ciclo de vida e adaptação/5/Gabarito - 3.5.txt",alta
area3-s5-q2,"PMP - BOOK 8/3. Abordagens de desenvolvimento, ciclo de vida e adaptação/5/Gabarito - 3.5.txt","3. Abordagens de desenvolvimento, ciclo de vida e adaptação/5/2.png",Sim,Sim,Sim,multiple_choice,Nenhum,Conteúdo preservado,Nenhuma,"PMP - BOOK 8/3. Abordagens de desenvolvimento, ciclo de vida e adaptação/5/Gabarito - 3.5.txt",alta
area3-s5-q3,"PMP - BOOK 8/3. Abordagens de desenvolvimento, ciclo de vida e adaptação/5/Gabarito - 3.5.txt","3. Abordagens de desenvolvimento, ciclo de vida e adaptação/5/3.png",Sim,Sim,Sim,multiple_choice,Nenhum,Conteúdo preservado,Nenhuma,"PMP - BOOK 8/3. Abordagens de desenvolvimento, ciclo de vida e adaptação/5/Gabarito - 3.5.txt",alta
area3-s5-q4,"PMP - BOOK 8/3. Abordagens de desenvolvimento, ciclo de vida e adaptação/5/Gabarito - 3.5.txt","3. Abordagens de desenvolvimento, ciclo de vida e adaptação/5/4.png",Sim,Sim,Sim,multiple_choice,Nenhum,Conteúdo preservado,Nenhuma,"PMP - BOOK 8/3. Abordagens de desenvolvimento, ciclo de vida e adaptação/5/Gabarito - 3.5.txt",alta
area3-s5-q5,"PMP - BOOK 8/3. Abordagens de desenvolvimento, ciclo de vida e adaptação/5/Gabarito - 3.5.txt","3. Abordagens de desenvolvimento, ciclo de vida e adaptação/5/5.png",Sim,Sim,Sim,multiple_choice,Nenhum,Conteúdo preservado,Nenhuma,"PMP - BOOK 8/3. Abordagens de desenvolvimento, ciclo de vida e adaptação/5/Gabarito - 3.5.txt",alta
area3-s5-q6,"PMP - BOOK 8/3. Abordagens de desenvolvimento, ciclo de vida e adaptação/5/Gabarito - 3.5.txt","3. Abordagens de desenvolvimento, ciclo de vida e adaptação/5/6.png",Sim,Sim,Sim,multiple_choice,Nenhum,Conteúdo preservado,Nenhuma,"PMP - BOOK 8/3. Abordagens de desenvolvimento, ciclo de vida e adaptação/5/Gabarito - 3.5.txt",alta
area3-s5-q7,"PMP - BOOK 8/3. Abordagens de desenvolvimento, ciclo de vida e adaptação/5/Gabarito - 3.5.txt","3. Abordagens de desenvolvimento, ciclo de vida e adaptação/5/7.png",Sim,Sim,Sim,multiple_choice,Nenhum,Conteúdo preservado,Nenhuma,"PMP - BOOK 8/3. Abordagens de desenvolvimento, ciclo de vida e adaptação/5/Gabarito - 3.5.txt",alta
area3-s5-q8,"PMP - BOOK 8/3. Abordagens de desenvolvimento, ciclo de vida e adaptação/5/Gabarito - 3.5.txt","3. Abordagens de desenvolvimento, ciclo de vida e adaptação/5/8.png",Sim,Sim,Sim,multiple_choice,Nenhum,Conteúdo preservado,Nenhuma,"PMP - BOOK 8/3. Abordagens de desenvolvimento, ciclo de vida e adaptação/5/Gabarito - 3.5.txt",alta
area3-s5-q9,"PMP - BOOK 8/3. Abordagens de desenvolvimento, ciclo de vida e adaptação/5/Gabarito - 3.5.txt","3. Abordagens de desenvolvimento, ciclo de vida e adaptação/5/9.png",Sim,Sim,Sim,multiple_choice,Nenhum,Conteúdo preservado,Nenhuma,"PMP - BOOK 8/3. Abordagens de desenvolvimento, ciclo de vida e adaptação/5/Gabarito - 3.5.txt",alta
area3-s5-q10,"PMP - BOOK 8/3. Abordagens de desenvolvimento, ciclo de vida e adaptação/5/Gabarito - 3.5.txt","3. Abordagens de desenvolvimento, ciclo de vida e adaptação/5/10.png",Sim,Sim,Sim,multiple_choice,Nenhum,Conteúdo preservado,Nenhuma,"PMP - BOOK 8/3. Abordagens de desenvolvimento, ciclo de vida e adaptação/5/Gabarito - 3.5.txt",alta
area3-s5-q11,"PMP - BOOK 8/3. Abordagens de desenvolvimento, ciclo de vida e adaptação/5/Gabarito - 3.5.txt","3. Abordagens de desenvolvimento, ciclo de vida e adaptação/5/11.png",Sim,Sim,Sim,multiple_choice,Nenhum,Conteúdo preservado,Nenhuma,"PMP - BOOK 8/3. Abordagens de desenvolvimento, ciclo de vida e adaptação/5/Gabarito - 3.5.txt",alta
area3-s5-q12,"PMP - BOOK 8/3. Abordagens de desenvolvimento, ciclo de vida e adaptação/5/Gabarito - 3.5.txt","3. Abordagens de desenvolvimento, ciclo de vida e adaptação/5/12.png",Sim,Sim,Sim,multiple_choice,Nenhum,Conteúdo preservado,Nenhuma,"PMP - BOOK 8/3. Abordagens de desenvolvimento, ciclo de vida e adaptação/5/Gabarito - 3.5.txt",alta
area3-s6-q1,"PMP - BOOK 8/3. Abordagens de desenvolvimento, ciclo de vida e adaptação/6/Gabarito - 3.6.txt","3. Abordagens de desenvolvimento, ciclo de vida e adaptação/6/1.png",Sim,Sim,Sim,multiple_choice,Nenhum,Conteúdo preservado,Nenhuma,"PMP - BOOK 8/3. Abordagens de desenvolvimento, ciclo de vida e adaptação/6/Gabarito - 3.6.txt",alta
area3-s6-q2,"PMP - BOOK 8/3. Abordagens de desenvolvimento, ciclo de vida e adaptação/6/Gabarito - 3.6.txt","3. Abordagens de desenvolvimento, ciclo de vida e adaptação/6/2.png",Sim,Sim,Sim,multiple_choice,Nenhum,Conteúdo preservado,Nenhuma,"PMP - BOOK 8/3. Abordagens de desenvolvimento, ciclo de vida e adaptação/6/Gabarito - 3.6.txt",alta
area3-s6-q3,"PMP - BOOK 8/3. Abordagens de desenvolvimento, ciclo de vida e adaptação/6/Gabarito - 3.6.txt","3. Abordagens de desenvolvimento, ciclo de vida e adaptação/6/3.png",Sim,Sim,Sim,multiple_choice,Nenhum,Conteúdo preservado,Nenhuma,"PMP - BOOK 8/3. Abordagens de desenvolvimento, ciclo de vida e adaptação/6/Gabarito - 3.6.txt",alta
area3-s6-q4,"PMP - BOOK 8/3. Abordagens de desenvolvimento, ciclo de vida e adaptação/6/Gabarito - 3.6.txt","3. Abordagens de desenvolvimento, ciclo de vida e adaptação/6/4.png",Sim,Sim,Sim,multiple_choice,Nenhum,Conteúdo preservado,Nenhuma,"PMP - BOOK 8/3. Abordagens de desenvolvimento, ciclo de vida e adaptação/6/Gabarito - 3.6.txt",alta
area3-s6-q5,"PMP - BOOK 8/3. Abordagens de desenvolvimento, ciclo de vida e adaptação/6/Gabarito - 3.6.txt","3. Abordagens de desenvolvimento, ciclo de vida e adaptação/6/5.png",Sim,Sim,Sim,multiple_choice,Nenhum,Conteúdo preservado,Nenhuma,"PMP - BOOK 8/3. Abordagens de desenvolvimento, ciclo de vida e adaptação/6/Gabarito - 3.6.txt",alta
area3-s6-q6,"PMP - BOOK 8/3. Abordagens de desenvolvimento, ciclo de vida e adaptação/6/Gabarito - 3.6.txt","3. Abordagens de desenvolvimento, ciclo de vida e adaptação/6/6.png",Sim,Sim,Sim,multiple_choice,Nenhum,Conteúdo preservado,Nenhuma,"PMP - BOOK 8/3. Abordagens de desenvolvimento, ciclo de vida e adaptação/6/Gabarito - 3.6.txt",alta
area3-s6-q7,"PMP - BOOK 8/3. Abordagens de desenvolvimento, ciclo de vida e adaptação/6/Gabarito - 3.6.txt","3. Abordagens de desenvolvimento, ciclo de vida e adaptação/6/7.png",Sim,Sim,Sim,multiple_choice,Nenhum,Conteúdo preservado,Nenhuma,"PMP - BOOK 8/3. Abordagens de desenvolvimento, ciclo de vida e adaptação/6/Gabarito - 3.6.txt",alta
area3-s6-q8,"PMP - BOOK 8/3. Abordagens de desenvolvimento, ciclo de vida e adaptação/6/Gabarito - 3.6.txt","3. Abordagens de desenvolvimento, ciclo de vida e adaptação/6/8.png",Sim,Sim,Sim,multiple_choice,Nenhum,Conteúdo preservado,Nenhuma,"PMP - BOOK 8/3. Abordagens de desenvolvimento, ciclo de vida e adaptação/6/Gabarito - 3.6.txt",alta
area3-s6-q9,"PMP - BOOK 8/3. Abordagens de desenvolvimento, ciclo de vida e adaptação/6/Gabarito - 3.6.txt","3. Abordagens de desenvolvimento, ciclo de vida e adaptação/6/9.png",Sim,Sim,Sim,matching,Nenhum,Associação estruturada a partir dos pares da fonte,Nenhuma,"PMP - BOOK 8/3. Abordagens de desenvolvimento, ciclo de vida e adaptação/6/Gabarito - 3.6.txt",alta
area3-s6-q10,"PMP - BOOK 8/3. Abordagens de desenvolvimento, ciclo de vida e adaptação/6/Gabarito - 3.6.txt","3. Abordagens de desenvolvimento, ciclo de vida e adaptação/6/10.png",Sim,Sim,Sim,multiple_choice,Nenhum,Conteúdo preservado,Nenhuma,"PMP - BOOK 8/3. Abordagens de desenvolvimento, ciclo de vida e adaptação/6/Gabarito - 3.6.txt",alta
area3-s6-q11,"PMP - BOOK 8/3. Abordagens de desenvolvimento, ciclo de vida e adaptação/6/Gabarito - 3.6.txt","3. Abordagens de desenvolvimento, ciclo de vida e adaptação/6/11.png",Sim,Sim,Sim,multiple_choice,Nenhum,Conteúdo preservado,Nenhuma,"PMP - BOOK 8/3. Abordagens de desenvolvimento, ciclo de vida e adaptação/6/Gabarito - 3.6.txt",alta
area3-s7-q1,"PMP - BOOK 8/3. Abordagens de desenvolvimento, ciclo de vida e adaptação/7/Gabarito - 3.7.txt","3. Abordagens de desenvolvimento, ciclo de vida e adaptação/7/1.png",Sim,Sim,Sim,multiple_choice,Nenhum,Conteúdo preservado,Nenhuma,"PMP - BOOK 8/3. Abordagens de desenvolvimento, ciclo de vida e adaptação/7/Gabarito - 3.7.txt",alta
area3-s7-q2,"PMP - BOOK 8/3. Abordagens de desenvolvimento, ciclo de vida e adaptação/7/Gabarito - 3.7.txt","3. Abordagens de desenvolvimento, ciclo de vida e adaptação/7/2.png",Sim,Sim,Sim,multiple_choice,Nenhum,Conteúdo preservado,Nenhuma,"PMP - BOOK 8/3. Abordagens de desenvolvimento, ciclo de vida e adaptação/7/Gabarito - 3.7.txt",alta
area3-s7-q3,"PMP - BOOK 8/3. Abordagens de desenvolvimento, ciclo de vida e adaptação/7/Gabarito - 3.7.txt","3. Abordagens de desenvolvimento, ciclo de vida e adaptação/7/3.png",Sim,Sim,Sim,multiple_choice,Nenhum,Conteúdo preservado,Nenhuma,"PMP - BOOK 8/3. Abordagens de desenvolvimento, ciclo de vida e adaptação/7/Gabarito - 3.7.txt",alta
area3-s7-q4,"PMP - BOOK 8/3. Abordagens de desenvolvimento, ciclo de vida e adaptação/7/Gabarito - 3.7.txt","3. Abordagens de desenvolvimento, ciclo de vida e adaptação/7/4.png",Sim,Sim,Sim,multiple_choice,Nenhum,Conteúdo preservado,Nenhuma,"PMP - BOOK 8/3. Abordagens de desenvolvimento, ciclo de vida e adaptação/7/Gabarito - 3.7.txt",alta
area3-s7-q5,"PMP - BOOK 8/3. Abordagens de desenvolvimento, ciclo de vida e adaptação/7/Gabarito - 3.7.txt","3. Abordagens de desenvolvimento, ciclo de vida e adaptação/7/5.png",Sim,Sim,Sim,multiple_selection,Nenhum,Conteúdo preservado,Nenhuma,"PMP - BOOK 8/3. Abordagens de desenvolvimento, ciclo de vida e adaptação/7/Gabarito - 3.7.txt",alta
area3-s7-q6,"PMP - BOOK 8/3. Abordagens de desenvolvimento, ciclo de vida e adaptação/7/Gabarito - 3.7.txt","3. Abordagens de desenvolvimento, ciclo de vida e adaptação/7/6.png",Sim,Sim,Sim,multiple_choice,Nenhum,Conteúdo preservado,Nenhuma,"PMP - BOOK 8/3. Abordagens de desenvolvimento, ciclo de vida e adaptação/7/Gabarito - 3.7.txt",alta
area3-s7-q7,"PMP - BOOK 8/3. Abordagens de desenvolvimento, ciclo de vida e adaptação/7/Gabarito - 3.7.txt","3. Abordagens de desenvolvimento, ciclo de vida e adaptação/7/7.png",Sim,Sim,Sim,multiple_choice,Nenhum,Conteúdo preservado,Nenhuma,"PMP - BOOK 8/3. Abordagens de desenvolvimento, ciclo de vida e adaptação/7/Gabarito - 3.7.txt",alta
area3-s7-q8,"PMP - BOOK 8/3. Abordagens de desenvolvimento, ciclo de vida e adaptação/7/Gabarito - 3.7.txt","3. Abordagens de desenvolvimento, ciclo de vida e adaptação/7/8.png",Sim,Sim,Sim,multiple_choice,Nenhum,Conteúdo preservado,Nenhuma,"PMP - BOOK 8/3. Abordagens de desenvolvimento, ciclo de vida e adaptação/7/Gabarito - 3.7.txt",alta
area3-s7-q9,"PMP - BOOK 8/3. Abordagens de desenvolvimento, ciclo de vida e adaptação/7/Gabarito - 3.7.txt","3. Abordagens de desenvolvimento, ciclo de vida e adaptação/7/9.png",Sim,Sim,Sim,multiple_choice,Nenhum,Conteúdo preservado,Nenhuma,"PMP - BOOK 8/3. Abordagens de desenvolvimento, ciclo de vida e adaptação/7/Gabarito - 3.7.txt",alta
area3-s7-q10,"PMP - BOOK 8/3. Abordagens de desenvolvimento, ciclo de vida e adaptação/7/Gabarito - 3.7.txt","3. Abordagens de desenvolvimento, ciclo de vida e adaptação/7/10.png",Sim,Sim,Sim,multiple_choice,Nenhum,Conteúdo preservado,Nenhuma,"PMP - BOOK 8/3. Abordagens de desenvolvimento, ciclo de vida e adaptação/7/Gabarito - 3.7.txt",alta
area3-s7-q11,"PMP - BOOK 8/3. Abordagens de desenvolvimento, ciclo de vida e adaptação/7/Gabarito - 3.7.txt","3. Abordagens de desenvolvimento, ciclo de vida e adaptação/7/11.png",Sim,Sim,Sim,multiple_choice,Nenhum,Conteúdo preservado,Nenhuma,"PMP - BOOK 8/3. Abordagens de desenvolvimento, ciclo de vida e adaptação/7/Gabarito - 3.7.txt",alta
area3-s8-q1,"PMP - BOOK 8/3. Abordagens de desenvolvimento, ciclo de vida e adaptação/8/Gabarito - 3.8.txt","3. Abordagens de desenvolvimento, ciclo de vida e adaptação/8/1.png",Sim,Sim,Sim,multiple_choice,Nenhum,Conteúdo preservado,Nenhuma,"PMP - BOOK 8/3. Abordagens de desenvolvimento, ciclo de vida e adaptação/8/Gabarito - 3.8.txt",alta
area3-s8-q2,"PMP - BOOK 8/3. Abordagens de desenvolvimento, ciclo de vida e adaptação/8/Gabarito - 3.8.txt","3. Abordagens de desenvolvimento, ciclo de vida e adaptação/8/2.png",Sim,Sim,Sim,multiple_choice,Nenhum,Conteúdo preservado,Nenhuma,"PMP - BOOK 8/3. Abordagens de desenvolvimento, ciclo de vida e adaptação/8/Gabarito - 3.8.txt",alta
area3-s8-q3,"PMP - BOOK 8/3. Abordagens de desenvolvimento, ciclo de vida e adaptação/8/Gabarito - 3.8.txt","3. Abordagens de desenvolvimento, ciclo de vida e adaptação/8/3.png",Sim,Sim,Sim,multiple_choice,Nenhum,Conteúdo preservado,Nenhuma,"PMP - BOOK 8/3. Abordagens de desenvolvimento, ciclo de vida e adaptação/8/Gabarito - 3.8.txt",alta
area3-s8-q4,"PMP - BOOK 8/3. Abordagens de desenvolvimento, ciclo de vida e adaptação/8/Gabarito - 3.8.txt","3. Abordagens de desenvolvimento, ciclo de vida e adaptação/8/4.png",Sim,Sim,Sim,multiple_selection,Nenhum,Conteúdo preservado,Nenhuma,"PMP - BOOK 8/3. Abordagens de desenvolvimento, ciclo de vida e adaptação/8/Gabarito - 3.8.txt",alta
area3-s8-q5,"PMP - BOOK 8/3. Abordagens de desenvolvimento, ciclo de vida e adaptação/8/Gabarito - 3.8.txt","3. Abordagens de desenvolvimento, ciclo de vida e adaptação/8/5.png",Sim,Sim,Sim,multiple_choice,Nenhum,Conteúdo preservado,Nenhuma,"PMP - BOOK 8/3. Abordagens de desenvolvimento, ciclo de vida e adaptação/8/Gabarito - 3.8.txt",alta
area3-s8-q6,"PMP - BOOK 8/3. Abordagens de desenvolvimento, ciclo de vida e adaptação/8/Gabarito - 3.8.txt","3. Abordagens de desenvolvimento, ciclo de vida e adaptação/8/6.png",Sim,Sim,Sim,matching,Nenhum,Associação estruturada a partir dos pares da fonte,Nenhuma,"PMP - BOOK 8/3. Abordagens de desenvolvimento, ciclo de vida e adaptação/8/Gabarito - 3.8.txt",alta
area3-s8-q7,"PMP - BOOK 8/3. Abordagens de desenvolvimento, ciclo de vida e adaptação/8/Gabarito - 3.8.txt","3. Abordagens de desenvolvimento, ciclo de vida e adaptação/8/7.png",Sim,Sim,Sim,multiple_choice,Nenhum,Conteúdo preservado,Nenhuma,"PMP - BOOK 8/3. Abordagens de desenvolvimento, ciclo de vida e adaptação/8/Gabarito - 3.8.txt",alta
area3-s8-q8,"PMP - BOOK 8/3. Abordagens de desenvolvimento, ciclo de vida e adaptação/8/Gabarito - 3.8.txt","3. Abordagens de desenvolvimento, ciclo de vida e adaptação/8/8.png",Sim,Sim,Sim,multiple_choice,Nenhum,Conteúdo preservado,Nenhuma,"PMP - BOOK 8/3. Abordagens de desenvolvimento, ciclo de vida e adaptação/8/Gabarito - 3.8.txt",alta
area3-s8-q9,"PMP - BOOK 8/3. Abordagens de desenvolvimento, ciclo de vida e adaptação/8/Gabarito - 3.8.txt","3. Abordagens de desenvolvimento, ciclo de vida e adaptação/8/9.png",Sim,Sim,Sim,multiple_choice,Nenhum,Conteúdo preservado,Nenhuma,"PMP - BOOK 8/3. Abordagens de desenvolvimento, ciclo de vida e adaptação/8/Gabarito - 3.8.txt",alta
area3-s8-q10,"PMP - BOOK 8/3. Abordagens de desenvolvimento, ciclo de vida e adaptação/8/Gabarito - 3.8.txt","3. Abordagens de desenvolvimento, ciclo de vida e adaptação/8/10.png",Sim,Sim,Sim,multiple_selection,Nenhum,Conteúdo preservado,Nenhuma,"PMP - BOOK 8/3. Abordagens de desenvolvimento, ciclo de vida e adaptação/8/Gabarito - 3.8.txt",alta
area3-s8-q11,"PMP - BOOK 8/3. Abordagens de desenvolvimento, ciclo de vida e adaptação/8/Gabarito - 3.8.txt","3. Abordagens de desenvolvimento, ciclo de vida e adaptação/8/11.png",Sim,Sim,Sim,multiple_choice,Nenhum,Conteúdo preservado,Nenhuma,"PMP - BOOK 8/3. Abordagens de desenvolvimento, ciclo de vida e adaptação/8/Gabarito - 3.8.txt",alta
area3-s8-q12,"PMP - BOOK 8/3. Abordagens de desenvolvimento, ciclo de vida e adaptação/8/Gabarito - 3.8.txt","3. Abordagens de desenvolvimento, ciclo de vida e adaptação/8/12.png",Sim,Sim,Sim,multiple_choice,Nenhum,Conteúdo preservado,Nenhuma,"PMP - BOOK 8/3. Abordagens de desenvolvimento, ciclo de vida e adaptação/8/Gabarito - 3.8.txt",alta
area3-s9-q1,"PMP - BOOK 8/3. Abordagens de desenvolvimento, ciclo de vida e adaptação/9/Gabarito - 3.9.txt","3. Abordagens de desenvolvimento, ciclo de vida e adaptação/9/1.png",Sim,Sim,Sim,multiple_choice,Nenhum,Conteúdo preservado,Nenhuma,"PMP - BOOK 8/3. Abordagens de desenvolvimento, ciclo de vida e adaptação/9/Gabarito - 3.9.txt",alta
area3-s9-q2,"PMP - BOOK 8/3. Abordagens de desenvolvimento, ciclo de vida e adaptação/9/Gabarito - 3.9.txt","3. Abordagens de desenvolvimento, ciclo de vida e adaptação/9/2.png",Sim,Sim,Sim,matching,Nenhum,Associação estruturada a partir dos pares da fonte,Nenhuma,"PMP - BOOK 8/3. Abordagens de desenvolvimento, ciclo de vida e adaptação/9/Gabarito - 3.9.txt",alta
area3-s9-q3,"PMP - BOOK 8/3. Abordagens de desenvolvimento, ciclo de vida e adaptação/9/Gabarito - 3.9.txt","3. Abordagens de desenvolvimento, ciclo de vida e adaptação/9/3.png",Sim,Sim,Sim,matching,Nenhum,Associação estruturada a partir dos pares da fonte,Nenhuma,"PMP - BOOK 8/3. Abordagens de desenvolvimento, ciclo de vida e adaptação/9/Gabarito - 3.9.txt",alta
area3-s9-q4,"PMP - BOOK 8/3. Abordagens de desenvolvimento, ciclo de vida e adaptação/9/Gabarito - 3.9.txt","3. Abordagens de desenvolvimento, ciclo de vida e adaptação/9/4.png",Sim,Sim,Sim,matching,Nenhum,Associação estruturada a partir dos pares da fonte,Nenhuma,"PMP - BOOK 8/3. Abordagens de desenvolvimento, ciclo de vida e adaptação/9/Gabarito - 3.9.txt",alta
area3-s9-q5,"PMP - BOOK 8/3. Abordagens de desenvolvimento, ciclo de vida e adaptação/9/Gabarito - 3.9.txt","3. Abordagens de desenvolvimento, ciclo de vida e adaptação/9/5.png",Sim,Sim,Sim,multiple_choice,Nenhum,Conteúdo preservado,Nenhuma,"PMP - BOOK 8/3. Abordagens de desenvolvimento, ciclo de vida e adaptação/9/Gabarito - 3.9.txt",alta
area3-s9-q6,"PMP - BOOK 8/3. Abordagens de desenvolvimento, ciclo de vida e adaptação/9/Gabarito - 3.9.txt","3. Abordagens de desenvolvimento, ciclo de vida e adaptação/9/6.png",Sim,Sim,Sim,multiple_selection,Nenhum,Conteúdo preservado,Nenhuma,"PMP - BOOK 8/3. Abordagens de desenvolvimento, ciclo de vida e adaptação/9/Gabarito - 3.9.txt",alta
area3-s9-q7,"PMP - BOOK 8/3. Abordagens de desenvolvimento, ciclo de vida e adaptação/9/Gabarito - 3.9.txt","3. Abordagens de desenvolvimento, ciclo de vida e adaptação/9/7.png",Sim,Sim,Sim,multiple_choice,Nenhum,Conteúdo preservado,Nenhuma,"PMP - BOOK 8/3. Abordagens de desenvolvimento, ciclo de vida e adaptação/9/Gabarito - 3.9.txt",alta
area3-s9-q8,"PMP - BOOK 8/3. Abordagens de desenvolvimento, ciclo de vida e adaptação/9/Gabarito - 3.9.txt","3. Abordagens de desenvolvimento, ciclo de vida e adaptação/9/8.png",Sim,Sim,Sim,multiple_selection,Nenhum,Conteúdo preservado,Nenhuma,"PMP - BOOK 8/3. Abordagens de desenvolvimento, ciclo de vida e adaptação/9/Gabarito - 3.9.txt",alta
area3-s9-q9,"PMP - BOOK 8/3. Abordagens de desenvolvimento, ciclo de vida e adaptação/9/Gabarito - 3.9.txt","3. Abordagens de desenvolvimento, ciclo de vida e adaptação/9/9.png",Sim,Sim,Sim,multiple_choice,Nenhum,Conteúdo preservado,Nenhuma,"PMP - BOOK 8/3. Abordagens de desenvolvimento, ciclo de vida e adaptação/9/Gabarito - 3.9.txt",alta
area3-s9-q10,"PMP - BOOK 8/3. Abordagens de desenvolvimento, ciclo de vida e adaptação/9/Gabarito - 3.9.txt","3. Abordagens de desenvolvimento, ciclo de vida e adaptação/9/10.png",Sim,Sim,Sim,multiple_choice,Nenhum,Conteúdo preservado,Nenhuma,"PMP - BOOK 8/3. Abordagens de desenvolvimento, ciclo de vida e adaptação/9/Gabarito - 3.9.txt",alta
area3-s9-q11,"PMP - BOOK 8/3. Abordagens de desenvolvimento, ciclo de vida e adaptação/9/Gabarito - 3.9.txt","3. Abordagens de desenvolvimento, ciclo de vida e adaptação/9/11.png",Sim,Sim,Sim,multiple_selection,Nenhum,Conteúdo preservado,Nenhuma,"PMP - BOOK 8/3. Abordagens de desenvolvimento, ciclo de vida e adaptação/9/Gabarito - 3.9.txt",alta
area3-s10-q1,"PMP - BOOK 8/3. Abordagens de desenvolvimento, ciclo de vida e adaptação/10/Gabarito - 3.10.txt","3. Abordagens de desenvolvimento, ciclo de vida e adaptação/10/1.png",Sim,Sim,Sim,multiple_choice,Nenhum,Conteúdo preservado,Nenhuma,"PMP - BOOK 8/3. Abordagens de desenvolvimento, ciclo de vida e adaptação/10/Gabarito - 3.10.txt",alta
area3-s10-q2,"PMP - BOOK 8/3. Abordagens de desenvolvimento, ciclo de vida e adaptação/10/Gabarito - 3.10.txt","3. Abordagens de desenvolvimento, ciclo de vida e adaptação/10/2.png",Sim,Sim,Sim,multiple_choice,Nenhum,Conteúdo preservado,Nenhuma,"PMP - BOOK 8/3. Abordagens de desenvolvimento, ciclo de vida e adaptação/10/Gabarito - 3.10.txt",alta
area3-s10-q3,"PMP - BOOK 8/3. Abordagens de desenvolvimento, ciclo de vida e adaptação/10/Gabarito - 3.10.txt","3. Abordagens de desenvolvimento, ciclo de vida e adaptação/10/3.png",Sim,Sim,Sim,multiple_choice,Nenhum,Conteúdo preservado,Nenhuma,"PMP - BOOK 8/3. Abordagens de desenvolvimento, ciclo de vida e adaptação/10/Gabarito - 3.10.txt",alta
area3-s10-q4,"PMP - BOOK 8/3. Abordagens de desenvolvimento, ciclo de vida e adaptação/10/Gabarito - 3.10.txt","3. Abordagens de desenvolvimento, ciclo de vida e adaptação/10/4.png",Sim,Sim,Sim,multiple_choice,Nenhum,Conteúdo preservado,Nenhuma,"PMP - BOOK 8/3. Abordagens de desenvolvimento, ciclo de vida e adaptação/10/Gabarito - 3.10.txt",alta
area3-s10-q5,"PMP - BOOK 8/3. Abordagens de desenvolvimento, ciclo de vida e adaptação/10/Gabarito - 3.10.txt","3. Abordagens de desenvolvimento, ciclo de vida e adaptação/10/5.png",Sim,Sim,Sim,multiple_selection,Nenhum,Conteúdo preservado,Nenhuma,"PMP - BOOK 8/3. Abordagens de desenvolvimento, ciclo de vida e adaptação/10/Gabarito - 3.10.txt",alta
area3-s10-q6,"PMP - BOOK 8/3. Abordagens de desenvolvimento, ciclo de vida e adaptação/10/Gabarito - 3.10.txt","3. Abordagens de desenvolvimento, ciclo de vida e adaptação/10/6.png",Sim,Sim,Sim,multiple_choice,Nenhum,Conteúdo preservado,Nenhuma,"PMP - BOOK 8/3. Abordagens de desenvolvimento, ciclo de vida e adaptação/10/Gabarito - 3.10.txt",alta
area3-s10-q7,"PMP - BOOK 8/3. Abordagens de desenvolvimento, ciclo de vida e adaptação/10/Gabarito - 3.10.txt","3. Abordagens de desenvolvimento, ciclo de vida e adaptação/10/7.png",Sim,Sim,Sim,multiple_choice,Nenhum,Conteúdo preservado,Nenhuma,"PMP - BOOK 8/3. Abordagens de desenvolvimento, ciclo de vida e adaptação/10/Gabarito - 3.10.txt",alta
area3-s10-q8,"PMP - BOOK 8/3. Abordagens de desenvolvimento, ciclo de vida e adaptação/10/Gabarito - 3.10.txt","3. Abordagens de desenvolvimento, ciclo de vida e adaptação/10/8.png",Sim,Sim,Sim,multiple_choice,Nenhum,Conteúdo preservado,Nenhuma,"PMP - BOOK 8/3. Abordagens de desenvolvimento, ciclo de vida e adaptação/10/Gabarito - 3.10.txt",alta
area3-s10-q9,"PMP - BOOK 8/3. Abordagens de desenvolvimento, ciclo de vida e adaptação/10/Gabarito - 3.10.txt","3. Abordagens de desenvolvimento, ciclo de vida e adaptação/10/9.png",Sim,Sim,Sim,multiple_choice,Nenhum,Conteúdo preservado,Nenhuma,"PMP - BOOK 8/3. Abordagens de desenvolvimento, ciclo de vida e adaptação/10/Gabarito - 3.10.txt",alta
area3-s10-q10,"PMP - BOOK 8/3. Abordagens de desenvolvimento, ciclo de vida e adaptação/10/Gabarito - 3.10.txt","3. Abordagens de desenvolvimento, ciclo de vida e adaptação/10/10.png",Sim,Sim,Sim,multiple_choice,Nenhum,Conteúdo preservado,Nenhuma,"PMP - BOOK 8/3. Abordagens de desenvolvimento, ciclo de vida e adaptação/10/Gabarito - 3.10.txt",alta
area3-s10-q11,"PMP - BOOK 8/3. Abordagens de desenvolvimento, ciclo de vida e adaptação/10/Gabarito - 3.10.txt","3. Abordagens de desenvolvimento, ciclo de vida e adaptação/10/11.png",Sim,Sim,Sim,multiple_choice,Nenhum,Conteúdo preservado,Nenhuma,"PMP - BOOK 8/3. Abordagens de desenvolvimento, ciclo de vida e adaptação/10/Gabarito - 3.10.txt",alta
area3-s10-q12,"PMP - BOOK 8/3. Abordagens de desenvolvimento, ciclo de vida e adaptação/10/Gabarito - 3.10.txt","3. Abordagens de desenvolvimento, ciclo de vida e adaptação/10/12.png",Sim,Sim,Sim,multiple_choice,Nenhum,Conteúdo preservado,Nenhuma,"PMP - BOOK 8/3. Abordagens de desenvolvimento, ciclo de vida e adaptação/10/Gabarito - 3.10.txt",alta
area3-s11-q1,"PMP - BOOK 8/3. Abordagens de desenvolvimento, ciclo de vida e adaptação/11/Gabarito - 3.11.txt","3. Abordagens de desenvolvimento, ciclo de vida e adaptação/11/1.png",Sim,Sim,Sim,multiple_choice,Nenhum,Conteúdo preservado,Nenhuma,"PMP - BOOK 8/3. Abordagens de desenvolvimento, ciclo de vida e adaptação/11/Gabarito - 3.11.txt",alta
area3-s11-q2,"PMP - BOOK 8/3. Abordagens de desenvolvimento, ciclo de vida e adaptação/11/Gabarito - 3.11.txt","3. Abordagens de desenvolvimento, ciclo de vida e adaptação/11/2.png",Sim,Sim,Sim,multiple_choice,Nenhum,Conteúdo preservado,Nenhuma,"PMP - BOOK 8/3. Abordagens de desenvolvimento, ciclo de vida e adaptação/11/Gabarito - 3.11.txt",alta
area3-s11-q3,"PMP - BOOK 8/3. Abordagens de desenvolvimento, ciclo de vida e adaptação/11/Gabarito - 3.11.txt","3. Abordagens de desenvolvimento, ciclo de vida e adaptação/11/3.png",Sim,Sim,Sim,multiple_choice,Nenhum,Conteúdo preservado,Nenhuma,"PMP - BOOK 8/3. Abordagens de desenvolvimento, ciclo de vida e adaptação/11/Gabarito - 3.11.txt",alta
area3-s11-q4,"PMP - BOOK 8/3. Abordagens de desenvolvimento, ciclo de vida e adaptação/11/Gabarito - 3.11.txt","3. Abordagens de desenvolvimento, ciclo de vida e adaptação/11/4.png",Sim,Sim,Sim,multiple_choice,Nenhum,Conteúdo preservado,Nenhuma,"PMP - BOOK 8/3. Abordagens de desenvolvimento, ciclo de vida e adaptação/11/Gabarito - 3.11.txt",alta
area3-s11-q5,"PMP - BOOK 8/3. Abordagens de desenvolvimento, ciclo de vida e adaptação/11/Gabarito - 3.11.txt","3. Abordagens de desenvolvimento, ciclo de vida e adaptação/11/5.png",Sim,Sim,Sim,multiple_choice,Nenhum,Conteúdo preservado,Nenhuma,"PMP - BOOK 8/3. Abordagens de desenvolvimento, ciclo de vida e adaptação/11/Gabarito - 3.11.txt",alta
area3-s11-q6,"PMP - BOOK 8/3. Abordagens de desenvolvimento, ciclo de vida e adaptação/11/Gabarito - 3.11.txt","3. Abordagens de desenvolvimento, ciclo de vida e adaptação/11/6.png",Sim,Sim,Sim,multiple_choice,Nenhum,Conteúdo preservado,Nenhuma,"PMP - BOOK 8/3. Abordagens de desenvolvimento, ciclo de vida e adaptação/11/Gabarito - 3.11.txt",alta
area3-s11-q7,"PMP - BOOK 8/3. Abordagens de desenvolvimento, ciclo de vida e adaptação/11/Gabarito - 3.11.txt","3. Abordagens de desenvolvimento, ciclo de vida e adaptação/11/7.png",Sim,Sim,Sim,multiple_choice,Nenhum,Conteúdo preservado,Nenhuma,"PMP - BOOK 8/3. Abordagens de desenvolvimento, ciclo de vida e adaptação/11/Gabarito - 3.11.txt",alta
area3-s11-q8,"PMP - BOOK 8/3. Abordagens de desenvolvimento, ciclo de vida e adaptação/11/Gabarito - 3.11.txt","3. Abordagens de desenvolvimento, ciclo de vida e adaptação/11/8.png",Sim,Sim,Sim,multiple_choice,Nenhum,Conteúdo preservado,Nenhuma,"PMP - BOOK 8/3. Abordagens de desenvolvimento, ciclo de vida e adaptação/11/Gabarito - 3.11.txt",alta
area3-s11-q9,"PMP - BOOK 8/3. Abordagens de desenvolvimento, ciclo de vida e adaptação/11/Gabarito - 3.11.txt","3. Abordagens de desenvolvimento, ciclo de vida e adaptação/11/9.png",Sim,Sim,Sim,multiple_choice,Nenhum,Conteúdo preservado,Nenhuma,"PMP - BOOK 8/3. Abordagens de desenvolvimento, ciclo de vida e adaptação/11/Gabarito - 3.11.txt",alta
area3-s11-q10,"PMP - BOOK 8/3. Abordagens de desenvolvimento, ciclo de vida e adaptação/11/Gabarito - 3.11.txt","3. Abordagens de desenvolvimento, ciclo de vida e adaptação/11/10.png",Sim,Sim,Sim,multiple_selection,Nenhum,Conteúdo preservado,Nenhuma,"PMP - BOOK 8/3. Abordagens de desenvolvimento, ciclo de vida e adaptação/11/Gabarito - 3.11.txt",alta
area3-s11-q11,"PMP - BOOK 8/3. Abordagens de desenvolvimento, ciclo de vida e adaptação/11/Gabarito - 3.11.txt","3. Abordagens de desenvolvimento, ciclo de vida e adaptação/11/11.png",Sim,Sim,Sim,multiple_choice,Nenhum,Conteúdo preservado,Nenhuma,"PMP - BOOK 8/3. Abordagens de desenvolvimento, ciclo de vida e adaptação/11/Gabarito - 3.11.txt",alta
area3-s11-q12,"PMP - BOOK 8/3. Abordagens de desenvolvimento, ciclo de vida e adaptação/11/Gabarito - 3.11.txt","3. Abordagens de desenvolvimento, ciclo de vida e adaptação/11/12.png",Sim,Sim,Sim,multiple_choice,Nenhum,Conteúdo preservado,Nenhuma,"PMP - BOOK 8/3. Abordagens de desenvolvimento, ciclo de vida e adaptação/11/Gabarito - 3.11.txt",alta
area3-s12-q1,"PMP - BOOK 8/3. Abordagens de desenvolvimento, ciclo de vida e adaptação/12/Gabarito - 3.12.txt","3. Abordagens de desenvolvimento, ciclo de vida e adaptação/12/1.png",Sim,Sim,Sim,multiple_selection,Nenhum,Conteúdo preservado,Nenhuma,"PMP - BOOK 8/3. Abordagens de desenvolvimento, ciclo de vida e adaptação/12/Gabarito - 3.12.txt",alta
area3-s12-q2,"PMP - BOOK 8/3. Abordagens de desenvolvimento, ciclo de vida e adaptação/12/Gabarito - 3.12.txt","3. Abordagens de desenvolvimento, ciclo de vida e adaptação/12/2.png",Sim,Sim,Sim,multiple_choice,Nenhum,Conteúdo preservado,Nenhuma,"PMP - BOOK 8/3. Abordagens de desenvolvimento, ciclo de vida e adaptação/12/Gabarito - 3.12.txt",alta
area3-s12-q3,"PMP - BOOK 8/3. Abordagens de desenvolvimento, ciclo de vida e adaptação/12/Gabarito - 3.12.txt","3. Abordagens de desenvolvimento, ciclo de vida e adaptação/12/3.png",Sim,Sim,Sim,matching,Nenhum,Associação estruturada a partir dos pares da fonte,Nenhuma,"PMP - BOOK 8/3. Abordagens de desenvolvimento, ciclo de vida e adaptação/12/Gabarito - 3.12.txt",alta
area3-s12-q4,"PMP - BOOK 8/3. Abordagens de desenvolvimento, ciclo de vida e adaptação/12/Gabarito - 3.12.txt","3. Abordagens de desenvolvimento, ciclo de vida e adaptação/12/4.png",Sim,Sim,Sim,multiple_selection,Nenhum,Conteúdo preservado,Nenhuma,"PMP - BOOK 8/3. Abordagens de desenvolvimento, ciclo de vida e adaptação/12/Gabarito - 3.12.txt",alta
area3-s12-q5,"PMP - BOOK 8/3. Abordagens de desenvolvimento, ciclo de vida e adaptação/12/Gabarito - 3.12.txt","3. Abordagens de desenvolvimento, ciclo de vida e adaptação/12/5.png",Sim,Sim,Sim,multiple_choice,Nenhum,Conteúdo preservado,Nenhuma,"PMP - BOOK 8/3. Abordagens de desenvolvimento, ciclo de vida e adaptação/12/Gabarito - 3.12.txt",alta
area3-s12-q6,"PMP - BOOK 8/3. Abordagens de desenvolvimento, ciclo de vida e adaptação/12/Gabarito - 3.12.txt","3. Abordagens de desenvolvimento, ciclo de vida e adaptação/12/6.png",Sim,Sim,Sim,multiple_choice,Nenhum,Conteúdo preservado,Nenhuma,"PMP - BOOK 8/3. Abordagens de desenvolvimento, ciclo de vida e adaptação/12/Gabarito - 3.12.txt",alta
area3-s12-q7,"PMP - BOOK 8/3. Abordagens de desenvolvimento, ciclo de vida e adaptação/12/Gabarito - 3.12.txt","3. Abordagens de desenvolvimento, ciclo de vida e adaptação/12/7.png",Sim,Sim,Sim,matching,Nenhum,Associação estruturada a partir dos pares da fonte,Nenhuma,"PMP - BOOK 8/3. Abordagens de desenvolvimento, ciclo de vida e adaptação/12/Gabarito - 3.12.txt",alta
area3-s12-q8,"PMP - BOOK 8/3. Abordagens de desenvolvimento, ciclo de vida e adaptação/12/Gabarito - 3.12.txt","3. Abordagens de desenvolvimento, ciclo de vida e adaptação/12/8.png",Sim,Sim,Sim,multiple_choice,Nenhum,Conteúdo preservado,Nenhuma,"PMP - BOOK 8/3. Abordagens de desenvolvimento, ciclo de vida e adaptação/12/Gabarito - 3.12.txt",alta
area3-s12-q9,"PMP - BOOK 8/3. Abordagens de desenvolvimento, ciclo de vida e adaptação/12/Gabarito - 3.12.txt","3. Abordagens de desenvolvimento, ciclo de vida e adaptação/12/9.png",Sim,Sim,Sim,matching,Nenhum,Associação estruturada a partir dos pares da fonte,Nenhuma,"PMP - BOOK 8/3. Abordagens de desenvolvimento, ciclo de vida e adaptação/12/Gabarito - 3.12.txt",alta
area3-s12-q10,"PMP - BOOK 8/3. Abordagens de desenvolvimento, ciclo de vida e adaptação/12/Gabarito - 3.12.txt","3. Abordagens de desenvolvimento, ciclo de vida e adaptação/12/10.png",Sim,Sim,Sim,multiple_choice,Nenhum,Conteúdo preservado,Nenhuma,"PMP - BOOK 8/3. Abordagens de desenvolvimento, ciclo de vida e adaptação/12/Gabarito - 3.12.txt",alta
area3-s12-q11,"PMP - BOOK 8/3. Abordagens de desenvolvimento, ciclo de vida e adaptação/12/Gabarito - 3.12.txt","3. Abordagens de desenvolvimento, ciclo de vida e adaptação/12/11.png",Sim,Sim,Sim,multiple_choice,Nenhum,Conteúdo preservado,Nenhuma,"PMP - BOOK 8/3. Abordagens de desenvolvimento, ciclo de vida e adaptação/12/Gabarito - 3.12.txt",alta
area3-s13-q1,"PMP - BOOK 8/3. Abordagens de desenvolvimento, ciclo de vida e adaptação/13/Gabarito - 3.13.txt","3. Abordagens de desenvolvimento, ciclo de vida e adaptação/13/1.png",Sim,Sim,Sim,multiple_selection,Nenhum,Conteúdo preservado,Nenhuma,"PMP - BOOK 8/3. Abordagens de desenvolvimento, ciclo de vida e adaptação/13/Gabarito - 3.13.txt",alta
area3-s13-q2,"PMP - BOOK 8/3. Abordagens de desenvolvimento, ciclo de vida e adaptação/13/Gabarito - 3.13.txt","3. Abordagens de desenvolvimento, ciclo de vida e adaptação/13/2.png",Sim,Sim,Sim,multiple_choice,Nenhum,Conteúdo preservado,Nenhuma,"PMP - BOOK 8/3. Abordagens de desenvolvimento, ciclo de vida e adaptação/13/Gabarito - 3.13.txt",alta
area3-s13-q3,"PMP - BOOK 8/3. Abordagens de desenvolvimento, ciclo de vida e adaptação/13/Gabarito - 3.13.txt","3. Abordagens de desenvolvimento, ciclo de vida e adaptação/13/3.png",Sim,Sim,Sim,multiple_choice,Nenhum,Conteúdo preservado,Nenhuma,"PMP - BOOK 8/3. Abordagens de desenvolvimento, ciclo de vida e adaptação/13/Gabarito - 3.13.txt",alta
area3-s13-q4,"PMP - BOOK 8/3. Abordagens de desenvolvimento, ciclo de vida e adaptação/13/Gabarito - 3.13.txt","3. Abordagens de desenvolvimento, ciclo de vida e adaptação/13/4.png",Sim,Sim,Sim,multiple_choice,Nenhum,Conteúdo preservado,Nenhuma,"PMP - BOOK 8/3. Abordagens de desenvolvimento, ciclo de vida e adaptação/13/Gabarito - 3.13.txt",alta
area3-s13-q5,"PMP - BOOK 8/3. Abordagens de desenvolvimento, ciclo de vida e adaptação/13/Gabarito - 3.13.txt","3. Abordagens de desenvolvimento, ciclo de vida e adaptação/13/5.png",Sim,Sim,Sim,matching,Nenhum,Associação estruturada a partir dos pares da fonte,Nenhuma,"PMP - BOOK 8/3. Abordagens de desenvolvimento, ciclo de vida e adaptação/13/Gabarito - 3.13.txt",alta
area3-s13-q6,"PMP - BOOK 8/3. Abordagens de desenvolvimento, ciclo de vida e adaptação/13/Gabarito - 3.13.txt","3. Abordagens de desenvolvimento, ciclo de vida e adaptação/13/6.png",Sim,Sim,Sim,multiple_selection,Nenhum,Conteúdo preservado,Nenhuma,"PMP - BOOK 8/3. Abordagens de desenvolvimento, ciclo de vida e adaptação/13/Gabarito - 3.13.txt",alta
area3-s13-q7,"PMP - BOOK 8/3. Abordagens de desenvolvimento, ciclo de vida e adaptação/13/Gabarito - 3.13.txt","3. Abordagens de desenvolvimento, ciclo de vida e adaptação/13/7.png",Sim,Sim,Sim,multiple_choice,Nenhum,Conteúdo preservado,Nenhuma,"PMP - BOOK 8/3. Abordagens de desenvolvimento, ciclo de vida e adaptação/13/Gabarito - 3.13.txt",alta
area3-s13-q8,"PMP - BOOK 8/3. Abordagens de desenvolvimento, ciclo de vida e adaptação/13/Gabarito - 3.13.txt","3. Abordagens de desenvolvimento, ciclo de vida e adaptação/13/8.png",Sim,Sim,Sim,multiple_choice,Nenhum,Conteúdo preservado,Nenhuma,"PMP - BOOK 8/3. Abordagens de desenvolvimento, ciclo de vida e adaptação/13/Gabarito - 3.13.txt",alta
area3-s13-q9,"PMP - BOOK 8/3. Abordagens de desenvolvimento, ciclo de vida e adaptação/13/Gabarito - 3.13.txt","3. Abordagens de desenvolvimento, ciclo de vida e adaptação/13/9.png",Sim,Sim,Sim,multiple_choice,Nenhum,Conteúdo preservado,Nenhuma,"PMP - BOOK 8/3. Abordagens de desenvolvimento, ciclo de vida e adaptação/13/Gabarito - 3.13.txt",alta
area3-s13-q10,"PMP - BOOK 8/3. Abordagens de desenvolvimento, ciclo de vida e adaptação/13/Gabarito - 3.13.txt","3. Abordagens de desenvolvimento, ciclo de vida e adaptação/13/10.png",Sim,Sim,Sim,multiple_choice,Nenhum,Conteúdo preservado,Nenhuma,"PMP - BOOK 8/3. Abordagens de desenvolvimento, ciclo de vida e adaptação/13/Gabarito - 3.13.txt",alta
area3-s13-q11,"PMP - BOOK 8/3. Abordagens de desenvolvimento, ciclo de vida e adaptação/13/Gabarito - 3.13.txt","3. Abordagens de desenvolvimento, ciclo de vida e adaptação/13/11.png",Sim,Sim,Sim,multiple_choice,Nenhum,Conteúdo preservado,Nenhuma,"PMP - BOOK 8/3. Abordagens de desenvolvimento, ciclo de vida e adaptação/13/Gabarito - 3.13.txt",alta
area3-s13-q12,"PMP - BOOK 8/3. Abordagens de desenvolvimento, ciclo de vida e adaptação/13/Gabarito - 3.13.txt","3. Abordagens de desenvolvimento, ciclo de vida e adaptação/13/12.png",Sim,Sim,Sim,multiple_choice,Nenhum,Conteúdo preservado,Nenhuma,"PMP - BOOK 8/3. Abordagens de desenvolvimento, ciclo de vida e adaptação/13/Gabarito - 3.13.txt",alta
area3-s14-q1,"PMP - BOOK 8/3. Abordagens de desenvolvimento, ciclo de vida e adaptação/14/Gabarito - 3.14.txt","3. Abordagens de desenvolvimento, ciclo de vida e adaptação/14/1.png",Sim,Sim,Sim,multiple_choice,Nenhum,Conteúdo preservado,Nenhuma,"PMP - BOOK 8/3. Abordagens de desenvolvimento, ciclo de vida e adaptação/14/Gabarito - 3.14.txt",alta
area3-s14-q2,"PMP - BOOK 8/3. Abordagens de desenvolvimento, ciclo de vida e adaptação/14/Gabarito - 3.14.txt","3. Abordagens de desenvolvimento, ciclo de vida e adaptação/14/2.png",Sim,Sim,Sim,multiple_selection,Nenhum,Conteúdo preservado,Nenhuma,"PMP - BOOK 8/3. Abordagens de desenvolvimento, ciclo de vida e adaptação/14/Gabarito - 3.14.txt",alta
area3-s14-q3,"PMP - BOOK 8/3. Abordagens de desenvolvimento, ciclo de vida e adaptação/14/Gabarito - 3.14.txt","3. Abordagens de desenvolvimento, ciclo de vida e adaptação/14/3.png",Sim,Sim,Sim,matching,Nenhum,Associação estruturada a partir dos pares da fonte,Nenhuma,"PMP - BOOK 8/3. Abordagens de desenvolvimento, ciclo de vida e adaptação/14/Gabarito - 3.14.txt",alta
area3-s14-q4,"PMP - BOOK 8/3. Abordagens de desenvolvimento, ciclo de vida e adaptação/14/Gabarito - 3.14.txt","3. Abordagens de desenvolvimento, ciclo de vida e adaptação/14/4.png",Sim,Sim,Sim,multiple_choice,Nenhum,Conteúdo preservado,Nenhuma,"PMP - BOOK 8/3. Abordagens de desenvolvimento, ciclo de vida e adaptação/14/Gabarito - 3.14.txt",alta
area3-s14-q5,"PMP - BOOK 8/3. Abordagens de desenvolvimento, ciclo de vida e adaptação/14/Gabarito - 3.14.txt","3. Abordagens de desenvolvimento, ciclo de vida e adaptação/14/5.png",Sim,Sim,Sim,multiple_choice,Nenhum,Conteúdo preservado,Nenhuma,"PMP - BOOK 8/3. Abordagens de desenvolvimento, ciclo de vida e adaptação/14/Gabarito - 3.14.txt",alta
area3-s14-q6,"PMP - BOOK 8/3. Abordagens de desenvolvimento, ciclo de vida e adaptação/14/Gabarito - 3.14.txt","3. Abordagens de desenvolvimento, ciclo de vida e adaptação/14/6.png",Sim,Sim,Sim,multiple_choice,Nenhum,Conteúdo preservado,Nenhuma,"PMP - BOOK 8/3. Abordagens de desenvolvimento, ciclo de vida e adaptação/14/Gabarito - 3.14.txt",alta
area3-s14-q7,"PMP - BOOK 8/3. Abordagens de desenvolvimento, ciclo de vida e adaptação/14/Gabarito - 3.14.txt","3. Abordagens de desenvolvimento, ciclo de vida e adaptação/14/7.png",Sim,Sim,Sim,multiple_choice,Nenhum,Conteúdo preservado,Nenhuma,"PMP - BOOK 8/3. Abordagens de desenvolvimento, ciclo de vida e adaptação/14/Gabarito - 3.14.txt",alta
area3-s14-q8,"PMP - BOOK 8/3. Abordagens de desenvolvimento, ciclo de vida e adaptação/14/Gabarito - 3.14.txt","3. Abordagens de desenvolvimento, ciclo de vida e adaptação/14/8.png",Sim,Sim,Sim,multiple_choice,Nenhum,Conteúdo preservado,Nenhuma,"PMP - BOOK 8/3. Abordagens de desenvolvimento, ciclo de vida e adaptação/14/Gabarito - 3.14.txt",alta
area3-s14-q9,"PMP - BOOK 8/3. Abordagens de desenvolvimento, ciclo de vida e adaptação/14/Gabarito - 3.14.txt","3. Abordagens de desenvolvimento, ciclo de vida e adaptação/14/9.png",Sim,Sim,Sim,multiple_choice,Nenhum,Conteúdo preservado,Nenhuma,"PMP - BOOK 8/3. Abordagens de desenvolvimento, ciclo de vida e adaptação/14/Gabarito - 3.14.txt",alta
area3-s14-q10,"PMP - BOOK 8/3. Abordagens de desenvolvimento, ciclo de vida e adaptação/14/Gabarito - 3.14.txt","3. Abordagens de desenvolvimento, ciclo de vida e adaptação/14/10.png",Sim,Sim,Sim,multiple_choice,Nenhum,Conteúdo preservado,Nenhuma,"PMP - BOOK 8/3. Abordagens de desenvolvimento, ciclo de vida e adaptação/14/Gabarito - 3.14.txt",alta
area3-s14-q11,"PMP - BOOK 8/3. Abordagens de desenvolvimento, ciclo de vida e adaptação/14/Gabarito - 3.14.txt","3. Abordagens de desenvolvimento, ciclo de vida e adaptação/14/11.png",Sim,Sim,Sim,multiple_choice,Nenhum,Conteúdo preservado,Nenhuma,"PMP - BOOK 8/3. Abordagens de desenvolvimento, ciclo de vida e adaptação/14/Gabarito - 3.14.txt",alta
area3-s15-q1,"PMP - BOOK 8/3. Abordagens de desenvolvimento, ciclo de vida e adaptação/15/Gabarito - 3.15.txt","3. Abordagens de desenvolvimento, ciclo de vida e adaptação/15/1.png",Sim,Sim,Sim,multiple_choice,Nenhum,Conteúdo preservado,Nenhuma,"PMP - BOOK 8/3. Abordagens de desenvolvimento, ciclo de vida e adaptação/15/Gabarito - 3.15.txt",alta
area3-s15-q2,"PMP - BOOK 8/3. Abordagens de desenvolvimento, ciclo de vida e adaptação/15/Gabarito - 3.15.txt","3. Abordagens de desenvolvimento, ciclo de vida e adaptação/15/2.png",Sim,Sim,Sim,matching,Nenhum,Associação estruturada a partir dos pares da fonte,Nenhuma,"PMP - BOOK 8/3. Abordagens de desenvolvimento, ciclo de vida e adaptação/15/Gabarito - 3.15.txt",alta
area3-s15-q3,"PMP - BOOK 8/3. Abordagens de desenvolvimento, ciclo de vida e adaptação/15/Gabarito - 3.15.txt","3. Abordagens de desenvolvimento, ciclo de vida e adaptação/15/3.png",Sim,Sim,Sim,multiple_choice,Nenhum,Conteúdo preservado,Nenhuma,"PMP - BOOK 8/3. Abordagens de desenvolvimento, ciclo de vida e adaptação/15/Gabarito - 3.15.txt",alta
area3-s15-q4,"PMP - BOOK 8/3. Abordagens de desenvolvimento, ciclo de vida e adaptação/15/Gabarito - 3.15.txt","3. Abordagens de desenvolvimento, ciclo de vida e adaptação/15/4.png",Sim,Sim,Sim,multiple_selection,Nenhum,Conteúdo preservado,Nenhuma,"PMP - BOOK 8/3. Abordagens de desenvolvimento, ciclo de vida e adaptação/15/Gabarito - 3.15.txt",alta
area3-s15-q5,"PMP - BOOK 8/3. Abordagens de desenvolvimento, ciclo de vida e adaptação/15/Gabarito - 3.15.txt","3. Abordagens de desenvolvimento, ciclo de vida e adaptação/15/5.png",Sim,Sim,Sim,multiple_selection,Nenhum,Conteúdo preservado,Nenhuma,"PMP - BOOK 8/3. Abordagens de desenvolvimento, ciclo de vida e adaptação/15/Gabarito - 3.15.txt",alta
area3-s15-q6,"PMP - BOOK 8/3. Abordagens de desenvolvimento, ciclo de vida e adaptação/15/Gabarito - 3.15.txt","3. Abordagens de desenvolvimento, ciclo de vida e adaptação/15/6.png",Sim,Sim,Sim,multiple_choice,Nenhum,Conteúdo preservado,Nenhuma,"PMP - BOOK 8/3. Abordagens de desenvolvimento, ciclo de vida e adaptação/15/Gabarito - 3.15.txt",alta
area3-s15-q7,"PMP - BOOK 8/3. Abordagens de desenvolvimento, ciclo de vida e adaptação/15/Gabarito - 3.15.txt","3. Abordagens de desenvolvimento, ciclo de vida e adaptação/15/7.png",Sim,Sim,Sim,matching,Nenhum,Associação estruturada a partir dos pares da fonte,Nenhuma,"PMP - BOOK 8/3. Abordagens de desenvolvimento, ciclo de vida e adaptação/15/Gabarito - 3.15.txt",alta
area3-s15-q8,"PMP - BOOK 8/3. Abordagens de desenvolvimento, ciclo de vida e adaptação/15/Gabarito - 3.15.txt","3. Abordagens de desenvolvimento, ciclo de vida e adaptação/15/8.png",Sim,Sim,Sim,multiple_choice,Nenhum,Conteúdo preservado,Nenhuma,"PMP - BOOK 8/3. Abordagens de desenvolvimento, ciclo de vida e adaptação/15/Gabarito - 3.15.txt",alta
area3-s15-q9,"PMP - BOOK 8/3. Abordagens de desenvolvimento, ciclo de vida e adaptação/15/Gabarito - 3.15.txt","3. Abordagens de desenvolvimento, ciclo de vida e adaptação/15/9.png",Sim,Sim,Sim,multiple_choice,Nenhum,Conteúdo preservado,Nenhuma,"PMP - BOOK 8/3. Abordagens de desenvolvimento, ciclo de vida e adaptação/15/Gabarito - 3.15.txt",alta
area3-s15-q10,"PMP - BOOK 8/3. Abordagens de desenvolvimento, ciclo de vida e adaptação/15/Gabarito - 3.15.txt","3. Abordagens de desenvolvimento, ciclo de vida e adaptação/15/10.png",Sim,Sim,Sim,multiple_choice,Nenhum,Conteúdo preservado,Nenhuma,"PMP - BOOK 8/3. Abordagens de desenvolvimento, ciclo de vida e adaptação/15/Gabarito - 3.15.txt",alta
area3-s15-q11,"PMP - BOOK 8/3. Abordagens de desenvolvimento, ciclo de vida e adaptação/15/Gabarito - 3.15.txt","3. Abordagens de desenvolvimento, ciclo de vida e adaptação/15/11.png",Sim,Sim,Sim,multiple_choice,Nenhum,Conteúdo preservado,Nenhuma,"PMP - BOOK 8/3. Abordagens de desenvolvimento, ciclo de vida e adaptação/15/Gabarito - 3.15.txt",alta
area3-s16-q1,"PMP - BOOK 8/3. Abordagens de desenvolvimento, ciclo de vida e adaptação/16/Gabarito - 3.16.txt","3. Abordagens de desenvolvimento, ciclo de vida e adaptação/16/1.png",Sim,Sim,Sim,multiple_choice,Nenhum,Conteúdo preservado,Nenhuma,"PMP - BOOK 8/3. Abordagens de desenvolvimento, ciclo de vida e adaptação/16/Gabarito - 3.16.txt",alta
area3-s16-q2,"PMP - BOOK 8/3. Abordagens de desenvolvimento, ciclo de vida e adaptação/16/Gabarito - 3.16.txt","3. Abordagens de desenvolvimento, ciclo de vida e adaptação/16/2.png",Sim,Sim,Sim,multiple_choice,Nenhum,Conteúdo preservado,Nenhuma,"PMP - BOOK 8/3. Abordagens de desenvolvimento, ciclo de vida e adaptação/16/Gabarito - 3.16.txt",alta
area3-s16-q3,"PMP - BOOK 8/3. Abordagens de desenvolvimento, ciclo de vida e adaptação/16/Gabarito - 3.16.txt","3. Abordagens de desenvolvimento, ciclo de vida e adaptação/16/3.png",Sim,Sim,Sim,multiple_choice,Nenhum,Conteúdo preservado,Nenhuma,"PMP - BOOK 8/3. Abordagens de desenvolvimento, ciclo de vida e adaptação/16/Gabarito - 3.16.txt",alta
area3-s16-q4,"PMP - BOOK 8/3. Abordagens de desenvolvimento, ciclo de vida e adaptação/16/Gabarito - 3.16.txt","3. Abordagens de desenvolvimento, ciclo de vida e adaptação/16/4.png",Sim,Sim,Sim,multiple_choice,Nenhum,Conteúdo preservado,Nenhuma,"PMP - BOOK 8/3. Abordagens de desenvolvimento, ciclo de vida e adaptação/16/Gabarito - 3.16.txt",alta
area3-s16-q5,"PMP - BOOK 8/3. Abordagens de desenvolvimento, ciclo de vida e adaptação/16/Gabarito - 3.16.txt","3. Abordagens de desenvolvimento, ciclo de vida e adaptação/16/5.png",Sim,Sim,Sim,multiple_choice,Nenhum,Conteúdo preservado,Nenhuma,"PMP - BOOK 8/3. Abordagens de desenvolvimento, ciclo de vida e adaptação/16/Gabarito - 3.16.txt",alta
area3-s16-q6,"PMP - BOOK 8/3. Abordagens de desenvolvimento, ciclo de vida e adaptação/16/Gabarito - 3.16.txt","3. Abordagens de desenvolvimento, ciclo de vida e adaptação/16/6.png",Sim,Sim,Sim,multiple_choice,Nenhum,Conteúdo preservado,Nenhuma,"PMP - BOOK 8/3. Abordagens de desenvolvimento, ciclo de vida e adaptação/16/Gabarito - 3.16.txt",alta
area3-s16-q7,"PMP - BOOK 8/3. Abordagens de desenvolvimento, ciclo de vida e adaptação/16/Gabarito - 3.16.txt","3. Abordagens de desenvolvimento, ciclo de vida e adaptação/16/7.png",Sim,Sim,Sim,multiple_choice,Nenhum,Conteúdo preservado,Nenhuma,"PMP - BOOK 8/3. Abordagens de desenvolvimento, ciclo de vida e adaptação/16/Gabarito - 3.16.txt",alta
area3-s16-q8,"PMP - BOOK 8/3. Abordagens de desenvolvimento, ciclo de vida e adaptação/16/Gabarito - 3.16.txt","3. Abordagens de desenvolvimento, ciclo de vida e adaptação/16/8.png",Sim,Sim,Sim,multiple_choice,Nenhum,Conteúdo preservado,Nenhuma,"PMP - BOOK 8/3. Abordagens de desenvolvimento, ciclo de vida e adaptação/16/Gabarito - 3.16.txt",alta
area3-s16-q9,"PMP - BOOK 8/3. Abordagens de desenvolvimento, ciclo de vida e adaptação/16/Gabarito - 3.16.txt","3. Abordagens de desenvolvimento, ciclo de vida e adaptação/16/9.png",Sim,Sim,Sim,multiple_selection,Nenhum,Conteúdo preservado,Nenhuma,"PMP - BOOK 8/3. Abordagens de desenvolvimento, ciclo de vida e adaptação/16/Gabarito - 3.16.txt",alta
area3-s16-q10,"PMP - BOOK 8/3. Abordagens de desenvolvimento, ciclo de vida e adaptação/16/Gabarito - 3.16.txt","3. Abordagens de desenvolvimento, ciclo de vida e adaptação/16/10.png",Sim,Sim,Sim,multiple_selection,Nenhum,Conteúdo preservado,Nenhuma,"PMP - BOOK 8/3. Abordagens de desenvolvimento, ciclo de vida e adaptação/16/Gabarito - 3.16.txt",alta
area3-s16-q11,"PMP - BOOK 8/3. Abordagens de desenvolvimento, ciclo de vida e adaptação/16/Gabarito - 3.16.txt","3. Abordagens de desenvolvimento, ciclo de vida e adaptação/16/11.png",Sim,Sim,Sim,multiple_choice,Nenhum,Conteúdo preservado,Nenhuma,"PMP - BOOK 8/3. Abordagens de desenvolvimento, ciclo de vida e adaptação/16/Gabarito - 3.16.txt",alta
area3-s16-q12,"PMP - BOOK 8/3. Abordagens de desenvolvimento, ciclo de vida e adaptação/16/Gabarito - 3.16.txt","3. Abordagens de desenvolvimento, ciclo de vida e adaptação/16/12.png",Sim,Sim,Sim,multiple_choice,Nenhum,Conteúdo preservado,Nenhuma,"PMP - BOOK 8/3. Abordagens de desenvolvimento, ciclo de vida e adaptação/16/Gabarito - 3.16.txt",alta
area3-s16-q13,"PMP - BOOK 8/3. Abordagens de desenvolvimento, ciclo de vida e adaptação/16/Gabarito - 3.16.txt","3. Abordagens de desenvolvimento, ciclo de vida e adaptação/16/13.png",Sim,Sim,Sim,multiple_choice,Nenhum,Conteúdo preservado,Nenhuma,"PMP - BOOK 8/3. Abordagens de desenvolvimento, ciclo de vida e adaptação/16/Gabarito - 3.16.txt",alta
area4-s1-q1,"PMP - BOOK 8/4. Mentalidade, papel do gerente de projetos e liderança/1/Gabarito - 4.1.txt","4. Mentalidade, papel do gerente de projetos e liderança/1/1.png",Sim,Sim,Sim,multiple_selection,Nenhum,Conteúdo preservado,Nenhuma,"PMP - BOOK 8/4. Mentalidade, papel do gerente de projetos e liderança/1/Gabarito - 4.1.txt",alta
area4-s1-q2,"PMP - BOOK 8/4. Mentalidade, papel do gerente de projetos e liderança/1/Gabarito - 4.1.txt","4. Mentalidade, papel do gerente de projetos e liderança/1/2.png",Sim,Sim,Sim,multiple_choice,Nenhum,Conteúdo preservado,Nenhuma,"PMP - BOOK 8/4. Mentalidade, papel do gerente de projetos e liderança/1/Gabarito - 4.1.txt",alta
area4-s1-q3,"PMP - BOOK 8/4. Mentalidade, papel do gerente de projetos e liderança/1/Gabarito - 4.1.txt","4. Mentalidade, papel do gerente de projetos e liderança/1/3.png",Sim,Sim,Sim,multiple_choice,Nenhum,Conteúdo preservado,Nenhuma,"PMP - BOOK 8/4. Mentalidade, papel do gerente de projetos e liderança/1/Gabarito - 4.1.txt",alta
area4-s1-q4,"PMP - BOOK 8/4. Mentalidade, papel do gerente de projetos e liderança/1/Gabarito - 4.1.txt","4. Mentalidade, papel do gerente de projetos e liderança/1/4.png",Sim,Sim,Sim,multiple_choice,Nenhum,Conteúdo preservado,Nenhuma,"PMP - BOOK 8/4. Mentalidade, papel do gerente de projetos e liderança/1/Gabarito - 4.1.txt",alta
area4-s1-q5,"PMP - BOOK 8/4. Mentalidade, papel do gerente de projetos e liderança/1/Gabarito - 4.1.txt","4. Mentalidade, papel do gerente de projetos e liderança/1/5.png",Sim,Sim,Sim,multiple_choice,Nenhum,Conteúdo preservado,Nenhuma,"PMP - BOOK 8/4. Mentalidade, papel do gerente de projetos e liderança/1/Gabarito - 4.1.txt",alta
area4-s1-q6,"PMP - BOOK 8/4. Mentalidade, papel do gerente de projetos e liderança/1/Gabarito - 4.1.txt","4. Mentalidade, papel do gerente de projetos e liderança/1/6.png",Sim,Sim,Sim,multiple_choice,Nenhum,Conteúdo preservado,Nenhuma,"PMP - BOOK 8/4. Mentalidade, papel do gerente de projetos e liderança/1/Gabarito - 4.1.txt",alta
area4-s1-q7,"PMP - BOOK 8/4. Mentalidade, papel do gerente de projetos e liderança/1/Gabarito - 4.1.txt","4. Mentalidade, papel do gerente de projetos e liderança/1/7.png",Sim,Sim,Sim,multiple_choice,Nenhum,Conteúdo preservado,Nenhuma,"PMP - BOOK 8/4. Mentalidade, papel do gerente de projetos e liderança/1/Gabarito - 4.1.txt",alta
area4-s1-q8,"PMP - BOOK 8/4. Mentalidade, papel do gerente de projetos e liderança/1/Gabarito - 4.1.txt","4. Mentalidade, papel do gerente de projetos e liderança/1/8.png",Sim,Sim,Sim,multiple_choice,Nenhum,Conteúdo preservado,Nenhuma,"PMP - BOOK 8/4. Mentalidade, papel do gerente de projetos e liderança/1/Gabarito - 4.1.txt",alta
area4-s2-q1,"PMP - BOOK 8/4. Mentalidade, papel do gerente de projetos e liderança/2/Gabarito - 4.2.txt","4. Mentalidade, papel do gerente de projetos e liderança/2/1.png",Sim,Sim,Sim,multiple_choice,Nenhum,Conteúdo preservado,Nenhuma,"PMP - BOOK 8/4. Mentalidade, papel do gerente de projetos e liderança/2/Gabarito - 4.2.txt",alta
area4-s2-q2,"PMP - BOOK 8/4. Mentalidade, papel do gerente de projetos e liderança/2/Gabarito - 4.2.txt","4. Mentalidade, papel do gerente de projetos e liderança/2/2.png",Sim,Sim,Sim,multiple_selection,Nenhum,Conteúdo preservado,Nenhuma,"PMP - BOOK 8/4. Mentalidade, papel do gerente de projetos e liderança/2/Gabarito - 4.2.txt",alta
area4-s2-q3,"PMP - BOOK 8/4. Mentalidade, papel do gerente de projetos e liderança/2/Gabarito - 4.2.txt","4. Mentalidade, papel do gerente de projetos e liderança/2/3.png",Sim,Sim,Sim,multiple_choice,Nenhum,Conteúdo preservado,Nenhuma,"PMP - BOOK 8/4. Mentalidade, papel do gerente de projetos e liderança/2/Gabarito - 4.2.txt",alta
area4-s2-q4,"PMP - BOOK 8/4. Mentalidade, papel do gerente de projetos e liderança/2/Gabarito - 4.2.txt","4. Mentalidade, papel do gerente de projetos e liderança/2/4.png",Sim,Sim,Sim,multiple_choice,Nenhum,Conteúdo preservado,Nenhuma,"PMP - BOOK 8/4. Mentalidade, papel do gerente de projetos e liderança/2/Gabarito - 4.2.txt",alta
area4-s2-q5,"PMP - BOOK 8/4. Mentalidade, papel do gerente de projetos e liderança/2/Gabarito - 4.2.txt","4. Mentalidade, papel do gerente de projetos e liderança/2/5.png",Sim,Sim,Sim,multiple_choice,Nenhum,Conteúdo preservado,Nenhuma,"PMP - BOOK 8/4. Mentalidade, papel do gerente de projetos e liderança/2/Gabarito - 4.2.txt",alta
area4-s2-q6,"PMP - BOOK 8/4. Mentalidade, papel do gerente de projetos e liderança/2/Gabarito - 4.2.txt","4. Mentalidade, papel do gerente de projetos e liderança/2/6.png",Sim,Sim,Sim,multiple_choice,Nenhum,Conteúdo preservado,Nenhuma,"PMP - BOOK 8/4. Mentalidade, papel do gerente de projetos e liderança/2/Gabarito - 4.2.txt",alta
area4-s2-q7,"PMP - BOOK 8/4. Mentalidade, papel do gerente de projetos e liderança/2/Gabarito - 4.2.txt","4. Mentalidade, papel do gerente de projetos e liderança/2/7.png",Sim,Sim,Sim,multiple_choice,Nenhum,Conteúdo preservado,Nenhuma,"PMP - BOOK 8/4. Mentalidade, papel do gerente de projetos e liderança/2/Gabarito - 4.2.txt",alta
area4-s3-q1,"PMP - BOOK 8/4. Mentalidade, papel do gerente de projetos e liderança/3/Gabarito - 4.3.txt","4. Mentalidade, papel do gerente de projetos e liderança/3/1.png",Sim,Sim,Sim,multiple_choice,Nenhum,Conteúdo preservado,Nenhuma,"PMP - BOOK 8/4. Mentalidade, papel do gerente de projetos e liderança/3/Gabarito - 4.3.txt",alta
area4-s3-q2,"PMP - BOOK 8/4. Mentalidade, papel do gerente de projetos e liderança/3/Gabarito - 4.3.txt","4. Mentalidade, papel do gerente de projetos e liderança/3/2.png",Sim,Sim,Sim,multiple_selection,Nenhum,Conteúdo preservado,Nenhuma,"PMP - BOOK 8/4. Mentalidade, papel do gerente de projetos e liderança/3/Gabarito - 4.3.txt",alta
area4-s3-q3,"PMP - BOOK 8/4. Mentalidade, papel do gerente de projetos e liderança/3/Gabarito - 4.3.txt","4. Mentalidade, papel do gerente de projetos e liderança/3/3.png",Sim,Sim,Sim,multiple_choice,Nenhum,Conteúdo preservado,Nenhuma,"PMP - BOOK 8/4. Mentalidade, papel do gerente de projetos e liderança/3/Gabarito - 4.3.txt",alta
area4-s3-q4,"PMP - BOOK 8/4. Mentalidade, papel do gerente de projetos e liderança/3/Gabarito - 4.3.txt","4. Mentalidade, papel do gerente de projetos e liderança/3/4.png",Sim,Sim,Sim,multiple_choice,Nenhum,Conteúdo preservado,Nenhuma,"PMP - BOOK 8/4. Mentalidade, papel do gerente de projetos e liderança/3/Gabarito - 4.3.txt",alta
area4-s3-q5,"PMP - BOOK 8/4. Mentalidade, papel do gerente de projetos e liderança/3/Gabarito - 4.3.txt","4. Mentalidade, papel do gerente de projetos e liderança/3/5.png",Sim,Sim,Sim,multiple_choice,Nenhum,Conteúdo preservado,Nenhuma,"PMP - BOOK 8/4. Mentalidade, papel do gerente de projetos e liderança/3/Gabarito - 4.3.txt",alta
area4-s3-q6,"PMP - BOOK 8/4. Mentalidade, papel do gerente de projetos e liderança/3/Gabarito - 4.3.txt","4. Mentalidade, papel do gerente de projetos e liderança/3/6.png",Sim,Sim,Sim,multiple_choice,Nenhum,Conteúdo preservado,Nenhuma,"PMP - BOOK 8/4. Mentalidade, papel do gerente de projetos e liderança/3/Gabarito - 4.3.txt",alta
area4-s3-q7,"PMP - BOOK 8/4. Mentalidade, papel do gerente de projetos e liderança/3/Gabarito - 4.3.txt","4. Mentalidade, papel do gerente de projetos e liderança/3/7.png",Sim,Sim,Sim,multiple_choice,Nenhum,Conteúdo preservado,Nenhuma,"PMP - BOOK 8/4. Mentalidade, papel do gerente de projetos e liderança/3/Gabarito - 4.3.txt",alta
area4-s3-q8,"PMP - BOOK 8/4. Mentalidade, papel do gerente de projetos e liderança/3/Gabarito - 4.3.txt","4. Mentalidade, papel do gerente de projetos e liderança/3/8.png",Sim,Sim,Sim,multiple_choice,Nenhum,Conteúdo preservado,Nenhuma,"PMP - BOOK 8/4. Mentalidade, papel do gerente de projetos e liderança/3/Gabarito - 4.3.txt",alta
area4-s4-q1,"PMP - BOOK 8/4. Mentalidade, papel do gerente de projetos e liderança/4/Gabarito - 4.4.txt","4. Mentalidade, papel do gerente de projetos e liderança/4/1.png",Sim,Sim,Sim,multiple_selection,Nenhum,Conteúdo preservado,Nenhuma,"PMP - BOOK 8/4. Mentalidade, papel do gerente de projetos e liderança/4/Gabarito - 4.4.txt",alta
area4-s4-q2,"PMP - BOOK 8/4. Mentalidade, papel do gerente de projetos e liderança/4/Gabarito - 4.4.txt","4. Mentalidade, papel do gerente de projetos e liderança/4/2.png",Sim,Sim,Sim,multiple_choice,Nenhum,Conteúdo preservado,Nenhuma,"PMP - BOOK 8/4. Mentalidade, papel do gerente de projetos e liderança/4/Gabarito - 4.4.txt",alta
area4-s4-q3,"PMP - BOOK 8/4. Mentalidade, papel do gerente de projetos e liderança/4/Gabarito - 4.4.txt","4. Mentalidade, papel do gerente de projetos e liderança/4/3.png",Sim,Sim,Sim,multiple_choice,Nenhum,Conteúdo preservado,Nenhuma,"PMP - BOOK 8/4. Mentalidade, papel do gerente de projetos e liderança/4/Gabarito - 4.4.txt",alta
area4-s4-q4,"PMP - BOOK 8/4. Mentalidade, papel do gerente de projetos e liderança/4/Gabarito - 4.4.txt","4. Mentalidade, papel do gerente de projetos e liderança/4/4.png",Sim,Sim,Sim,multiple_choice,Nenhum,Conteúdo preservado,Nenhuma,"PMP - BOOK 8/4. Mentalidade, papel do gerente de projetos e liderança/4/Gabarito - 4.4.txt",alta
area4-s4-q5,"PMP - BOOK 8/4. Mentalidade, papel do gerente de projetos e liderança/4/Gabarito - 4.4.txt","4. Mentalidade, papel do gerente de projetos e liderança/4/5.png",Sim,Sim,Sim,multiple_choice,Nenhum,Conteúdo preservado,Nenhuma,"PMP - BOOK 8/4. Mentalidade, papel do gerente de projetos e liderança/4/Gabarito - 4.4.txt",alta
area4-s4-q6,"PMP - BOOK 8/4. Mentalidade, papel do gerente de projetos e liderança/4/Gabarito - 4.4.txt","4. Mentalidade, papel do gerente de projetos e liderança/4/6.png",Sim,Sim,Sim,multiple_choice,Nenhum,Conteúdo preservado,Nenhuma,"PMP - BOOK 8/4. Mentalidade, papel do gerente de projetos e liderança/4/Gabarito - 4.4.txt",alta
area4-s4-q7,"PMP - BOOK 8/4. Mentalidade, papel do gerente de projetos e liderança/4/Gabarito - 4.4.txt","4. Mentalidade, papel do gerente de projetos e liderança/4/7.png",Sim,Sim,Sim,multiple_selection,Nenhum,Conteúdo preservado,Nenhuma,"PMP - BOOK 8/4. Mentalidade, papel do gerente de projetos e liderança/4/Gabarito - 4.4.txt",alta
area4-s4-q8,"PMP - BOOK 8/4. Mentalidade, papel do gerente de projetos e liderança/4/Gabarito - 4.4.txt","4. Mentalidade, papel do gerente de projetos e liderança/4/8.png",Sim,Sim,Sim,multiple_choice,Nenhum,Conteúdo preservado,Nenhuma,"PMP - BOOK 8/4. Mentalidade, papel do gerente de projetos e liderança/4/Gabarito - 4.4.txt",alta
area4-s5-q1,"PMP - BOOK 8/4. Mentalidade, papel do gerente de projetos e liderança/5/Gabarito - 4.5.txt","4. Mentalidade, papel do gerente de projetos e liderança/5/1.png",Sim,Sim,Sim,multiple_choice,Nenhum,Conteúdo preservado,Nenhuma,"PMP - BOOK 8/4. Mentalidade, papel do gerente de projetos e liderança/5/Gabarito - 4.5.txt",alta
area4-s5-q2,"PMP - BOOK 8/4. Mentalidade, papel do gerente de projetos e liderança/5/Gabarito - 4.5.txt","4. Mentalidade, papel do gerente de projetos e liderança/5/2.png",Sim,Sim,Sim,multiple_choice,Nenhum,Conteúdo preservado,Nenhuma,"PMP - BOOK 8/4. Mentalidade, papel do gerente de projetos e liderança/5/Gabarito - 4.5.txt",alta
area4-s5-q3,"PMP - BOOK 8/4. Mentalidade, papel do gerente de projetos e liderança/5/Gabarito - 4.5.txt","4. Mentalidade, papel do gerente de projetos e liderança/5/3.png",Sim,Sim,Sim,multiple_choice,Nenhum,Conteúdo preservado,Nenhuma,"PMP - BOOK 8/4. Mentalidade, papel do gerente de projetos e liderança/5/Gabarito - 4.5.txt",alta
area4-s5-q4,"PMP - BOOK 8/4. Mentalidade, papel do gerente de projetos e liderança/5/Gabarito - 4.5.txt","4. Mentalidade, papel do gerente de projetos e liderança/5/4.png",Sim,Sim,Sim,multiple_selection,Nenhum,Conteúdo preservado,Nenhuma,"PMP - BOOK 8/4. Mentalidade, papel do gerente de projetos e liderança/5/Gabarito - 4.5.txt",alta
area4-s5-q5,"PMP - BOOK 8/4. Mentalidade, papel do gerente de projetos e liderança/5/Gabarito - 4.5.txt","4. Mentalidade, papel do gerente de projetos e liderança/5/5.png",Sim,Sim,Sim,multiple_choice,Nenhum,Conteúdo preservado,Nenhuma,"PMP - BOOK 8/4. Mentalidade, papel do gerente de projetos e liderança/5/Gabarito - 4.5.txt",alta
area4-s5-q6,"PMP - BOOK 8/4. Mentalidade, papel do gerente de projetos e liderança/5/Gabarito - 4.5.txt","4. Mentalidade, papel do gerente de projetos e liderança/5/6.png",Sim,Sim,Sim,multiple_choice,Nenhum,Conteúdo preservado,Nenhuma,"PMP - BOOK 8/4. Mentalidade, papel do gerente de projetos e liderança/5/Gabarito - 4.5.txt",alta
area4-s5-q7,"PMP - BOOK 8/4. Mentalidade, papel do gerente de projetos e liderança/5/Gabarito - 4.5.txt","4. Mentalidade, papel do gerente de projetos e liderança/5/7.png",Sim,Sim,Sim,multiple_choice,Nenhum,Conteúdo preservado,Nenhuma,"PMP - BOOK 8/4. Mentalidade, papel do gerente de projetos e liderança/5/Gabarito - 4.5.txt",alta
area4-s5-q8,"PMP - BOOK 8/4. Mentalidade, papel do gerente de projetos e liderança/5/Gabarito - 4.5.txt","4. Mentalidade, papel do gerente de projetos e liderança/5/8.png",Sim,Sim,Sim,multiple_choice,Nenhum,Conteúdo preservado,Nenhuma,"PMP - BOOK 8/4. Mentalidade, papel do gerente de projetos e liderança/5/Gabarito - 4.5.txt",alta
area4-s6-q1,"PMP - BOOK 8/4. Mentalidade, papel do gerente de projetos e liderança/6/Gabarito - 4.6.txt","4. Mentalidade, papel do gerente de projetos e liderança/6/1.png",Sim,Sim,Sim,multiple_choice,Nenhum,Conteúdo preservado,Nenhuma,"PMP - BOOK 8/4. Mentalidade, papel do gerente de projetos e liderança/6/Gabarito - 4.6.txt",alta
area4-s6-q2,"PMP - BOOK 8/4. Mentalidade, papel do gerente de projetos e liderança/6/Gabarito - 4.6.txt","4. Mentalidade, papel do gerente de projetos e liderança/6/2.png",Sim,Sim,Sim,multiple_selection,Nenhum,Conteúdo preservado,Nenhuma,"PMP - BOOK 8/4. Mentalidade, papel do gerente de projetos e liderança/6/Gabarito - 4.6.txt",alta
area4-s6-q3,"PMP - BOOK 8/4. Mentalidade, papel do gerente de projetos e liderança/6/Gabarito - 4.6.txt","4. Mentalidade, papel do gerente de projetos e liderança/6/3.png",Sim,Sim,Sim,multiple_choice,Nenhum,Conteúdo preservado,Nenhuma,"PMP - BOOK 8/4. Mentalidade, papel do gerente de projetos e liderança/6/Gabarito - 4.6.txt",alta
area4-s6-q4,"PMP - BOOK 8/4. Mentalidade, papel do gerente de projetos e liderança/6/Gabarito - 4.6.txt","4. Mentalidade, papel do gerente de projetos e liderança/6/4.png",Sim,Sim,Sim,multiple_choice,Nenhum,Conteúdo preservado,Nenhuma,"PMP - BOOK 8/4. Mentalidade, papel do gerente de projetos e liderança/6/Gabarito - 4.6.txt",alta
area4-s6-q5,"PMP - BOOK 8/4. Mentalidade, papel do gerente de projetos e liderança/6/Gabarito - 4.6.txt","4. Mentalidade, papel do gerente de projetos e liderança/6/5.png",Sim,Sim,Sim,multiple_choice,Nenhum,Conteúdo preservado,Nenhuma,"PMP - BOOK 8/4. Mentalidade, papel do gerente de projetos e liderança/6/Gabarito - 4.6.txt",alta
area4-s6-q7,"PMP - BOOK 8/4. Mentalidade, papel do gerente de projetos e liderança/6/Gabarito - 4.6.txt","4. Mentalidade, papel do gerente de projetos e liderança/6/7.png",Sim,Sim,Sim,multiple_choice,Nenhum,Conteúdo preservado,Nenhuma,"PMP - BOOK 8/4. Mentalidade, papel do gerente de projetos e liderança/6/Gabarito - 4.6.txt",alta
area4-s6-q8,"PMP - BOOK 8/4. Mentalidade, papel do gerente de projetos e liderança/6/Gabarito - 4.6.txt","4. Mentalidade, papel do gerente de projetos e liderança/6/8.png",Sim,Sim,Sim,multiple_choice,Nenhum,Conteúdo preservado,Nenhuma,"PMP - BOOK 8/4. Mentalidade, papel do gerente de projetos e liderança/6/Gabarito - 4.6.txt",alta
area4-s7-q1,"PMP - BOOK 8/4. Mentalidade, papel do gerente de projetos e liderança/7/Gabarito - 4.7.txt","4. Mentalidade, papel do gerente de projetos e liderança/7/1.png",Sim,Sim,Sim,multiple_choice,Nenhum,Conteúdo preservado,Nenhuma,"PMP - BOOK 8/4. Mentalidade, papel do gerente de projetos e liderança/7/Gabarito - 4.7.txt",alta
area4-s7-q2,"PMP - BOOK 8/4. Mentalidade, papel do gerente de projetos e liderança/7/Gabarito - 4.7.txt","4. Mentalidade, papel do gerente de projetos e liderança/7/2.png",Sim,Sim,Sim,multiple_choice,Nenhum,Conteúdo preservado,Nenhuma,"PMP - BOOK 8/4. Mentalidade, papel do gerente de projetos e liderança/7/Gabarito - 4.7.txt",alta
area4-s7-q3,"PMP - BOOK 8/4. Mentalidade, papel do gerente de projetos e liderança/7/Gabarito - 4.7.txt","4. Mentalidade, papel do gerente de projetos e liderança/7/3.png",Sim,Sim,Sim,multiple_choice,Nenhum,Conteúdo preservado,Nenhuma,"PMP - BOOK 8/4. Mentalidade, papel do gerente de projetos e liderança/7/Gabarito - 4.7.txt",alta
area4-s7-q4,"PMP - BOOK 8/4. Mentalidade, papel do gerente de projetos e liderança/7/Gabarito - 4.7.txt","4. Mentalidade, papel do gerente de projetos e liderança/7/4.png",Sim,Sim,Sim,multiple_choice,Nenhum,Conteúdo preservado,Nenhuma,"PMP - BOOK 8/4. Mentalidade, papel do gerente de projetos e liderança/7/Gabarito - 4.7.txt",alta
area4-s7-q5,"PMP - BOOK 8/4. Mentalidade, papel do gerente de projetos e liderança/7/Gabarito - 4.7.txt","4. Mentalidade, papel do gerente de projetos e liderança/7/5.png",Sim,Sim,Sim,multiple_choice,Nenhum,Conteúdo preservado,Nenhuma,"PMP - BOOK 8/4. Mentalidade, papel do gerente de projetos e liderança/7/Gabarito - 4.7.txt",alta
area4-s7-q6,"PMP - BOOK 8/4. Mentalidade, papel do gerente de projetos e liderança/7/Gabarito - 4.7.txt","4. Mentalidade, papel do gerente de projetos e liderança/7/6.png",Sim,Sim,Sim,multiple_choice,Nenhum,Conteúdo preservado,Nenhuma,"PMP - BOOK 8/4. Mentalidade, papel do gerente de projetos e liderança/7/Gabarito - 4.7.txt",alta
area4-s7-q7,"PMP - BOOK 8/4. Mentalidade, papel do gerente de projetos e liderança/7/Gabarito - 4.7.txt","4. Mentalidade, papel do gerente de projetos e liderança/7/7.png",Sim,Sim,Sim,multiple_selection,Nenhum,Conteúdo preservado,Nenhuma,"PMP - BOOK 8/4. Mentalidade, papel do gerente de projetos e liderança/7/Gabarito - 4.7.txt",alta
area4-s7-q8,"PMP - BOOK 8/4. Mentalidade, papel do gerente de projetos e liderança/7/Gabarito - 4.7.txt","4. Mentalidade, papel do gerente de projetos e liderança/7/8.png",Sim,Sim,Sim,multiple_choice,Nenhum,Conteúdo preservado,Nenhuma,"PMP - BOOK 8/4. Mentalidade, papel do gerente de projetos e liderança/7/Gabarito - 4.7.txt",alta
area4-s8-q1,"PMP - BOOK 8/4. Mentalidade, papel do gerente de projetos e liderança/8/Gabarito - 4.8.txt","4. Mentalidade, papel do gerente de projetos e liderança/8/1.png",Sim,Sim,Sim,multiple_choice,Nenhum,Conteúdo preservado,Nenhuma,"PMP - BOOK 8/4. Mentalidade, papel do gerente de projetos e liderança/8/Gabarito - 4.8.txt",alta
area4-s8-q2,"PMP - BOOK 8/4. Mentalidade, papel do gerente de projetos e liderança/8/Gabarito - 4.8.txt","4. Mentalidade, papel do gerente de projetos e liderança/8/2.png",Sim,Sim,Sim,multiple_choice,Nenhum,Conteúdo preservado,Nenhuma,"PMP - BOOK 8/4. Mentalidade, papel do gerente de projetos e liderança/8/Gabarito - 4.8.txt",alta
area4-s8-q3,"PMP - BOOK 8/4. Mentalidade, papel do gerente de projetos e liderança/8/Gabarito - 4.8.txt","4. Mentalidade, papel do gerente de projetos e liderança/8/3.png",Sim,Sim,Sim,multiple_choice,Nenhum,Conteúdo preservado,Nenhuma,"PMP - BOOK 8/4. Mentalidade, papel do gerente de projetos e liderança/8/Gabarito - 4.8.txt",alta
area4-s8-q4,"PMP - BOOK 8/4. Mentalidade, papel do gerente de projetos e liderança/8/Gabarito - 4.8.txt","4. Mentalidade, papel do gerente de projetos e liderança/8/4.png",Sim,Sim,Sim,multiple_choice,Nenhum,Conteúdo preservado,Nenhuma,"PMP - BOOK 8/4. Mentalidade, papel do gerente de projetos e liderança/8/Gabarito - 4.8.txt",alta
area4-s8-q5,"PMP - BOOK 8/4. Mentalidade, papel do gerente de projetos e liderança/8/Gabarito - 4.8.txt","4. Mentalidade, papel do gerente de projetos e liderança/8/5.png",Sim,Sim,Sim,multiple_choice,Nenhum,Conteúdo preservado,Nenhuma,"PMP - BOOK 8/4. Mentalidade, papel do gerente de projetos e liderança/8/Gabarito - 4.8.txt",alta
area4-s8-q6,"PMP - BOOK 8/4. Mentalidade, papel do gerente de projetos e liderança/8/Gabarito - 4.8.txt","4. Mentalidade, papel do gerente de projetos e liderança/8/6.png",Sim,Sim,Sim,multiple_choice,Nenhum,Conteúdo preservado,Nenhuma,"PMP - BOOK 8/4. Mentalidade, papel do gerente de projetos e liderança/8/Gabarito - 4.8.txt",alta
area4-s8-q7,"PMP - BOOK 8/4. Mentalidade, papel do gerente de projetos e liderança/8/Gabarito - 4.8.txt","4. Mentalidade, papel do gerente de projetos e liderança/8/7.png",Sim,Sim,Sim,multiple_choice,Nenhum,Conteúdo preservado,Nenhuma,"PMP - BOOK 8/4. Mentalidade, papel do gerente de projetos e liderança/8/Gabarito - 4.8.txt",alta
area4-s9-q1,"PMP - BOOK 8/4. Mentalidade, papel do gerente de projetos e liderança/9/Gabarito - 4.9.txt","4. Mentalidade, papel do gerente de projetos e liderança/9/1.png",Sim,Sim,Sim,multiple_choice,Nenhum,Conteúdo preservado,Nenhuma,"PMP - BOOK 8/4. Mentalidade, papel do gerente de projetos e liderança/9/Gabarito - 4.9.txt",alta
area4-s9-q2,"PMP - BOOK 8/4. Mentalidade, papel do gerente de projetos e liderança/9/Gabarito - 4.9.txt","4. Mentalidade, papel do gerente de projetos e liderança/9/2.png",Sim,Sim,Sim,multiple_choice,Nenhum,Conteúdo preservado,Nenhuma,"PMP - BOOK 8/4. Mentalidade, papel do gerente de projetos e liderança/9/Gabarito - 4.9.txt",alta
area4-s9-q3,"PMP - BOOK 8/4. Mentalidade, papel do gerente de projetos e liderança/9/Gabarito - 4.9.txt","4. Mentalidade, papel do gerente de projetos e liderança/9/3.png",Sim,Sim,Sim,multiple_choice,Nenhum,Conteúdo preservado,Nenhuma,"PMP - BOOK 8/4. Mentalidade, papel do gerente de projetos e liderança/9/Gabarito - 4.9.txt",alta
area4-s9-q4,"PMP - BOOK 8/4. Mentalidade, papel do gerente de projetos e liderança/9/Gabarito - 4.9.txt","4. Mentalidade, papel do gerente de projetos e liderança/9/4.png",Sim,Sim,Sim,multiple_choice,Nenhum,Conteúdo preservado,Nenhuma,"PMP - BOOK 8/4. Mentalidade, papel do gerente de projetos e liderança/9/Gabarito - 4.9.txt",alta
area4-s9-q5,"PMP - BOOK 8/4. Mentalidade, papel do gerente de projetos e liderança/9/Gabarito - 4.9.txt","4. Mentalidade, papel do gerente de projetos e liderança/9/5.png",Sim,Sim,Sim,multiple_choice,Nenhum,Conteúdo preservado,Nenhuma,"PMP - BOOK 8/4. Mentalidade, papel do gerente de projetos e liderança/9/Gabarito - 4.9.txt",alta
area4-s9-q6,"PMP - BOOK 8/4. Mentalidade, papel do gerente de projetos e liderança/9/Gabarito - 4.9.txt","4. Mentalidade, papel do gerente de projetos e liderança/9/6.png",Sim,Sim,Sim,multiple_choice,Nenhum,Conteúdo preservado,Nenhuma,"PMP - BOOK 8/4. Mentalidade, papel do gerente de projetos e liderança/9/Gabarito - 4.9.txt",alta
area4-s9-q7,"PMP - BOOK 8/4. Mentalidade, papel do gerente de projetos e liderança/9/Gabarito - 4.9.txt","4. Mentalidade, papel do gerente de projetos e liderança/9/7.png",Sim,Sim,Sim,multiple_choice,Nenhum,Conteúdo preservado,Nenhuma,"PMP - BOOK 8/4. Mentalidade, papel do gerente de projetos e liderança/9/Gabarito - 4.9.txt",alta
area4-s9-q8,"PMP - BOOK 8/4. Mentalidade, papel do gerente de projetos e liderança/9/Gabarito - 4.9.txt","4. Mentalidade, papel do gerente de projetos e liderança/9/8.png",Sim,Sim,Sim,multiple_choice,Nenhum,Conteúdo preservado,Nenhuma,"PMP - BOOK 8/4. Mentalidade, papel do gerente de projetos e liderança/9/Gabarito - 4.9.txt",alta
area4-s10-q1,"PMP - BOOK 8/4. Mentalidade, papel do gerente de projetos e liderança/10/Gabarito - 4.10.txt","4. Mentalidade, papel do gerente de projetos e liderança/10/1.png",Sim,Sim,Sim,multiple_selection,Nenhum,Conteúdo preservado,Nenhuma,"PMP - BOOK 8/4. Mentalidade, papel do gerente de projetos e liderança/10/Gabarito - 4.10.txt",alta
area4-s10-q2,"PMP - BOOK 8/4. Mentalidade, papel do gerente de projetos e liderança/10/Gabarito - 4.10.txt","4. Mentalidade, papel do gerente de projetos e liderança/10/2.png",Sim,Sim,Sim,multiple_choice,Nenhum,Conteúdo preservado,Nenhuma,"PMP - BOOK 8/4. Mentalidade, papel do gerente de projetos e liderança/10/Gabarito - 4.10.txt",alta
area4-s10-q3,"PMP - BOOK 8/4. Mentalidade, papel do gerente de projetos e liderança/10/Gabarito - 4.10.txt","4. Mentalidade, papel do gerente de projetos e liderança/10/3.png",Sim,Sim,Sim,multiple_choice,Nenhum,Conteúdo preservado,Nenhuma,"PMP - BOOK 8/4. Mentalidade, papel do gerente de projetos e liderança/10/Gabarito - 4.10.txt",alta
area4-s10-q4,"PMP - BOOK 8/4. Mentalidade, papel do gerente de projetos e liderança/10/Gabarito - 4.10.txt","4. Mentalidade, papel do gerente de projetos e liderança/10/4.png",Sim,Sim,Sim,multiple_selection,Nenhum,Conteúdo preservado,Nenhuma,"PMP - BOOK 8/4. Mentalidade, papel do gerente de projetos e liderança/10/Gabarito - 4.10.txt",alta
area4-s10-q5,"PMP - BOOK 8/4. Mentalidade, papel do gerente de projetos e liderança/10/Gabarito - 4.10.txt","4. Mentalidade, papel do gerente de projetos e liderança/10/5.png",Sim,Sim,Sim,multiple_choice,Nenhum,Conteúdo preservado,Nenhuma,"PMP - BOOK 8/4. Mentalidade, papel do gerente de projetos e liderança/10/Gabarito - 4.10.txt",alta
area4-s10-q6,"PMP - BOOK 8/4. Mentalidade, papel do gerente de projetos e liderança/10/Gabarito - 4.10.txt","4. Mentalidade, papel do gerente de projetos e liderança/10/6.png",Sim,Sim,Sim,multiple_choice,Nenhum,Conteúdo preservado,Nenhuma,"PMP - BOOK 8/4. Mentalidade, papel do gerente de projetos e liderança/10/Gabarito - 4.10.txt",alta
area4-s10-q7,"PMP - BOOK 8/4. Mentalidade, papel do gerente de projetos e liderança/10/Gabarito - 4.10.txt","4. Mentalidade, papel do gerente de projetos e liderança/10/7.png",Sim,Sim,Sim,multiple_choice,Nenhum,Conteúdo preservado,Nenhuma,"PMP - BOOK 8/4. Mentalidade, papel do gerente de projetos e liderança/10/Gabarito - 4.10.txt",alta
area4-s10-q8,"PMP - BOOK 8/4. Mentalidade, papel do gerente de projetos e liderança/10/Gabarito - 4.10.txt","4. Mentalidade, papel do gerente de projetos e liderança/10/8.png",Sim,Sim,Sim,multiple_choice,Nenhum,Conteúdo preservado,Nenhuma,"PMP - BOOK 8/4. Mentalidade, papel do gerente de projetos e liderança/10/Gabarito - 4.10.txt",alta
area4-s11-q1,"PMP - BOOK 8/4. Mentalidade, papel do gerente de projetos e liderança/11/Gabarito - 4.11.txt","4. Mentalidade, papel do gerente de projetos e liderança/11/1.png",Sim,Sim,Sim,multiple_choice,Nenhum,Conteúdo preservado,Nenhuma,"PMP - BOOK 8/4. Mentalidade, papel do gerente de projetos e liderança/11/Gabarito - 4.11.txt",alta
area4-s11-q2,"PMP - BOOK 8/4. Mentalidade, papel do gerente de projetos e liderança/11/Gabarito - 4.11.txt","4. Mentalidade, papel do gerente de projetos e liderança/11/2.png",Sim,Sim,Sim,multiple_choice,Nenhum,Conteúdo preservado,Nenhuma,"PMP - BOOK 8/4. Mentalidade, papel do gerente de projetos e liderança/11/Gabarito - 4.11.txt",alta
area4-s11-q3,"PMP - BOOK 8/4. Mentalidade, papel do gerente de projetos e liderança/11/Gabarito - 4.11.txt","4. Mentalidade, papel do gerente de projetos e liderança/11/3.png",Sim,Sim,Sim,multiple_choice,Nenhum,Conteúdo preservado,Nenhuma,"PMP - BOOK 8/4. Mentalidade, papel do gerente de projetos e liderança/11/Gabarito - 4.11.txt",alta
area4-s11-q4,"PMP - BOOK 8/4. Mentalidade, papel do gerente de projetos e liderança/11/Gabarito - 4.11.txt","4. Mentalidade, papel do gerente de projetos e liderança/11/4.png",Sim,Sim,Sim,multiple_choice,Nenhum,Conteúdo preservado,Nenhuma,"PMP - BOOK 8/4. Mentalidade, papel do gerente de projetos e liderança/11/Gabarito - 4.11.txt",alta
area4-s11-q5,"PMP - BOOK 8/4. Mentalidade, papel do gerente de projetos e liderança/11/Gabarito - 4.11.txt","4. Mentalidade, papel do gerente de projetos e liderança/11/5.png",Sim,Sim,Sim,multiple_choice,Nenhum,Conteúdo preservado,Nenhuma,"PMP - BOOK 8/4. Mentalidade, papel do gerente de projetos e liderança/11/Gabarito - 4.11.txt",alta
area4-s11-q6,"PMP - BOOK 8/4. Mentalidade, papel do gerente de projetos e liderança/11/Gabarito - 4.11.txt","4. Mentalidade, papel do gerente de projetos e liderança/11/6.png",Sim,Sim,Sim,multiple_selection,Nenhum,Conteúdo preservado,Nenhuma,"PMP - BOOK 8/4. Mentalidade, papel do gerente de projetos e liderança/11/Gabarito - 4.11.txt",alta
area4-s11-q7,"PMP - BOOK 8/4. Mentalidade, papel do gerente de projetos e liderança/11/Gabarito - 4.11.txt","4. Mentalidade, papel do gerente de projetos e liderança/11/7.png",Sim,Sim,Sim,multiple_choice,Nenhum,Conteúdo preservado,Nenhuma,"PMP - BOOK 8/4. Mentalidade, papel do gerente de projetos e liderança/11/Gabarito - 4.11.txt",alta
area4-s11-q8,"PMP - BOOK 8/4. Mentalidade, papel do gerente de projetos e liderança/11/Gabarito - 4.11.txt","4. Mentalidade, papel do gerente de projetos e liderança/11/8.png",Sim,Sim,Sim,multiple_choice,Nenhum,Conteúdo preservado,Nenhuma,"PMP - BOOK 8/4. Mentalidade, papel do gerente de projetos e liderança/11/Gabarito - 4.11.txt",alta
area4-s12-q1,"PMP - BOOK 8/4. Mentalidade, papel do gerente de projetos e liderança/12/Gabarito - 4.12.txt","4. Mentalidade, papel do gerente de projetos e liderança/12/1.png",Sim,Sim,Sim,multiple_choice,Nenhum,Conteúdo preservado,Nenhuma,"PMP - BOOK 8/4. Mentalidade, papel do gerente de projetos e liderança/12/Gabarito - 4.12.txt",alta
area4-s12-q2,"PMP - BOOK 8/4. Mentalidade, papel do gerente de projetos e liderança/12/Gabarito - 4.12.txt","4. Mentalidade, papel do gerente de projetos e liderança/12/2.png",Sim,Sim,Sim,multiple_choice,Nenhum,Conteúdo preservado,Nenhuma,"PMP - BOOK 8/4. Mentalidade, papel do gerente de projetos e liderança/12/Gabarito - 4.12.txt",alta
area4-s12-q3,"PMP - BOOK 8/4. Mentalidade, papel do gerente de projetos e liderança/12/Gabarito - 4.12.txt","4. Mentalidade, papel do gerente de projetos e liderança/12/3.png",Sim,Sim,Sim,multiple_choice,Nenhum,Conteúdo preservado,Nenhuma,"PMP - BOOK 8/4. Mentalidade, papel do gerente de projetos e liderança/12/Gabarito - 4.12.txt",alta
area4-s12-q4,"PMP - BOOK 8/4. Mentalidade, papel do gerente de projetos e liderança/12/Gabarito - 4.12.txt","4. Mentalidade, papel do gerente de projetos e liderança/12/4.png",Sim,Sim,Sim,multiple_choice,Nenhum,Conteúdo preservado,Nenhuma,"PMP - BOOK 8/4. Mentalidade, papel do gerente de projetos e liderança/12/Gabarito - 4.12.txt",alta
area4-s12-q5,"PMP - BOOK 8/4. Mentalidade, papel do gerente de projetos e liderança/12/Gabarito - 4.12.txt","4. Mentalidade, papel do gerente de projetos e liderança/12/5.png",Sim,Sim,Sim,multiple_selection,Nenhum,Conteúdo preservado,Nenhuma,"PMP - BOOK 8/4. Mentalidade, papel do gerente de projetos e liderança/12/Gabarito - 4.12.txt",alta
area4-s12-q6,"PMP - BOOK 8/4. Mentalidade, papel do gerente de projetos e liderança/12/Gabarito - 4.12.txt","4. Mentalidade, papel do gerente de projetos e liderança/12/6.png",Sim,Sim,Sim,multiple_selection,Nenhum,Conteúdo preservado,Nenhuma,"PMP - BOOK 8/4. Mentalidade, papel do gerente de projetos e liderança/12/Gabarito - 4.12.txt",alta
area4-s12-q7,"PMP - BOOK 8/4. Mentalidade, papel do gerente de projetos e liderança/12/Gabarito - 4.12.txt","4. Mentalidade, papel do gerente de projetos e liderança/12/7.png",Sim,Sim,Sim,multiple_choice,Nenhum,Conteúdo preservado,Nenhuma,"PMP - BOOK 8/4. Mentalidade, papel do gerente de projetos e liderança/12/Gabarito - 4.12.txt",alta
area4-s12-q8,"PMP - BOOK 8/4. Mentalidade, papel do gerente de projetos e liderança/12/Gabarito - 4.12.txt","4. Mentalidade, papel do gerente de projetos e liderança/12/8.png",Sim,Sim,Sim,multiple_choice,Nenhum,Conteúdo preservado,Nenhuma,"PMP - BOOK 8/4. Mentalidade, papel do gerente de projetos e liderança/12/Gabarito - 4.12.txt",alta
area4-s12-q9,"PMP - BOOK 8/4. Mentalidade, papel do gerente de projetos e liderança/12/Gabarito - 4.12.txt","4. Mentalidade, papel do gerente de projetos e liderança/12/9.png",Sim,Sim,Sim,multiple_choice,Nenhum,Conteúdo preservado,Nenhuma,"PMP - BOOK 8/4. Mentalidade, papel do gerente de projetos e liderança/12/Gabarito - 4.12.txt",alta
area4-s13-q1,"PMP - BOOK 8/4. Mentalidade, papel do gerente de projetos e liderança/13/Gabarito - 4.13.txt","4. Mentalidade, papel do gerente de projetos e liderança/13/1.png",Sim,Sim,Sim,multiple_choice,Nenhum,Conteúdo preservado,Nenhuma,"PMP - BOOK 8/4. Mentalidade, papel do gerente de projetos e liderança/13/Gabarito - 4.13.txt",alta
area4-s13-q2,"PMP - BOOK 8/4. Mentalidade, papel do gerente de projetos e liderança/13/Gabarito - 4.13.txt","4. Mentalidade, papel do gerente de projetos e liderança/13/2.png",Sim,Sim,Sim,multiple_choice,Nenhum,Conteúdo preservado,Nenhuma,"PMP - BOOK 8/4. Mentalidade, papel do gerente de projetos e liderança/13/Gabarito - 4.13.txt",alta
area4-s13-q3,"PMP - BOOK 8/4. Mentalidade, papel do gerente de projetos e liderança/13/Gabarito - 4.13.txt","4. Mentalidade, papel do gerente de projetos e liderança/13/3.png",Sim,Sim,Sim,multiple_choice,Nenhum,Conteúdo preservado,Nenhuma,"PMP - BOOK 8/4. Mentalidade, papel do gerente de projetos e liderança/13/Gabarito - 4.13.txt",alta
area4-s13-q4,"PMP - BOOK 8/4. Mentalidade, papel do gerente de projetos e liderança/13/Gabarito - 4.13.txt","4. Mentalidade, papel do gerente de projetos e liderança/13/4.png",Sim,Sim,Sim,multiple_choice,Nenhum,Conteúdo preservado,Nenhuma,"PMP - BOOK 8/4. Mentalidade, papel do gerente de projetos e liderança/13/Gabarito - 4.13.txt",alta
area4-s13-q5,"PMP - BOOK 8/4. Mentalidade, papel do gerente de projetos e liderança/13/Gabarito - 4.13.txt","4. Mentalidade, papel do gerente de projetos e liderança/13/5.png",Sim,Sim,Sim,multiple_choice,Nenhum,Conteúdo preservado,Nenhuma,"PMP - BOOK 8/4. Mentalidade, papel do gerente de projetos e liderança/13/Gabarito - 4.13.txt",alta
area4-s13-q6,"PMP - BOOK 8/4. Mentalidade, papel do gerente de projetos e liderança/13/Gabarito - 4.13.txt","4. Mentalidade, papel do gerente de projetos e liderança/13/6.png",Sim,Sim,Sim,multiple_selection,Nenhum,Conteúdo preservado,Nenhuma,"PMP - BOOK 8/4. Mentalidade, papel do gerente de projetos e liderança/13/Gabarito - 4.13.txt",alta
area4-s13-q7,"PMP - BOOK 8/4. Mentalidade, papel do gerente de projetos e liderança/13/Gabarito - 4.13.txt","4. Mentalidade, papel do gerente de projetos e liderança/13/7.png",Sim,Sim,Sim,multiple_choice,Nenhum,Conteúdo preservado,Nenhuma,"PMP - BOOK 8/4. Mentalidade, papel do gerente de projetos e liderança/13/Gabarito - 4.13.txt",alta
area4-s13-q8,"PMP - BOOK 8/4. Mentalidade, papel do gerente de projetos e liderança/13/Gabarito - 4.13.txt","4. Mentalidade, papel do gerente de projetos e liderança/13/8.png",Sim,Sim,Sim,multiple_choice,Nenhum,Conteúdo preservado,Nenhuma,"PMP - BOOK 8/4. Mentalidade, papel do gerente de projetos e liderança/13/Gabarito - 4.13.txt",alta
area4-s14-q1,"PMP - BOOK 8/4. Mentalidade, papel do gerente de projetos e liderança/14/Gabarito - 4.14.txt","4. Mentalidade, papel do gerente de projetos e liderança/14/1.png",Sim,Sim,Sim,multiple_choice,Nenhum,Conteúdo preservado,Nenhuma,"PMP - BOOK 8/4. Mentalidade, papel do gerente de projetos e liderança/14/Gabarito - 4.14.txt",alta
area4-s14-q2,"PMP - BOOK 8/4. Mentalidade, papel do gerente de projetos e liderança/14/Gabarito - 4.14.txt","4. Mentalidade, papel do gerente de projetos e liderança/14/2.png",Sim,Sim,Sim,multiple_choice,Nenhum,Conteúdo preservado,Nenhuma,"PMP - BOOK 8/4. Mentalidade, papel do gerente de projetos e liderança/14/Gabarito - 4.14.txt",alta
area4-s14-q3,"PMP - BOOK 8/4. Mentalidade, papel do gerente de projetos e liderança/14/Gabarito - 4.14.txt","4. Mentalidade, papel do gerente de projetos e liderança/14/3.png",Sim,Sim,Sim,multiple_choice,Nenhum,Conteúdo preservado,Nenhuma,"PMP - BOOK 8/4. Mentalidade, papel do gerente de projetos e liderança/14/Gabarito - 4.14.txt",alta
area4-s14-q4,"PMP - BOOK 8/4. Mentalidade, papel do gerente de projetos e liderança/14/Gabarito - 4.14.txt","4. Mentalidade, papel do gerente de projetos e liderança/14/4.png",Sim,Sim,Sim,multiple_selection,Nenhum,Conteúdo preservado,Nenhuma,"PMP - BOOK 8/4. Mentalidade, papel do gerente de projetos e liderança/14/Gabarito - 4.14.txt",alta
area4-s14-q5,"PMP - BOOK 8/4. Mentalidade, papel do gerente de projetos e liderança/14/Gabarito - 4.14.txt","4. Mentalidade, papel do gerente de projetos e liderança/14/5.png",Sim,Sim,Sim,multiple_choice,Nenhum,Conteúdo preservado,Nenhuma,"PMP - BOOK 8/4. Mentalidade, papel do gerente de projetos e liderança/14/Gabarito - 4.14.txt",alta
area4-s14-q6,"PMP - BOOK 8/4. Mentalidade, papel do gerente de projetos e liderança/14/Gabarito - 4.14.txt","4. Mentalidade, papel do gerente de projetos e liderança/14/6.png",Sim,Sim,Sim,multiple_choice,Nenhum,Conteúdo preservado,Nenhuma,"PMP - BOOK 8/4. Mentalidade, papel do gerente de projetos e liderança/14/Gabarito - 4.14.txt",alta
area4-s14-q7,"PMP - BOOK 8/4. Mentalidade, papel do gerente de projetos e liderança/14/Gabarito - 4.14.txt","4. Mentalidade, papel do gerente de projetos e liderança/14/7.png",Sim,Sim,Sim,multiple_choice,Nenhum,Conteúdo preservado,Nenhuma,"PMP - BOOK 8/4. Mentalidade, papel do gerente de projetos e liderança/14/Gabarito - 4.14.txt",alta
area4-s14-q8,"PMP - BOOK 8/4. Mentalidade, papel do gerente de projetos e liderança/14/Gabarito - 4.14.txt","4. Mentalidade, papel do gerente de projetos e liderança/14/8.png",Sim,Sim,Sim,multiple_choice,Nenhum,Conteúdo preservado,Nenhuma,"PMP - BOOK 8/4. Mentalidade, papel do gerente de projetos e liderança/14/Gabarito - 4.14.txt",alta
area4-s15-q1,"PMP - BOOK 8/4. Mentalidade, papel do gerente de projetos e liderança/15/Gabarito - 4.15.txt","4. Mentalidade, papel do gerente de projetos e liderança/15/1.png",Sim,Sim,Sim,multiple_choice,Nenhum,Conteúdo preservado,Nenhuma,"PMP - BOOK 8/4. Mentalidade, papel do gerente de projetos e liderança/15/Gabarito - 4.15.txt",alta
area4-s15-q2,"PMP - BOOK 8/4. Mentalidade, papel do gerente de projetos e liderança/15/Gabarito - 4.15.txt","4. Mentalidade, papel do gerente de projetos e liderança/15/2.png",Sim,Sim,Sim,multiple_choice,Nenhum,Conteúdo preservado,Nenhuma,"PMP - BOOK 8/4. Mentalidade, papel do gerente de projetos e liderança/15/Gabarito - 4.15.txt",alta
area4-s15-q3,"PMP - BOOK 8/4. Mentalidade, papel do gerente de projetos e liderança/15/Gabarito - 4.15.txt","4. Mentalidade, papel do gerente de projetos e liderança/15/3.png",Sim,Sim,Sim,multiple_choice,Nenhum,Conteúdo preservado,Nenhuma,"PMP - BOOK 8/4. Mentalidade, papel do gerente de projetos e liderança/15/Gabarito - 4.15.txt",alta
area4-s15-q4,"PMP - BOOK 8/4. Mentalidade, papel do gerente de projetos e liderança/15/Gabarito - 4.15.txt","4. Mentalidade, papel do gerente de projetos e liderança/15/4.png",Sim,Sim,Sim,multiple_choice,Nenhum,Conteúdo preservado,Nenhuma,"PMP - BOOK 8/4. Mentalidade, papel do gerente de projetos e liderança/15/Gabarito - 4.15.txt",alta
area4-s15-q5,"PMP - BOOK 8/4. Mentalidade, papel do gerente de projetos e liderança/15/Gabarito - 4.15.txt","4. Mentalidade, papel do gerente de projetos e liderança/15/5.png",Sim,Sim,Sim,multiple_selection,Nenhum,Conteúdo preservado,Nenhuma,"PMP - BOOK 8/4. Mentalidade, papel do gerente de projetos e liderança/15/Gabarito - 4.15.txt",alta
area4-s15-q6,"PMP - BOOK 8/4. Mentalidade, papel do gerente de projetos e liderança/15/Gabarito - 4.15.txt","4. Mentalidade, papel do gerente de projetos e liderança/15/6.png",Sim,Sim,Sim,multiple_choice,Nenhum,Conteúdo preservado,Nenhuma,"PMP - BOOK 8/4. Mentalidade, papel do gerente de projetos e liderança/15/Gabarito - 4.15.txt",alta
area4-s15-q7,"PMP - BOOK 8/4. Mentalidade, papel do gerente de projetos e liderança/15/Gabarito - 4.15.txt","4. Mentalidade, papel do gerente de projetos e liderança/15/7.png",Sim,Sim,Sim,multiple_choice,Nenhum,Conteúdo preservado,Nenhuma,"PMP - BOOK 8/4. Mentalidade, papel do gerente de projetos e liderança/15/Gabarito - 4.15.txt",alta
area4-s15-q8,"PMP - BOOK 8/4. Mentalidade, papel do gerente de projetos e liderança/15/Gabarito - 4.15.txt","4. Mentalidade, papel do gerente de projetos e liderança/15/8.png",Sim,Sim,Sim,multiple_selection,Nenhum,Conteúdo preservado,Nenhuma,"PMP - BOOK 8/4. Mentalidade, papel do gerente de projetos e liderança/15/Gabarito - 4.15.txt",alta
area4-s16-q1,"PMP - BOOK 8/4. Mentalidade, papel do gerente de projetos e liderança/16/Gabarito - 4.16.txt","4. Mentalidade, papel do gerente de projetos e liderança/16/1.png",Sim,Sim,Sim,multiple_choice,Nenhum,Conteúdo preservado,Nenhuma,"PMP - BOOK 8/4. Mentalidade, papel do gerente de projetos e liderança/16/Gabarito - 4.16.txt",alta
area4-s16-q2,"PMP - BOOK 8/4. Mentalidade, papel do gerente de projetos e liderança/16/Gabarito - 4.16.txt","4. Mentalidade, papel do gerente de projetos e liderança/16/2.png",Sim,Sim,Sim,multiple_choice,Nenhum,Conteúdo preservado,Nenhuma,"PMP - BOOK 8/4. Mentalidade, papel do gerente de projetos e liderança/16/Gabarito - 4.16.txt",alta
area4-s16-q3,"PMP - BOOK 8/4. Mentalidade, papel do gerente de projetos e liderança/16/Gabarito - 4.16.txt","4. Mentalidade, papel do gerente de projetos e liderança/16/3.png",Sim,Sim,Sim,multiple_choice,Nenhum,Conteúdo preservado,Nenhuma,"PMP - BOOK 8/4. Mentalidade, papel do gerente de projetos e liderança/16/Gabarito - 4.16.txt",alta
area4-s16-q4,"PMP - BOOK 8/4. Mentalidade, papel do gerente de projetos e liderança/16/Gabarito - 4.16.txt","4. Mentalidade, papel do gerente de projetos e liderança/16/4.png",Sim,Sim,Sim,multiple_choice,Nenhum,Conteúdo preservado,Nenhuma,"PMP - BOOK 8/4. Mentalidade, papel do gerente de projetos e liderança/16/Gabarito - 4.16.txt",alta
area4-s16-q5,"PMP - BOOK 8/4. Mentalidade, papel do gerente de projetos e liderança/16/Gabarito - 4.16.txt","4. Mentalidade, papel do gerente de projetos e liderança/16/5.png",Sim,Sim,Sim,multiple_choice,Nenhum,Conteúdo preservado,Nenhuma,"PMP - BOOK 8/4. Mentalidade, papel do gerente de projetos e liderança/16/Gabarito - 4.16.txt",alta
area4-s16-q6,"PMP - BOOK 8/4. Mentalidade, papel do gerente de projetos e liderança/16/Gabarito - 4.16.txt","4. Mentalidade, papel do gerente de projetos e liderança/16/6.png",Sim,Sim,Sim,multiple_choice,Nenhum,Conteúdo preservado,Nenhuma,"PMP - BOOK 8/4. Mentalidade, papel do gerente de projetos e liderança/16/Gabarito - 4.16.txt",alta
area4-s16-q7,"PMP - BOOK 8/4. Mentalidade, papel do gerente de projetos e liderança/16/Gabarito - 4.16.txt","4. Mentalidade, papel do gerente de projetos e liderança/16/7.png",Sim,Sim,Sim,multiple_choice,Nenhum,Conteúdo preservado,Nenhuma,"PMP - BOOK 8/4. Mentalidade, papel do gerente de projetos e liderança/16/Gabarito - 4.16.txt",alta
area5-s1-q1,"PMP - BOOK 8/5. Visão comum, liderança da equipe e conflitos/1/Gabarito - 5.1.txt","5. Visão comum, liderança da equipe e conflitos/1/1.png",Sim,Sim,Sim,multiple_choice,Nenhum,Conteúdo preservado,Nenhuma,"PMP - BOOK 8/5. Visão comum, liderança da equipe e conflitos/1/Gabarito - 5.1.txt",alta
area5-s1-q2,"PMP - BOOK 8/5. Visão comum, liderança da equipe e conflitos/1/Gabarito - 5.1.txt","5. Visão comum, liderança da equipe e conflitos/1/2.png",Sim,Sim,Sim,multiple_selection,Nenhum,Conteúdo preservado,Nenhuma,"PMP - BOOK 8/5. Visão comum, liderança da equipe e conflitos/1/Gabarito - 5.1.txt",alta
area5-s1-q3,"PMP - BOOK 8/5. Visão comum, liderança da equipe e conflitos/1/Gabarito - 5.1.txt","5. Visão comum, liderança da equipe e conflitos/1/3.png",Sim,Sim,Sim,multiple_choice,Nenhum,Conteúdo preservado,Nenhuma,"PMP - BOOK 8/5. Visão comum, liderança da equipe e conflitos/1/Gabarito - 5.1.txt",alta
area5-s1-q4,"PMP - BOOK 8/5. Visão comum, liderança da equipe e conflitos/1/Gabarito - 5.1.txt","5. Visão comum, liderança da equipe e conflitos/1/4.png",Sim,Sim,Sim,multiple_choice,Nenhum,Conteúdo preservado,Nenhuma,"PMP - BOOK 8/5. Visão comum, liderança da equipe e conflitos/1/Gabarito - 5.1.txt",alta
area5-s1-q5,"PMP - BOOK 8/5. Visão comum, liderança da equipe e conflitos/1/Gabarito - 5.1.txt","5. Visão comum, liderança da equipe e conflitos/1/5.png",Sim,Sim,Sim,multiple_choice,Nenhum,Conteúdo preservado,Nenhuma,"PMP - BOOK 8/5. Visão comum, liderança da equipe e conflitos/1/Gabarito - 5.1.txt",alta
area5-s1-q6,"PMP - BOOK 8/5. Visão comum, liderança da equipe e conflitos/1/Gabarito - 5.1.txt","5. Visão comum, liderança da equipe e conflitos/1/6.png",Sim,Sim,Sim,multiple_choice,Nenhum,Conteúdo preservado,Nenhuma,"PMP - BOOK 8/5. Visão comum, liderança da equipe e conflitos/1/Gabarito - 5.1.txt",alta
area5-s1-q7,"PMP - BOOK 8/5. Visão comum, liderança da equipe e conflitos/1/Gabarito - 5.1.txt","5. Visão comum, liderança da equipe e conflitos/1/7.png",Sim,Sim,Sim,multiple_choice,Nenhum,Conteúdo preservado,Nenhuma,"PMP - BOOK 8/5. Visão comum, liderança da equipe e conflitos/1/Gabarito - 5.1.txt",alta
area5-s1-q8,"PMP - BOOK 8/5. Visão comum, liderança da equipe e conflitos/1/Gabarito - 5.1.txt","5. Visão comum, liderança da equipe e conflitos/1/8.png",Sim,Sim,Sim,multiple_choice,Nenhum,Conteúdo preservado,Nenhuma,"PMP - BOOK 8/5. Visão comum, liderança da equipe e conflitos/1/Gabarito - 5.1.txt",alta
area5-s1-q9,"PMP - BOOK 8/5. Visão comum, liderança da equipe e conflitos/1/Gabarito - 5.1.txt","5. Visão comum, liderança da equipe e conflitos/1/9.png",Sim,Sim,Sim,multiple_choice,Nenhum,Conteúdo preservado,Nenhuma,"PMP - BOOK 8/5. Visão comum, liderança da equipe e conflitos/1/Gabarito - 5.1.txt",alta
area5-s2-q1,"PMP - BOOK 8/5. Visão comum, liderança da equipe e conflitos/2/Gabarito - 5.2.txt","5. Visão comum, liderança da equipe e conflitos/2/1.png",Sim,Sim,Sim,multiple_choice,Nenhum,Conteúdo preservado,Nenhuma,"PMP - BOOK 8/5. Visão comum, liderança da equipe e conflitos/2/Gabarito - 5.2.txt",alta
area5-s2-q2,"PMP - BOOK 8/5. Visão comum, liderança da equipe e conflitos/2/Gabarito - 5.2.txt","5. Visão comum, liderança da equipe e conflitos/2/2.png",Sim,Sim,Sim,multiple_choice,Nenhum,Conteúdo preservado,Nenhuma,"PMP - BOOK 8/5. Visão comum, liderança da equipe e conflitos/2/Gabarito - 5.2.txt",alta
area5-s2-q3,"PMP - BOOK 8/5. Visão comum, liderança da equipe e conflitos/2/Gabarito - 5.2.txt","5. Visão comum, liderança da equipe e conflitos/2/3.png",Sim,Sim,Sim,multiple_choice,Nenhum,Conteúdo preservado,Nenhuma,"PMP - BOOK 8/5. Visão comum, liderança da equipe e conflitos/2/Gabarito - 5.2.txt",alta
area5-s2-q4,"PMP - BOOK 8/5. Visão comum, liderança da equipe e conflitos/2/Gabarito - 5.2.txt","5. Visão comum, liderança da equipe e conflitos/2/4.png",Sim,Sim,Sim,matching,Nenhum,Associação estruturada a partir dos pares da fonte,Nenhuma,"PMP - BOOK 8/5. Visão comum, liderança da equipe e conflitos/2/Gabarito - 5.2.txt",alta
area5-s2-q5,"PMP - BOOK 8/5. Visão comum, liderança da equipe e conflitos/2/Gabarito - 5.2.txt","5. Visão comum, liderança da equipe e conflitos/2/5.png",Sim,Sim,Sim,multiple_choice,Nenhum,Conteúdo preservado,Nenhuma,"PMP - BOOK 8/5. Visão comum, liderança da equipe e conflitos/2/Gabarito - 5.2.txt",alta
area5-s2-q6,"PMP - BOOK 8/5. Visão comum, liderança da equipe e conflitos/2/Gabarito - 5.2.txt","5. Visão comum, liderança da equipe e conflitos/2/6.png",Sim,Sim,Sim,multiple_choice,Nenhum,Conteúdo preservado,Nenhuma,"PMP - BOOK 8/5. Visão comum, liderança da equipe e conflitos/2/Gabarito - 5.2.txt",alta
area5-s2-q7,"PMP - BOOK 8/5. Visão comum, liderança da equipe e conflitos/2/Gabarito - 5.2.txt","5. Visão comum, liderança da equipe e conflitos/2/7.png",Sim,Sim,Sim,multiple_choice,Nenhum,Conteúdo preservado,Nenhuma,"PMP - BOOK 8/5. Visão comum, liderança da equipe e conflitos/2/Gabarito - 5.2.txt",alta
area5-s2-q8,"PMP - BOOK 8/5. Visão comum, liderança da equipe e conflitos/2/Gabarito - 5.2.txt","5. Visão comum, liderança da equipe e conflitos/2/8.png",Sim,Sim,Sim,multiple_choice,Nenhum,Conteúdo preservado,Nenhuma,"PMP - BOOK 8/5. Visão comum, liderança da equipe e conflitos/2/Gabarito - 5.2.txt",alta
area5-s2-q9,"PMP - BOOK 8/5. Visão comum, liderança da equipe e conflitos/2/Gabarito - 5.2.txt","5. Visão comum, liderança da equipe e conflitos/2/9.png",Sim,Sim,Sim,multiple_choice,Nenhum,Conteúdo preservado,Nenhuma,"PMP - BOOK 8/5. Visão comum, liderança da equipe e conflitos/2/Gabarito - 5.2.txt",alta
area5-s3-q1,"PMP - BOOK 8/5. Visão comum, liderança da equipe e conflitos/3/Gabarito - 5.3.txt","5. Visão comum, liderança da equipe e conflitos/3/1.png",Sim,Sim,Sim,multiple_choice,Nenhum,Conteúdo preservado,Nenhuma,"PMP - BOOK 8/5. Visão comum, liderança da equipe e conflitos/3/Gabarito - 5.3.txt",alta
area5-s3-q2,"PMP - BOOK 8/5. Visão comum, liderança da equipe e conflitos/3/Gabarito - 5.3.txt","5. Visão comum, liderança da equipe e conflitos/3/2.png",Sim,Sim,Sim,multiple_choice,Nenhum,Conteúdo preservado,Nenhuma,"PMP - BOOK 8/5. Visão comum, liderança da equipe e conflitos/3/Gabarito - 5.3.txt",alta
area5-s3-q3,"PMP - BOOK 8/5. Visão comum, liderança da equipe e conflitos/3/Gabarito - 5.3.txt","5. Visão comum, liderança da equipe e conflitos/3/3.png",Sim,Sim,Sim,multiple_choice,Nenhum,Conteúdo preservado,Nenhuma,"PMP - BOOK 8/5. Visão comum, liderança da equipe e conflitos/3/Gabarito - 5.3.txt",alta
area5-s3-q4,"PMP - BOOK 8/5. Visão comum, liderança da equipe e conflitos/3/Gabarito - 5.3.txt","5. Visão comum, liderança da equipe e conflitos/3/4.png",Sim,Sim,Sim,multiple_choice,Nenhum,Conteúdo preservado,Nenhuma,"PMP - BOOK 8/5. Visão comum, liderança da equipe e conflitos/3/Gabarito - 5.3.txt",alta
area5-s3-q5,"PMP - BOOK 8/5. Visão comum, liderança da equipe e conflitos/3/Gabarito - 5.3.txt","5. Visão comum, liderança da equipe e conflitos/3/5.png",Sim,Sim,Sim,multiple_choice,Nenhum,Conteúdo preservado,Nenhuma,"PMP - BOOK 8/5. Visão comum, liderança da equipe e conflitos/3/Gabarito - 5.3.txt",alta
area5-s3-q6,"PMP - BOOK 8/5. Visão comum, liderança da equipe e conflitos/3/Gabarito - 5.3.txt","5. Visão comum, liderança da equipe e conflitos/3/6.png",Sim,Sim,Sim,multiple_choice,Nenhum,Conteúdo preservado,Nenhuma,"PMP - BOOK 8/5. Visão comum, liderança da equipe e conflitos/3/Gabarito - 5.3.txt",alta
area5-s3-q7,"PMP - BOOK 8/5. Visão comum, liderança da equipe e conflitos/3/Gabarito - 5.3.txt","5. Visão comum, liderança da equipe e conflitos/3/7.png",Sim,Sim,Sim,multiple_choice,Nenhum,Conteúdo preservado,Nenhuma,"PMP - BOOK 8/5. Visão comum, liderança da equipe e conflitos/3/Gabarito - 5.3.txt",alta
area5-s3-q8,"PMP - BOOK 8/5. Visão comum, liderança da equipe e conflitos/3/Gabarito - 5.3.txt","5. Visão comum, liderança da equipe e conflitos/3/8.png",Sim,Sim,Sim,multiple_choice,Nenhum,Conteúdo preservado,Nenhuma,"PMP - BOOK 8/5. Visão comum, liderança da equipe e conflitos/3/Gabarito - 5.3.txt",alta
area5-s3-q9,"PMP - BOOK 8/5. Visão comum, liderança da equipe e conflitos/3/Gabarito - 5.3.txt","5. Visão comum, liderança da equipe e conflitos/3/9.png",Sim,Sim,Sim,multiple_choice,Nenhum,Conteúdo preservado,Nenhuma,"PMP - BOOK 8/5. Visão comum, liderança da equipe e conflitos/3/Gabarito - 5.3.txt",alta
area5-s4-q1,"PMP - BOOK 8/5. Visão comum, liderança da equipe e conflitos/4/Gabarito - 5.4.txt","5. Visão comum, liderança da equipe e conflitos/4/1.png",Sim,Sim,Sim,multiple_choice,Nenhum,Conteúdo preservado,Nenhuma,"PMP - BOOK 8/5. Visão comum, liderança da equipe e conflitos/4/Gabarito - 5.4.txt",alta
area5-s4-q2,"PMP - BOOK 8/5. Visão comum, liderança da equipe e conflitos/4/Gabarito - 5.4.txt","5. Visão comum, liderança da equipe e conflitos/4/2.png",Sim,Sim,Sim,multiple_choice,Nenhum,Conteúdo preservado,Nenhuma,"PMP - BOOK 8/5. Visão comum, liderança da equipe e conflitos/4/Gabarito - 5.4.txt",alta
area5-s4-q3,"PMP - BOOK 8/5. Visão comum, liderança da equipe e conflitos/4/Gabarito - 5.4.txt","5. Visão comum, liderança da equipe e conflitos/4/3.png",Sim,Sim,Sim,multiple_choice,Nenhum,Conteúdo preservado,Nenhuma,"PMP - BOOK 8/5. Visão comum, liderança da equipe e conflitos/4/Gabarito - 5.4.txt",alta
area5-s4-q4,"PMP - BOOK 8/5. Visão comum, liderança da equipe e conflitos/4/Gabarito - 5.4.txt","5. Visão comum, liderança da equipe e conflitos/4/4.png",Sim,Sim,Sim,multiple_choice,Nenhum,Conteúdo preservado,Nenhuma,"PMP - BOOK 8/5. Visão comum, liderança da equipe e conflitos/4/Gabarito - 5.4.txt",alta
area5-s4-q5,"PMP - BOOK 8/5. Visão comum, liderança da equipe e conflitos/4/Gabarito - 5.4.txt","5. Visão comum, liderança da equipe e conflitos/4/5.png",Sim,Sim,Sim,multiple_choice,Nenhum,Conteúdo preservado,Nenhuma,"PMP - BOOK 8/5. Visão comum, liderança da equipe e conflitos/4/Gabarito - 5.4.txt",alta
area5-s4-q6,"PMP - BOOK 8/5. Visão comum, liderança da equipe e conflitos/4/Gabarito - 5.4.txt","5. Visão comum, liderança da equipe e conflitos/4/6.png",Sim,Sim,Sim,multiple_choice,Nenhum,Conteúdo preservado,Nenhuma,"PMP - BOOK 8/5. Visão comum, liderança da equipe e conflitos/4/Gabarito - 5.4.txt",alta
area5-s4-q7,"PMP - BOOK 8/5. Visão comum, liderança da equipe e conflitos/4/Gabarito - 5.4.txt","5. Visão comum, liderança da equipe e conflitos/4/7.png",Sim,Sim,Sim,matching,Nenhum,Associação estruturada a partir dos pares da fonte,Nenhuma,"PMP - BOOK 8/5. Visão comum, liderança da equipe e conflitos/4/Gabarito - 5.4.txt",alta
area5-s4-q8,"PMP - BOOK 8/5. Visão comum, liderança da equipe e conflitos/4/Gabarito - 5.4.txt","5. Visão comum, liderança da equipe e conflitos/4/8.png",Sim,Sim,Sim,multiple_choice,Nenhum,Conteúdo preservado,Nenhuma,"PMP - BOOK 8/5. Visão comum, liderança da equipe e conflitos/4/Gabarito - 5.4.txt",alta
area5-s4-q9,"PMP - BOOK 8/5. Visão comum, liderança da equipe e conflitos/4/Gabarito - 5.4.txt","5. Visão comum, liderança da equipe e conflitos/4/9.png",Sim,Sim,Sim,multiple_choice,Nenhum,Conteúdo preservado,Nenhuma,"PMP - BOOK 8/5. Visão comum, liderança da equipe e conflitos/4/Gabarito - 5.4.txt",alta
area5-s5-q1,"PMP - BOOK 8/5. Visão comum, liderança da equipe e conflitos/5/Gabarito - 5.5.txt","5. Visão comum, liderança da equipe e conflitos/5/1.png",Sim,Sim,Sim,multiple_choice,Nenhum,Conteúdo preservado,Nenhuma,"PMP - BOOK 8/5. Visão comum, liderança da equipe e conflitos/5/Gabarito - 5.5.txt",alta
area5-s5-q2,"PMP - BOOK 8/5. Visão comum, liderança da equipe e conflitos/5/Gabarito - 5.5.txt","5. Visão comum, liderança da equipe e conflitos/5/2.png",Sim,Sim,Sim,multiple_choice,Nenhum,Conteúdo preservado,Nenhuma,"PMP - BOOK 8/5. Visão comum, liderança da equipe e conflitos/5/Gabarito - 5.5.txt",alta
area5-s5-q3,"PMP - BOOK 8/5. Visão comum, liderança da equipe e conflitos/5/Gabarito - 5.5.txt","5. Visão comum, liderança da equipe e conflitos/5/3.png",Sim,Sim,Sim,multiple_choice,Nenhum,Conteúdo preservado,Nenhuma,"PMP - BOOK 8/5. Visão comum, liderança da equipe e conflitos/5/Gabarito - 5.5.txt",alta
area5-s5-q4,"PMP - BOOK 8/5. Visão comum, liderança da equipe e conflitos/5/Gabarito - 5.5.txt","5. Visão comum, liderança da equipe e conflitos/5/4.png",Sim,Sim,Sim,multiple_choice,Nenhum,Conteúdo preservado,Nenhuma,"PMP - BOOK 8/5. Visão comum, liderança da equipe e conflitos/5/Gabarito - 5.5.txt",alta
area5-s5-q5,"PMP - BOOK 8/5. Visão comum, liderança da equipe e conflitos/5/Gabarito - 5.5.txt","5. Visão comum, liderança da equipe e conflitos/5/5.png",Sim,Sim,Sim,multiple_choice,Nenhum,Conteúdo preservado,Nenhuma,"PMP - BOOK 8/5. Visão comum, liderança da equipe e conflitos/5/Gabarito - 5.5.txt",alta
area5-s5-q6,"PMP - BOOK 8/5. Visão comum, liderança da equipe e conflitos/5/Gabarito - 5.5.txt","5. Visão comum, liderança da equipe e conflitos/5/6.png",Sim,Sim,Sim,multiple_choice,Nenhum,Conteúdo preservado,Nenhuma,"PMP - BOOK 8/5. Visão comum, liderança da equipe e conflitos/5/Gabarito - 5.5.txt",alta
area5-s5-q7,"PMP - BOOK 8/5. Visão comum, liderança da equipe e conflitos/5/Gabarito - 5.5.txt","5. Visão comum, liderança da equipe e conflitos/5/7.png",Sim,Sim,Sim,multiple_choice,Nenhum,Conteúdo preservado,Nenhuma,"PMP - BOOK 8/5. Visão comum, liderança da equipe e conflitos/5/Gabarito - 5.5.txt",alta
area5-s5-q8,"PMP - BOOK 8/5. Visão comum, liderança da equipe e conflitos/5/Gabarito - 5.5.txt","5. Visão comum, liderança da equipe e conflitos/5/8.png",Sim,Sim,Sim,multiple_choice,Nenhum,Conteúdo preservado,Nenhuma,"PMP - BOOK 8/5. Visão comum, liderança da equipe e conflitos/5/Gabarito - 5.5.txt",alta
area5-s6-q1,"PMP - BOOK 8/5. Visão comum, liderança da equipe e conflitos/6/Gabarito - 5.6.txt","5. Visão comum, liderança da equipe e conflitos/6/1.png",Sim,Sim,Sim,multiple_choice,Nenhum,Conteúdo preservado,Nenhuma,"PMP - BOOK 8/5. Visão comum, liderança da equipe e conflitos/6/Gabarito - 5.6.txt",alta
area5-s6-q2,"PMP - BOOK 8/5. Visão comum, liderança da equipe e conflitos/6/Gabarito - 5.6.txt","5. Visão comum, liderança da equipe e conflitos/6/2.png",Sim,Sim,Sim,multiple_choice,Nenhum,Conteúdo preservado,Nenhuma,"PMP - BOOK 8/5. Visão comum, liderança da equipe e conflitos/6/Gabarito - 5.6.txt",alta
area5-s6-q3,"PMP - BOOK 8/5. Visão comum, liderança da equipe e conflitos/6/Gabarito - 5.6.txt","5. Visão comum, liderança da equipe e conflitos/6/3.png",Sim,Sim,Sim,multiple_choice,Nenhum,Conteúdo preservado,Nenhuma,"PMP - BOOK 8/5. Visão comum, liderança da equipe e conflitos/6/Gabarito - 5.6.txt",alta
area5-s6-q4,"PMP - BOOK 8/5. Visão comum, liderança da equipe e conflitos/6/Gabarito - 5.6.txt","5. Visão comum, liderança da equipe e conflitos/6/4.png",Sim,Sim,Sim,multiple_choice,Nenhum,Conteúdo preservado,Nenhuma,"PMP - BOOK 8/5. Visão comum, liderança da equipe e conflitos/6/Gabarito - 5.6.txt",alta
area5-s6-q5,"PMP - BOOK 8/5. Visão comum, liderança da equipe e conflitos/6/Gabarito - 5.6.txt","5. Visão comum, liderança da equipe e conflitos/6/5.png",Sim,Sim,Sim,matching,Nenhum,Associação estruturada a partir dos pares da fonte,Nenhuma,"PMP - BOOK 8/5. Visão comum, liderança da equipe e conflitos/6/Gabarito - 5.6.txt",alta
area5-s6-q6,"PMP - BOOK 8/5. Visão comum, liderança da equipe e conflitos/6/Gabarito - 5.6.txt","5. Visão comum, liderança da equipe e conflitos/6/6.png",Sim,Sim,Sim,multiple_choice,Nenhum,Conteúdo preservado,Nenhuma,"PMP - BOOK 8/5. Visão comum, liderança da equipe e conflitos/6/Gabarito - 5.6.txt",alta
area5-s6-q7,"PMP - BOOK 8/5. Visão comum, liderança da equipe e conflitos/6/Gabarito - 5.6.txt","5. Visão comum, liderança da equipe e conflitos/6/7.png",Sim,Sim,Sim,multiple_choice,Nenhum,Conteúdo preservado,Nenhuma,"PMP - BOOK 8/5. Visão comum, liderança da equipe e conflitos/6/Gabarito - 5.6.txt",alta
area5-s6-q8,"PMP - BOOK 8/5. Visão comum, liderança da equipe e conflitos/6/Gabarito - 5.6.txt","5. Visão comum, liderança da equipe e conflitos/6/8.png",Sim,Sim,Sim,multiple_choice,Nenhum,Conteúdo preservado,Nenhuma,"PMP - BOOK 8/5. Visão comum, liderança da equipe e conflitos/6/Gabarito - 5.6.txt",alta
area5-s7-q1,"PMP - BOOK 8/5. Visão comum, liderança da equipe e conflitos/7/Gabarito - 5.7.txt","5. Visão comum, liderança da equipe e conflitos/7/1.png",Sim,Sim,Sim,multiple_choice,Nenhum,Conteúdo preservado,Nenhuma,"PMP - BOOK 8/5. Visão comum, liderança da equipe e conflitos/7/Gabarito - 5.7.txt",alta
area5-s7-q2,"PMP - BOOK 8/5. Visão comum, liderança da equipe e conflitos/7/Gabarito - 5.7.txt","5. Visão comum, liderança da equipe e conflitos/7/2.png",Sim,Sim,Sim,multiple_choice,Nenhum,Conteúdo preservado,Nenhuma,"PMP - BOOK 8/5. Visão comum, liderança da equipe e conflitos/7/Gabarito - 5.7.txt",alta
area5-s7-q3,"PMP - BOOK 8/5. Visão comum, liderança da equipe e conflitos/7/Gabarito - 5.7.txt","5. Visão comum, liderança da equipe e conflitos/7/3.png",Sim,Sim,Sim,multiple_choice,Nenhum,Conteúdo preservado,Nenhuma,"PMP - BOOK 8/5. Visão comum, liderança da equipe e conflitos/7/Gabarito - 5.7.txt",alta
area5-s7-q4,"PMP - BOOK 8/5. Visão comum, liderança da equipe e conflitos/7/Gabarito - 5.7.txt","5. Visão comum, liderança da equipe e conflitos/7/4.png",Sim,Sim,Sim,multiple_choice,Nenhum,Conteúdo preservado,Nenhuma,"PMP - BOOK 8/5. Visão comum, liderança da equipe e conflitos/7/Gabarito - 5.7.txt",alta
area5-s7-q5,"PMP - BOOK 8/5. Visão comum, liderança da equipe e conflitos/7/Gabarito - 5.7.txt","5. Visão comum, liderança da equipe e conflitos/7/5.png",Sim,Sim,Sim,multiple_choice,Nenhum,Conteúdo preservado,Nenhuma,"PMP - BOOK 8/5. Visão comum, liderança da equipe e conflitos/7/Gabarito - 5.7.txt",alta
area5-s7-q6,"PMP - BOOK 8/5. Visão comum, liderança da equipe e conflitos/7/Gabarito - 5.7.txt","5. Visão comum, liderança da equipe e conflitos/7/6.png",Sim,Sim,Sim,multiple_choice,Nenhum,Conteúdo preservado,Nenhuma,"PMP - BOOK 8/5. Visão comum, liderança da equipe e conflitos/7/Gabarito - 5.7.txt",alta
area5-s7-q7,"PMP - BOOK 8/5. Visão comum, liderança da equipe e conflitos/7/Gabarito - 5.7.txt","5. Visão comum, liderança da equipe e conflitos/7/7.png",Sim,Sim,Sim,multiple_choice,Nenhum,Conteúdo preservado,Nenhuma,"PMP - BOOK 8/5. Visão comum, liderança da equipe e conflitos/7/Gabarito - 5.7.txt",alta
area5-s7-q8,"PMP - BOOK 8/5. Visão comum, liderança da equipe e conflitos/7/Gabarito - 5.7.txt","5. Visão comum, liderança da equipe e conflitos/7/8.png",Sim,Sim,Sim,multiple_choice,Nenhum,Conteúdo preservado,Nenhuma,"PMP - BOOK 8/5. Visão comum, liderança da equipe e conflitos/7/Gabarito - 5.7.txt",alta
area5-s7-q9,"PMP - BOOK 8/5. Visão comum, liderança da equipe e conflitos/7/Gabarito - 5.7.txt","5. Visão comum, liderança da equipe e conflitos/7/9.png",Sim,Sim,Sim,multiple_selection,Nenhum,Conteúdo preservado,Nenhuma,"PMP - BOOK 8/5. Visão comum, liderança da equipe e conflitos/7/Gabarito - 5.7.txt",alta
area5-s8-q1,"PMP - BOOK 8/5. Visão comum, liderança da equipe e conflitos/8/Gabarito - 5.8.txt","5. Visão comum, liderança da equipe e conflitos/8/1.png",Sim,Sim,Sim,multiple_choice,Nenhum,Conteúdo preservado,Nenhuma,"PMP - BOOK 8/5. Visão comum, liderança da equipe e conflitos/8/Gabarito - 5.8.txt",alta
area5-s8-q2,"PMP - BOOK 8/5. Visão comum, liderança da equipe e conflitos/8/Gabarito - 5.8.txt","5. Visão comum, liderança da equipe e conflitos/8/2.png",Sim,Sim,Sim,multiple_choice,Nenhum,Conteúdo preservado,Nenhuma,"PMP - BOOK 8/5. Visão comum, liderança da equipe e conflitos/8/Gabarito - 5.8.txt",alta
area5-s8-q3,"PMP - BOOK 8/5. Visão comum, liderança da equipe e conflitos/8/Gabarito - 5.8.txt","5. Visão comum, liderança da equipe e conflitos/8/3.png",Sim,Sim,Sim,multiple_choice,Nenhum,Conteúdo preservado,Nenhuma,"PMP - BOOK 8/5. Visão comum, liderança da equipe e conflitos/8/Gabarito - 5.8.txt",alta
area5-s8-q4,"PMP - BOOK 8/5. Visão comum, liderança da equipe e conflitos/8/Gabarito - 5.8.txt","5. Visão comum, liderança da equipe e conflitos/8/4.png",Sim,Sim,Sim,multiple_choice,Nenhum,Conteúdo preservado,Nenhuma,"PMP - BOOK 8/5. Visão comum, liderança da equipe e conflitos/8/Gabarito - 5.8.txt",alta
area5-s8-q5,"PMP - BOOK 8/5. Visão comum, liderança da equipe e conflitos/8/Gabarito - 5.8.txt","5. Visão comum, liderança da equipe e conflitos/8/5.png",Sim,Sim,Sim,multiple_choice,Nenhum,Conteúdo preservado,Nenhuma,"PMP - BOOK 8/5. Visão comum, liderança da equipe e conflitos/8/Gabarito - 5.8.txt",alta
area5-s8-q6,"PMP - BOOK 8/5. Visão comum, liderança da equipe e conflitos/8/Gabarito - 5.8.txt","5. Visão comum, liderança da equipe e conflitos/8/6.png",Sim,Sim,Sim,multiple_choice,Nenhum,Conteúdo preservado,Nenhuma,"PMP - BOOK 8/5. Visão comum, liderança da equipe e conflitos/8/Gabarito - 5.8.txt",alta
area5-s8-q7,"PMP - BOOK 8/5. Visão comum, liderança da equipe e conflitos/8/Gabarito - 5.8.txt","5. Visão comum, liderança da equipe e conflitos/8/7.png",Sim,Sim,Sim,multiple_choice,Nenhum,Conteúdo preservado,Nenhuma,"PMP - BOOK 8/5. Visão comum, liderança da equipe e conflitos/8/Gabarito - 5.8.txt",alta
area5-s8-q8,"PMP - BOOK 8/5. Visão comum, liderança da equipe e conflitos/8/Gabarito - 5.8.txt","5. Visão comum, liderança da equipe e conflitos/8/8.png",Sim,Sim,Sim,multiple_choice,Nenhum,Conteúdo preservado,Nenhuma,"PMP - BOOK 8/5. Visão comum, liderança da equipe e conflitos/8/Gabarito - 5.8.txt",alta
area5-s9-q1,"PMP - BOOK 8/5. Visão comum, liderança da equipe e conflitos/9/Gabarito - 5.9.txt","5. Visão comum, liderança da equipe e conflitos/9/1.png",Sim,Sim,Sim,multiple_choice,Nenhum,Conteúdo preservado,Nenhuma,"PMP - BOOK 8/5. Visão comum, liderança da equipe e conflitos/9/Gabarito - 5.9.txt",alta
area5-s9-q2,"PMP - BOOK 8/5. Visão comum, liderança da equipe e conflitos/9/Gabarito - 5.9.txt","5. Visão comum, liderança da equipe e conflitos/9/2.png",Sim,Sim,Sim,multiple_choice,Nenhum,Conteúdo preservado,Nenhuma,"PMP - BOOK 8/5. Visão comum, liderança da equipe e conflitos/9/Gabarito - 5.9.txt",alta
area5-s9-q3,"PMP - BOOK 8/5. Visão comum, liderança da equipe e conflitos/9/Gabarito - 5.9.txt","5. Visão comum, liderança da equipe e conflitos/9/3.png",Sim,Sim,Sim,matching,Nenhum,Associação estruturada a partir dos pares da fonte,Nenhuma,"PMP - BOOK 8/5. Visão comum, liderança da equipe e conflitos/9/Gabarito - 5.9.txt",alta
area5-s9-q4,"PMP - BOOK 8/5. Visão comum, liderança da equipe e conflitos/9/Gabarito - 5.9.txt","5. Visão comum, liderança da equipe e conflitos/9/4.png",Sim,Sim,Sim,multiple_choice,Nenhum,Conteúdo preservado,Nenhuma,"PMP - BOOK 8/5. Visão comum, liderança da equipe e conflitos/9/Gabarito - 5.9.txt",alta
area5-s9-q5,"PMP - BOOK 8/5. Visão comum, liderança da equipe e conflitos/9/Gabarito - 5.9.txt","5. Visão comum, liderança da equipe e conflitos/9/5.png",Sim,Sim,Sim,multiple_choice,Nenhum,Conteúdo preservado,Nenhuma,"PMP - BOOK 8/5. Visão comum, liderança da equipe e conflitos/9/Gabarito - 5.9.txt",alta
area5-s9-q6,"PMP - BOOK 8/5. Visão comum, liderança da equipe e conflitos/9/Gabarito - 5.9.txt","5. Visão comum, liderança da equipe e conflitos/9/6.png",Sim,Sim,Sim,multiple_selection,Nenhum,Conteúdo preservado,Nenhuma,"PMP - BOOK 8/5. Visão comum, liderança da equipe e conflitos/9/Gabarito - 5.9.txt",alta
area5-s9-q7,"PMP - BOOK 8/5. Visão comum, liderança da equipe e conflitos/9/Gabarito - 5.9.txt","5. Visão comum, liderança da equipe e conflitos/9/7.png",Sim,Sim,Sim,multiple_choice,Nenhum,Conteúdo preservado,Nenhuma,"PMP - BOOK 8/5. Visão comum, liderança da equipe e conflitos/9/Gabarito - 5.9.txt",alta
area5-s9-q8,"PMP - BOOK 8/5. Visão comum, liderança da equipe e conflitos/9/Gabarito - 5.9.txt","5. Visão comum, liderança da equipe e conflitos/9/8.png",Sim,Sim,Sim,multiple_choice,Nenhum,Conteúdo preservado,Nenhuma,"PMP - BOOK 8/5. Visão comum, liderança da equipe e conflitos/9/Gabarito - 5.9.txt",alta
area5-s9-q9,"PMP - BOOK 8/5. Visão comum, liderança da equipe e conflitos/9/Gabarito - 5.9.txt","5. Visão comum, liderança da equipe e conflitos/9/9.png",Sim,Sim,Sim,multiple_choice,Nenhum,Conteúdo preservado,Nenhuma,"PMP - BOOK 8/5. Visão comum, liderança da equipe e conflitos/9/Gabarito - 5.9.txt",alta
area5-s10-q1,"PMP - BOOK 8/5. Visão comum, liderança da equipe e conflitos/10/Gabarito - 5.10.txt","5. Visão comum, liderança da equipe e conflitos/10/1.png",Sim,Sim,Sim,multiple_choice,Nenhum,Conteúdo preservado,Nenhuma,"PMP - BOOK 8/5. Visão comum, liderança da equipe e conflitos/10/Gabarito - 5.10.txt",alta
area5-s10-q2,"PMP - BOOK 8/5. Visão comum, liderança da equipe e conflitos/10/Gabarito - 5.10.txt","5. Visão comum, liderança da equipe e conflitos/10/2.png",Sim,Sim,Sim,multiple_choice,Nenhum,Conteúdo preservado,Nenhuma,"PMP - BOOK 8/5. Visão comum, liderança da equipe e conflitos/10/Gabarito - 5.10.txt",alta
area5-s10-q3,"PMP - BOOK 8/5. Visão comum, liderança da equipe e conflitos/10/Gabarito - 5.10.txt","5. Visão comum, liderança da equipe e conflitos/10/3.png",Sim,Sim,Sim,multiple_choice,Nenhum,Conteúdo preservado,Nenhuma,"PMP - BOOK 8/5. Visão comum, liderança da equipe e conflitos/10/Gabarito - 5.10.txt",alta
area5-s10-q4,"PMP - BOOK 8/5. Visão comum, liderança da equipe e conflitos/10/Gabarito - 5.10.txt","5. Visão comum, liderança da equipe e conflitos/10/4.png",Sim,Sim,Sim,multiple_choice,Nenhum,Conteúdo preservado,Nenhuma,"PMP - BOOK 8/5. Visão comum, liderança da equipe e conflitos/10/Gabarito - 5.10.txt",alta
area5-s10-q5,"PMP - BOOK 8/5. Visão comum, liderança da equipe e conflitos/10/Gabarito - 5.10.txt","5. Visão comum, liderança da equipe e conflitos/10/5.png",Sim,Sim,Sim,multiple_choice,Nenhum,Conteúdo preservado,Nenhuma,"PMP - BOOK 8/5. Visão comum, liderança da equipe e conflitos/10/Gabarito - 5.10.txt",alta
area5-s10-q6,"PMP - BOOK 8/5. Visão comum, liderança da equipe e conflitos/10/Gabarito - 5.10.txt","5. Visão comum, liderança da equipe e conflitos/10/6.png",Sim,Sim,Sim,multiple_choice,Nenhum,Conteúdo preservado,Nenhuma,"PMP - BOOK 8/5. Visão comum, liderança da equipe e conflitos/10/Gabarito - 5.10.txt",alta
area5-s10-q7,"PMP - BOOK 8/5. Visão comum, liderança da equipe e conflitos/10/Gabarito - 5.10.txt","5. Visão comum, liderança da equipe e conflitos/10/7.png",Sim,Sim,Sim,multiple_choice,Nenhum,Conteúdo preservado,Nenhuma,"PMP - BOOK 8/5. Visão comum, liderança da equipe e conflitos/10/Gabarito - 5.10.txt",alta
area5-s10-q8,"PMP - BOOK 8/5. Visão comum, liderança da equipe e conflitos/10/Gabarito - 5.10.txt","5. Visão comum, liderança da equipe e conflitos/10/8.png",Sim,Sim,Sim,multiple_choice,Nenhum,Conteúdo preservado,Nenhuma,"PMP - BOOK 8/5. Visão comum, liderança da equipe e conflitos/10/Gabarito - 5.10.txt",alta
area5-s10-q9,"PMP - BOOK 8/5. Visão comum, liderança da equipe e conflitos/10/Gabarito - 5.10.txt","5. Visão comum, liderança da equipe e conflitos/10/9.png",Sim,Sim,Sim,multiple_choice,Nenhum,Conteúdo preservado,Nenhuma,"PMP - BOOK 8/5. Visão comum, liderança da equipe e conflitos/10/Gabarito - 5.10.txt",alta
area5-s11-q1,"PMP - BOOK 8/5. Visão comum, liderança da equipe e conflitos/11/Gabarito - 5.11.txt","5. Visão comum, liderança da equipe e conflitos/11/1.png",Sim,Sim,Sim,multiple_choice,Nenhum,Conteúdo preservado,Nenhuma,"PMP - BOOK 8/5. Visão comum, liderança da equipe e conflitos/11/Gabarito - 5.11.txt",alta
area5-s11-q2,"PMP - BOOK 8/5. Visão comum, liderança da equipe e conflitos/11/Gabarito - 5.11.txt","5. Visão comum, liderança da equipe e conflitos/11/2.png",Sim,Sim,Sim,multiple_choice,Nenhum,Conteúdo preservado,Nenhuma,"PMP - BOOK 8/5. Visão comum, liderança da equipe e conflitos/11/Gabarito - 5.11.txt",alta
area5-s11-q3,"PMP - BOOK 8/5. Visão comum, liderança da equipe e conflitos/11/Gabarito - 5.11.txt","5. Visão comum, liderança da equipe e conflitos/11/3.png",Sim,Sim,Sim,multiple_choice,Nenhum,Conteúdo preservado,Nenhuma,"PMP - BOOK 8/5. Visão comum, liderança da equipe e conflitos/11/Gabarito - 5.11.txt",alta
area5-s11-q4,"PMP - BOOK 8/5. Visão comum, liderança da equipe e conflitos/11/Gabarito - 5.11.txt","5. Visão comum, liderança da equipe e conflitos/11/4.png",Sim,Sim,Sim,multiple_choice,Nenhum,Conteúdo preservado,Nenhuma,"PMP - BOOK 8/5. Visão comum, liderança da equipe e conflitos/11/Gabarito - 5.11.txt",alta
area5-s11-q5,"PMP - BOOK 8/5. Visão comum, liderança da equipe e conflitos/11/Gabarito - 5.11.txt","5. Visão comum, liderança da equipe e conflitos/11/5.png",Sim,Sim,Sim,matching,Nenhum,Associação estruturada a partir dos pares da fonte,Nenhuma,"PMP - BOOK 8/5. Visão comum, liderança da equipe e conflitos/11/Gabarito - 5.11.txt",alta
area5-s11-q6,"PMP - BOOK 8/5. Visão comum, liderança da equipe e conflitos/11/Gabarito - 5.11.txt","5. Visão comum, liderança da equipe e conflitos/11/6.png",Sim,Sim,Sim,multiple_choice,Nenhum,Conteúdo preservado,Nenhuma,"PMP - BOOK 8/5. Visão comum, liderança da equipe e conflitos/11/Gabarito - 5.11.txt",alta
area5-s11-q7,"PMP - BOOK 8/5. Visão comum, liderança da equipe e conflitos/11/Gabarito - 5.11.txt","5. Visão comum, liderança da equipe e conflitos/11/7.png",Sim,Sim,Sim,multiple_choice,Nenhum,Conteúdo preservado,Nenhuma,"PMP - BOOK 8/5. Visão comum, liderança da equipe e conflitos/11/Gabarito - 5.11.txt",alta
area5-s11-q8,"PMP - BOOK 8/5. Visão comum, liderança da equipe e conflitos/11/Gabarito - 5.11.txt","5. Visão comum, liderança da equipe e conflitos/11/8.png",Sim,Sim,Sim,multiple_choice,Nenhum,Conteúdo preservado,Nenhuma,"PMP - BOOK 8/5. Visão comum, liderança da equipe e conflitos/11/Gabarito - 5.11.txt",alta
area5-s11-q9,"PMP - BOOK 8/5. Visão comum, liderança da equipe e conflitos/11/Gabarito - 5.11.txt","5. Visão comum, liderança da equipe e conflitos/11/9.png",Sim,Sim,Sim,multiple_choice,Nenhum,Conteúdo preservado,Nenhuma,"PMP - BOOK 8/5. Visão comum, liderança da equipe e conflitos/11/Gabarito - 5.11.txt",alta
area5-s12-q1,"PMP - BOOK 8/5. Visão comum, liderança da equipe e conflitos/12/Gabarito - 5.12.txt","5. Visão comum, liderança da equipe e conflitos/12/1.png",Sim,Sim,Sim,multiple_choice,Nenhum,Conteúdo preservado,Nenhuma,"PMP - BOOK 8/5. Visão comum, liderança da equipe e conflitos/12/Gabarito - 5.12.txt",alta
area5-s12-q2,"PMP - BOOK 8/5. Visão comum, liderança da equipe e conflitos/12/Gabarito - 5.12.txt","5. Visão comum, liderança da equipe e conflitos/12/2.png",Sim,Sim,Sim,multiple_choice,Nenhum,Conteúdo preservado,Nenhuma,"PMP - BOOK 8/5. Visão comum, liderança da equipe e conflitos/12/Gabarito - 5.12.txt",alta
area5-s12-q3,"PMP - BOOK 8/5. Visão comum, liderança da equipe e conflitos/12/Gabarito - 5.12.txt","5. Visão comum, liderança da equipe e conflitos/12/3.png",Sim,Sim,Sim,image_hotspot,Captura continha interface e/ou marcação de gabarito imprópria para publicação,Diagrama recriado em HTML/CSS com zonas estáveis e acessíveis,Nenhuma,"5. Visão comum, liderança da equipe e conflitos/12/3.png; 5. Visão comum, liderança da equipe e conflitos/12/Gabarito - 5.12.png",high
area5-s12-q4,"PMP - BOOK 8/5. Visão comum, liderança da equipe e conflitos/12/Gabarito - 5.12.txt","5. Visão comum, liderança da equipe e conflitos/12/4.png",Sim,Sim,Sim,multiple_choice,Nenhum,Conteúdo preservado,Nenhuma,"PMP - BOOK 8/5. Visão comum, liderança da equipe e conflitos/12/Gabarito - 5.12.txt",alta
area5-s12-q5,"PMP - BOOK 8/5. Visão comum, liderança da equipe e conflitos/12/Gabarito - 5.12.txt","5. Visão comum, liderança da equipe e conflitos/12/5.png",Sim,Sim,Sim,multiple_selection,Nenhum,Conteúdo preservado,Nenhuma,"PMP - BOOK 8/5. Visão comum, liderança da equipe e conflitos/12/Gabarito - 5.12.txt",alta
area5-s12-q6,"PMP - BOOK 8/5. Visão comum, liderança da equipe e conflitos/12/Gabarito - 5.12.txt","5. Visão comum, liderança da equipe e conflitos/12/6.png",Sim,Sim,Sim,multiple_choice,Nenhum,Conteúdo preservado,Nenhuma,"PMP - BOOK 8/5. Visão comum, liderança da equipe e conflitos/12/Gabarito - 5.12.txt",alta
area5-s12-q7,"PMP - BOOK 8/5. Visão comum, liderança da equipe e conflitos/12/Gabarito - 5.12.txt","5. Visão comum, liderança da equipe e conflitos/12/7.png",Sim,Sim,Sim,multiple_choice,Nenhum,Conteúdo preservado,Nenhuma,"PMP - BOOK 8/5. Visão comum, liderança da equipe e conflitos/12/Gabarito - 5.12.txt",alta
area5-s12-q8,"PMP - BOOK 8/5. Visão comum, liderança da equipe e conflitos/12/Gabarito - 5.12.txt","5. Visão comum, liderança da equipe e conflitos/12/8.png",Sim,Sim,Sim,multiple_choice,Nenhum,Conteúdo preservado,Nenhuma,"PMP - BOOK 8/5. Visão comum, liderança da equipe e conflitos/12/Gabarito - 5.12.txt",alta
area5-s12-q9,"PMP - BOOK 8/5. Visão comum, liderança da equipe e conflitos/12/Gabarito - 5.12.txt","5. Visão comum, liderança da equipe e conflitos/12/9.png",Sim,Sim,Sim,multiple_choice,Nenhum,Conteúdo preservado,Nenhuma,"PMP - BOOK 8/5. Visão comum, liderança da equipe e conflitos/12/Gabarito - 5.12.txt",alta
area5-s13-q1,"PMP - BOOK 8/5. Visão comum, liderança da equipe e conflitos/13/Gabarito - 5.13.txt","5. Visão comum, liderança da equipe e conflitos/13/1.png",Sim,Sim,Sim,multiple_choice,Nenhum,Conteúdo preservado,Nenhuma,"PMP - BOOK 8/5. Visão comum, liderança da equipe e conflitos/13/Gabarito - 5.13.txt",alta
area5-s13-q2,"PMP - BOOK 8/5. Visão comum, liderança da equipe e conflitos/13/Gabarito - 5.13.txt","5. Visão comum, liderança da equipe e conflitos/13/2.png",Sim,Sim,Sim,multiple_choice,Nenhum,Conteúdo preservado,Nenhuma,"PMP - BOOK 8/5. Visão comum, liderança da equipe e conflitos/13/Gabarito - 5.13.txt",alta
area5-s13-q3,"PMP - BOOK 8/5. Visão comum, liderança da equipe e conflitos/13/Gabarito - 5.13.txt","5. Visão comum, liderança da equipe e conflitos/13/3.png",Sim,Sim,Sim,multiple_choice,Nenhum,Conteúdo preservado,Nenhuma,"PMP - BOOK 8/5. Visão comum, liderança da equipe e conflitos/13/Gabarito - 5.13.txt",alta
area5-s13-q4,"PMP - BOOK 8/5. Visão comum, liderança da equipe e conflitos/13/Gabarito - 5.13.txt","5. Visão comum, liderança da equipe e conflitos/13/4.png",Sim,Sim,Sim,multiple_choice,Nenhum,Conteúdo preservado,Nenhuma,"PMP - BOOK 8/5. Visão comum, liderança da equipe e conflitos/13/Gabarito - 5.13.txt",alta
area5-s13-q5,"PMP - BOOK 8/5. Visão comum, liderança da equipe e conflitos/13/Gabarito - 5.13.txt","5. Visão comum, liderança da equipe e conflitos/13/5.png",Sim,Sim,Sim,multiple_choice,Nenhum,Conteúdo preservado,Nenhuma,"PMP - BOOK 8/5. Visão comum, liderança da equipe e conflitos/13/Gabarito - 5.13.txt",alta
area5-s13-q6,"PMP - BOOK 8/5. Visão comum, liderança da equipe e conflitos/13/Gabarito - 5.13.txt","5. Visão comum, liderança da equipe e conflitos/13/6.png",Sim,Sim,Sim,multiple_choice,Nenhum,Conteúdo preservado,Nenhuma,"PMP - BOOK 8/5. Visão comum, liderança da equipe e conflitos/13/Gabarito - 5.13.txt",alta
area5-s13-q7,"PMP - BOOK 8/5. Visão comum, liderança da equipe e conflitos/13/Gabarito - 5.13.txt","5. Visão comum, liderança da equipe e conflitos/13/7.png",Sim,Sim,Sim,image_hotspot,Captura continha interface e/ou marcação de gabarito imprópria para publicação,Diagrama recriado em HTML/CSS com zonas estáveis e acessíveis,Nenhuma,"5. Visão comum, liderança da equipe e conflitos/13/7.png; 5. Visão comum, liderança da equipe e conflitos/13/Gabarito - 5.13.png",high
area5-s13-q8,"PMP - BOOK 8/5. Visão comum, liderança da equipe e conflitos/13/Gabarito - 5.13.txt","5. Visão comum, liderança da equipe e conflitos/13/8.png",Sim,Sim,Sim,multiple_choice,Nenhum,Conteúdo preservado,Nenhuma,"PMP - BOOK 8/5. Visão comum, liderança da equipe e conflitos/13/Gabarito - 5.13.txt",alta
area5-s14-q1,"PMP - BOOK 8/5. Visão comum, liderança da equipe e conflitos/14/Gabarito - 5.14.txt","5. Visão comum, liderança da equipe e conflitos/14/1.png",Sim,Sim,Sim,multiple_selection,Nenhum,Conteúdo preservado,Nenhuma,"PMP - BOOK 8/5. Visão comum, liderança da equipe e conflitos/14/Gabarito - 5.14.txt",alta
area5-s14-q2,"PMP - BOOK 8/5. Visão comum, liderança da equipe e conflitos/14/Gabarito - 5.14.txt","5. Visão comum, liderança da equipe e conflitos/14/2.png",Sim,Sim,Sim,multiple_choice,Nenhum,Conteúdo preservado,Nenhuma,"PMP - BOOK 8/5. Visão comum, liderança da equipe e conflitos/14/Gabarito - 5.14.txt",alta
area5-s14-q3,"PMP - BOOK 8/5. Visão comum, liderança da equipe e conflitos/14/Gabarito - 5.14.txt","5. Visão comum, liderança da equipe e conflitos/14/3.png",Sim,Sim,Sim,multiple_choice,Nenhum,Conteúdo preservado,Nenhuma,"PMP - BOOK 8/5. Visão comum, liderança da equipe e conflitos/14/Gabarito - 5.14.txt",alta
area5-s14-q4,"PMP - BOOK 8/5. Visão comum, liderança da equipe e conflitos/14/Gabarito - 5.14.txt","5. Visão comum, liderança da equipe e conflitos/14/4.png",Sim,Sim,Sim,multiple_choice,Nenhum,Conteúdo preservado,Nenhuma,"PMP - BOOK 8/5. Visão comum, liderança da equipe e conflitos/14/Gabarito - 5.14.txt",alta
area5-s14-q5,"PMP - BOOK 8/5. Visão comum, liderança da equipe e conflitos/14/Gabarito - 5.14.txt","5. Visão comum, liderança da equipe e conflitos/14/5.png",Sim,Sim,Sim,multiple_choice,Nenhum,Conteúdo preservado,Nenhuma,"PMP - BOOK 8/5. Visão comum, liderança da equipe e conflitos/14/Gabarito - 5.14.txt",alta
area5-s14-q6,"PMP - BOOK 8/5. Visão comum, liderança da equipe e conflitos/14/Gabarito - 5.14.txt","5. Visão comum, liderança da equipe e conflitos/14/6.png",Sim,Sim,Sim,multiple_choice,Nenhum,Conteúdo preservado,Nenhuma,"PMP - BOOK 8/5. Visão comum, liderança da equipe e conflitos/14/Gabarito - 5.14.txt",alta
area5-s14-q7,"PMP - BOOK 8/5. Visão comum, liderança da equipe e conflitos/14/Gabarito - 5.14.txt","5. Visão comum, liderança da equipe e conflitos/14/7.png",Sim,Sim,Sim,multiple_choice,Nenhum,Conteúdo preservado,Nenhuma,"PMP - BOOK 8/5. Visão comum, liderança da equipe e conflitos/14/Gabarito - 5.14.txt",alta
area5-s14-q8,"PMP - BOOK 8/5. Visão comum, liderança da equipe e conflitos/14/Gabarito - 5.14.txt","5. Visão comum, liderança da equipe e conflitos/14/8.png",Sim,Sim,Sim,multiple_choice,Nenhum,Conteúdo preservado,Nenhuma,"PMP - BOOK 8/5. Visão comum, liderança da equipe e conflitos/14/Gabarito - 5.14.txt",alta
area5-s14-q9,"PMP - BOOK 8/5. Visão comum, liderança da equipe e conflitos/14/Gabarito - 5.14.txt","5. Visão comum, liderança da equipe e conflitos/14/9.png",Sim,Sim,Sim,multiple_choice,Nenhum,Conteúdo preservado,Nenhuma,"PMP - BOOK 8/5. Visão comum, liderança da equipe e conflitos/14/Gabarito - 5.14.txt",alta
area5-s15-q1,"PMP - BOOK 8/5. Visão comum, liderança da equipe e conflitos/15/Gabarito - 5.15.txt","5. Visão comum, liderança da equipe e conflitos/15/1.png",Sim,Sim,Sim,multiple_choice,Nenhum,Conteúdo preservado,Nenhuma,"PMP - BOOK 8/5. Visão comum, liderança da equipe e conflitos/15/Gabarito - 5.15.txt",alta
area5-s15-q2,"PMP - BOOK 8/5. Visão comum, liderança da equipe e conflitos/15/Gabarito - 5.15.txt","5. Visão comum, liderança da equipe e conflitos/15/2.png",Sim,Sim,Sim,multiple_choice,Nenhum,Conteúdo preservado,Nenhuma,"PMP - BOOK 8/5. Visão comum, liderança da equipe e conflitos/15/Gabarito - 5.15.txt",alta
area5-s15-q3,"PMP - BOOK 8/5. Visão comum, liderança da equipe e conflitos/15/Gabarito - 5.15.txt","5. Visão comum, liderança da equipe e conflitos/15/3.png",Sim,Sim,Sim,multiple_choice,Nenhum,Conteúdo preservado,Nenhuma,"PMP - BOOK 8/5. Visão comum, liderança da equipe e conflitos/15/Gabarito - 5.15.txt",alta
area5-s15-q4,"PMP - BOOK 8/5. Visão comum, liderança da equipe e conflitos/15/Gabarito - 5.15.txt","5. Visão comum, liderança da equipe e conflitos/15/4.png",Sim,Sim,Sim,multiple_choice,Nenhum,Conteúdo preservado,Nenhuma,"PMP - BOOK 8/5. Visão comum, liderança da equipe e conflitos/15/Gabarito - 5.15.txt",alta
area5-s15-q5,"PMP - BOOK 8/5. Visão comum, liderança da equipe e conflitos/15/Gabarito - 5.15.txt","5. Visão comum, liderança da equipe e conflitos/15/5.png",Sim,Sim,Sim,multiple_choice,Nenhum,Conteúdo preservado,Nenhuma,"PMP - BOOK 8/5. Visão comum, liderança da equipe e conflitos/15/Gabarito - 5.15.txt",alta
area5-s15-q6,"PMP - BOOK 8/5. Visão comum, liderança da equipe e conflitos/15/Gabarito - 5.15.txt","5. Visão comum, liderança da equipe e conflitos/15/6.png",Sim,Sim,Sim,multiple_choice,Nenhum,Conteúdo preservado,Nenhuma,"PMP - BOOK 8/5. Visão comum, liderança da equipe e conflitos/15/Gabarito - 5.15.txt",alta
area5-s15-q7,"PMP - BOOK 8/5. Visão comum, liderança da equipe e conflitos/15/Gabarito - 5.15.txt","5. Visão comum, liderança da equipe e conflitos/15/7.png",Sim,Sim,Sim,multiple_choice,Nenhum,Conteúdo preservado,Nenhuma,"PMP - BOOK 8/5. Visão comum, liderança da equipe e conflitos/15/Gabarito - 5.15.txt",alta
area5-s15-q8,"PMP - BOOK 8/5. Visão comum, liderança da equipe e conflitos/15/Gabarito - 5.15.txt","5. Visão comum, liderança da equipe e conflitos/15/8.png",Sim,Sim,Sim,multiple_choice,Nenhum,Conteúdo preservado,Nenhuma,"PMP - BOOK 8/5. Visão comum, liderança da equipe e conflitos/15/Gabarito - 5.15.txt",alta
area5-s15-q9,"PMP - BOOK 8/5. Visão comum, liderança da equipe e conflitos/15/Gabarito - 5.15.txt","5. Visão comum, liderança da equipe e conflitos/15/9.png",Sim,Sim,Sim,multiple_choice,Nenhum,Conteúdo preservado,Nenhuma,"PMP - BOOK 8/5. Visão comum, liderança da equipe e conflitos/15/Gabarito - 5.15.txt",alta
area5-s16-q1,"PMP - BOOK 8/5. Visão comum, liderança da equipe e conflitos/16/Ganbarito - 5.16.txt","5. Visão comum, liderança da equipe e conflitos/16/1.png",Sim,Sim,Sim,multiple_choice,Nenhum,Conteúdo preservado,Nenhuma,"PMP - BOOK 8/5. Visão comum, liderança da equipe e conflitos/16/Ganbarito - 5.16.txt",alta
area5-s16-q2,"PMP - BOOK 8/5. Visão comum, liderança da equipe e conflitos/16/Ganbarito - 5.16.txt","5. Visão comum, liderança da equipe e conflitos/16/2.png",Sim,Sim,Sim,multiple_choice,Nenhum,Conteúdo preservado,Nenhuma,"PMP - BOOK 8/5. Visão comum, liderança da equipe e conflitos/16/Ganbarito - 5.16.txt",alta
area5-s16-q3,"PMP - BOOK 8/5. Visão comum, liderança da equipe e conflitos/16/Ganbarito - 5.16.txt","5. Visão comum, liderança da equipe e conflitos/16/3.png",Sim,Sim,Sim,multiple_choice,Nenhum,Conteúdo preservado,Nenhuma,"PMP - BOOK 8/5. Visão comum, liderança da equipe e conflitos/16/Ganbarito - 5.16.txt",alta
area5-s16-q4,"PMP - BOOK 8/5. Visão comum, liderança da equipe e conflitos/16/Ganbarito - 5.16.txt","5. Visão comum, liderança da equipe e conflitos/16/4.png",Sim,Sim,Sim,multiple_choice,Nenhum,Conteúdo preservado,Nenhuma,"PMP - BOOK 8/5. Visão comum, liderança da equipe e conflitos/16/Ganbarito - 5.16.txt",alta
area5-s16-q5,"PMP - BOOK 8/5. Visão comum, liderança da equipe e conflitos/16/Ganbarito - 5.16.txt","5. Visão comum, liderança da equipe e conflitos/16/5.png",Sim,Sim,Sim,multiple_choice,Nenhum,Conteúdo preservado,Nenhuma,"PMP - BOOK 8/5. Visão comum, liderança da equipe e conflitos/16/Ganbarito - 5.16.txt",alta
area5-s16-q6,"PMP - BOOK 8/5. Visão comum, liderança da equipe e conflitos/16/Ganbarito - 5.16.txt","5. Visão comum, liderança da equipe e conflitos/16/6.png",Sim,Sim,Sim,multiple_choice,Nenhum,Conteúdo preservado,Nenhuma,"PMP - BOOK 8/5. Visão comum, liderança da equipe e conflitos/16/Ganbarito - 5.16.txt",alta
area5-s16-q7,"PMP - BOOK 8/5. Visão comum, liderança da equipe e conflitos/16/Ganbarito - 5.16.txt","5. Visão comum, liderança da equipe e conflitos/16/7.png",Sim,Sim,Sim,multiple_choice,Nenhum,Conteúdo preservado,Nenhuma,"PMP - BOOK 8/5. Visão comum, liderança da equipe e conflitos/16/Ganbarito - 5.16.txt",alta
area5-s16-q8,"PMP - BOOK 8/5. Visão comum, liderança da equipe e conflitos/16/Ganbarito - 5.16.txt","5. Visão comum, liderança da equipe e conflitos/16/8.png",Sim,Sim,Sim,multiple_choice,Nenhum,Conteúdo preservado,Nenhuma,"PMP - BOOK 8/5. Visão comum, liderança da equipe e conflitos/16/Ganbarito - 5.16.txt",alta
area6-s1-q1,PMP - BOOK 8/6. Iniciação do projeto e termo de abertura/1/Gabarito - 6.1.txt,6. Iniciação do projeto e termo de abertura/1/1.png,Sim,Sim,Sim,multiple_choice,Nenhum,Conteúdo preservado,Nenhuma,PMP - BOOK 8/6. Iniciação do projeto e termo de abertura/1/Gabarito - 6.1.txt,alta
area6-s1-q2,PMP - BOOK 8/6. Iniciação do projeto e termo de abertura/1/Gabarito - 6.1.txt,6. Iniciação do projeto e termo de abertura/1/2.png,Sim,Sim,Sim,multiple_choice,Nenhum,Conteúdo preservado,Nenhuma,PMP - BOOK 8/6. Iniciação do projeto e termo de abertura/1/Gabarito - 6.1.txt,alta
area6-s1-q3,PMP - BOOK 8/6. Iniciação do projeto e termo de abertura/1/Gabarito - 6.1.txt,6. Iniciação do projeto e termo de abertura/1/3.png,Sim,Sim,Sim,multiple_choice,Nenhum,Conteúdo preservado,Nenhuma,PMP - BOOK 8/6. Iniciação do projeto e termo de abertura/1/Gabarito - 6.1.txt,alta
area6-s2-q1,PMP - BOOK 8/6. Iniciação do projeto e termo de abertura/2/Gabarito - 6.2.txt,6. Iniciação do projeto e termo de abertura/2/1.png,Sim,Sim,Sim,multiple_choice,Nenhum,Conteúdo preservado,Nenhuma,PMP - BOOK 8/6. Iniciação do projeto e termo de abertura/2/Gabarito - 6.2.txt,alta
area6-s2-q2,PMP - BOOK 8/6. Iniciação do projeto e termo de abertura/2/Gabarito - 6.2.txt,6. Iniciação do projeto e termo de abertura/2/2.png,Sim,Sim,Sim,multiple_choice,Nenhum,Conteúdo preservado,Nenhuma,PMP - BOOK 8/6. Iniciação do projeto e termo de abertura/2/Gabarito - 6.2.txt,alta
area6-s2-q3,PMP - BOOK 8/6. Iniciação do projeto e termo de abertura/2/Gabarito - 6.2.txt,6. Iniciação do projeto e termo de abertura/2/3.png,Sim,Sim,Sim,multiple_choice,Nenhum,Conteúdo preservado,Nenhuma,PMP - BOOK 8/6. Iniciação do projeto e termo de abertura/2/Gabarito - 6.2.txt,alta
area6-s2-q4,PMP - BOOK 8/6. Iniciação do projeto e termo de abertura/2/Gabarito - 6.2.txt,6. Iniciação do projeto e termo de abertura/2/4.png,Sim,Sim,Sim,multiple_choice,Nenhum,Conteúdo preservado,Nenhuma,PMP - BOOK 8/6. Iniciação do projeto e termo de abertura/2/Gabarito - 6.2.txt,alta
area6-s2-q5,PMP - BOOK 8/6. Iniciação do projeto e termo de abertura/2/Gabarito - 6.2.txt,6. Iniciação do projeto e termo de abertura/2/5.png,Sim,Sim,Sim,multiple_choice,Nenhum,Conteúdo preservado,Nenhuma,PMP - BOOK 8/6. Iniciação do projeto e termo de abertura/2/Gabarito - 6.2.txt,alta
area6-s3-q1,PMP - BOOK 8/6. Iniciação do projeto e termo de abertura/3/Gabarito - 6.3.txt,6. Iniciação do projeto e termo de abertura/3/1.png,Sim,Sim,Sim,multiple_choice,Nenhum,Conteúdo preservado,Nenhuma,PMP - BOOK 8/6. Iniciação do projeto e termo de abertura/3/Gabarito - 6.3.txt,alta
area6-s3-q2,PMP - BOOK 8/6. Iniciação do projeto e termo de abertura/3/Gabarito - 6.3.txt,6. Iniciação do projeto e termo de abertura/3/2.png,Sim,Sim,Sim,multiple_choice,Nenhum,Conteúdo preservado,Nenhuma,PMP - BOOK 8/6. Iniciação do projeto e termo de abertura/3/Gabarito - 6.3.txt,alta
area6-s3-q3,PMP - BOOK 8/6. Iniciação do projeto e termo de abertura/3/Gabarito - 6.3.txt,6. Iniciação do projeto e termo de abertura/3/3.png,Sim,Sim,Sim,multiple_choice,Nenhum,Conteúdo preservado,Nenhuma,PMP - BOOK 8/6. Iniciação do projeto e termo de abertura/3/Gabarito - 6.3.txt,alta
area6-s4-q1,PMP - BOOK 8/6. Iniciação do projeto e termo de abertura/4/Gabarito - 6.4.txt,6. Iniciação do projeto e termo de abertura/4/1.png,Sim,Sim,Sim,multiple_selection,Nenhum,Conteúdo preservado,Nenhuma,PMP - BOOK 8/6. Iniciação do projeto e termo de abertura/4/Gabarito - 6.4.txt,alta
area6-s4-q2,PMP - BOOK 8/6. Iniciação do projeto e termo de abertura/4/Gabarito - 6.4.txt,6. Iniciação do projeto e termo de abertura/4/2.png,Sim,Sim,Sim,multiple_choice,Nenhum,Conteúdo preservado,Nenhuma,PMP - BOOK 8/6. Iniciação do projeto e termo de abertura/4/Gabarito - 6.4.txt,alta
area6-s4-q3,PMP - BOOK 8/6. Iniciação do projeto e termo de abertura/4/Gabarito - 6.4.txt,6. Iniciação do projeto e termo de abertura/4/3.png,Sim,Sim,Sim,multiple_choice,Nenhum,Conteúdo preservado,Nenhuma,PMP - BOOK 8/6. Iniciação do projeto e termo de abertura/4/Gabarito - 6.4.txt,alta
area6-s5-q1,PMP - BOOK 8/6. Iniciação do projeto e termo de abertura/5/Gabarito - 6.5.txt,6. Iniciação do projeto e termo de abertura/5/1.png,Sim,Sim,Sim,multiple_choice,Nenhum,Conteúdo preservado,Nenhuma,PMP - BOOK 8/6. Iniciação do projeto e termo de abertura/5/Gabarito - 6.5.txt,alta
area6-s5-q2,PMP - BOOK 8/6. Iniciação do projeto e termo de abertura/5/Gabarito - 6.5.txt,6. Iniciação do projeto e termo de abertura/5/2.png,Sim,Sim,Sim,multiple_choice,Nenhum,Conteúdo preservado,Nenhuma,PMP - BOOK 8/6. Iniciação do projeto e termo de abertura/5/Gabarito - 6.5.txt,alta
area6-s5-q3,PMP - BOOK 8/6. Iniciação do projeto e termo de abertura/5/Gabarito - 6.5.txt,6. Iniciação do projeto e termo de abertura/5/3.png,Sim,Sim,Sim,matching,Nenhum,Associação estruturada a partir dos pares da fonte,Nenhuma,PMP - BOOK 8/6. Iniciação do projeto e termo de abertura/5/Gabarito - 6.5.txt,alta
area6-s5-q4,PMP - BOOK 8/6. Iniciação do projeto e termo de abertura/5/Gabarito - 6.5.txt,6. Iniciação do projeto e termo de abertura/5/4.png,Sim,Sim,Sim,multiple_choice,Nenhum,Conteúdo preservado,Nenhuma,PMP - BOOK 8/6. Iniciação do projeto e termo de abertura/5/Gabarito - 6.5.txt,alta
area6-s6-q1,PMP - BOOK 8/6. Iniciação do projeto e termo de abertura/6/Gabarito - 6.6.txt,6. Iniciação do projeto e termo de abertura/6/1.png,Sim,Sim,Sim,multiple_choice,Nenhum,Conteúdo preservado,Nenhuma,PMP - BOOK 8/6. Iniciação do projeto e termo de abertura/6/Gabarito - 6.6.txt,alta
area6-s6-q2,PMP - BOOK 8/6. Iniciação do projeto e termo de abertura/6/Gabarito - 6.6.txt,6. Iniciação do projeto e termo de abertura/6/2.png,Sim,Sim,Sim,multiple_choice,Nenhum,Conteúdo preservado,Nenhuma,PMP - BOOK 8/6. Iniciação do projeto e termo de abertura/6/Gabarito - 6.6.txt,alta
area6-s6-q3,PMP - BOOK 8/6. Iniciação do projeto e termo de abertura/6/Gabarito - 6.6.txt,6. Iniciação do projeto e termo de abertura/6/3.png,Sim,Sim,Sim,multiple_choice,Nenhum,Conteúdo preservado,Nenhuma,PMP - BOOK 8/6. Iniciação do projeto e termo de abertura/6/Gabarito - 6.6.txt,alta
area6-s7-q1,PMP - BOOK 8/6. Iniciação do projeto e termo de abertura/7/Gabarito - 6.7.txt,6. Iniciação do projeto e termo de abertura/7/1.png,Sim,Sim,Sim,multiple_choice,Nenhum,Conteúdo preservado,Nenhuma,PMP - BOOK 8/6. Iniciação do projeto e termo de abertura/7/Gabarito - 6.7.txt,alta
area6-s7-q2,PMP - BOOK 8/6. Iniciação do projeto e termo de abertura/7/Gabarito - 6.7.txt,6. Iniciação do projeto e termo de abertura/7/2.png,Sim,Sim,Sim,multiple_choice,Nenhum,Conteúdo preservado,Nenhuma,PMP - BOOK 8/6. Iniciação do projeto e termo de abertura/7/Gabarito - 6.7.txt,alta
area6-s7-q3,PMP - BOOK 8/6. Iniciação do projeto e termo de abertura/7/Gabarito - 6.7.txt,6. Iniciação do projeto e termo de abertura/7/3.png,Sim,Sim,Sim,multiple_choice,Nenhum,Conteúdo preservado,Nenhuma,PMP - BOOK 8/6. Iniciação do projeto e termo de abertura/7/Gabarito - 6.7.txt,alta
area6-s7-q4,PMP - BOOK 8/6. Iniciação do projeto e termo de abertura/7/Gabarito - 6.7.txt,6. Iniciação do projeto e termo de abertura/7/4.png,Sim,Sim,Sim,multiple_choice,Nenhum,Conteúdo preservado,Nenhuma,PMP - BOOK 8/6. Iniciação do projeto e termo de abertura/7/Gabarito - 6.7.txt,alta
area6-s8-q1,PMP - BOOK 8/6. Iniciação do projeto e termo de abertura/8/Gabarito - 6.8.txt,6. Iniciação do projeto e termo de abertura/8/1.png,Sim,Sim,Sim,multiple_choice,Nenhum,Conteúdo preservado,Nenhuma,PMP - BOOK 8/6. Iniciação do projeto e termo de abertura/8/Gabarito - 6.8.txt,alta
area6-s8-q2,PMP - BOOK 8/6. Iniciação do projeto e termo de abertura/8/Gabarito - 6.8.txt,6. Iniciação do projeto e termo de abertura/8/2.png,Sim,Sim,Sim,multiple_choice,Nenhum,Conteúdo preservado,Nenhuma,PMP - BOOK 8/6. Iniciação do projeto e termo de abertura/8/Gabarito - 6.8.txt,alta
area6-s8-q3,PMP - BOOK 8/6. Iniciação do projeto e termo de abertura/8/Gabarito - 6.8.txt,6. Iniciação do projeto e termo de abertura/8/3.png,Sim,Sim,Sim,multiple_choice,Nenhum,Conteúdo preservado,Nenhuma,PMP - BOOK 8/6. Iniciação do projeto e termo de abertura/8/Gabarito - 6.8.txt,alta
area6-s8-q4,PMP - BOOK 8/6. Iniciação do projeto e termo de abertura/8/Gabarito - 6.8.txt,6. Iniciação do projeto e termo de abertura/8/4.png,Sim,Sim,Sim,multiple_choice,Nenhum,Conteúdo preservado,Nenhuma,PMP - BOOK 8/6. Iniciação do projeto e termo de abertura/8/Gabarito - 6.8.txt,alta
area6-s9-q1,PMP - BOOK 8/6. Iniciação do projeto e termo de abertura/9/Gabarito - 6.9.txt,6. Iniciação do projeto e termo de abertura/9/1.png,Sim,Sim,Sim,multiple_choice,Nenhum,Conteúdo preservado,Nenhuma,PMP - BOOK 8/6. Iniciação do projeto e termo de abertura/9/Gabarito - 6.9.txt,alta
area6-s9-q2,PMP - BOOK 8/6. Iniciação do projeto e termo de abertura/9/Gabarito - 6.9.txt,6. Iniciação do projeto e termo de abertura/9/2.png,Sim,Sim,Sim,multiple_choice,Nenhum,Conteúdo preservado,Nenhuma,PMP - BOOK 8/6. Iniciação do projeto e termo de abertura/9/Gabarito - 6.9.txt,alta
area6-s9-q3,PMP - BOOK 8/6. Iniciação do projeto e termo de abertura/9/Gabarito - 6.9.txt,6. Iniciação do projeto e termo de abertura/9/3.png,Sim,Sim,Sim,multiple_choice,Nenhum,Conteúdo preservado,Nenhuma,PMP - BOOK 8/6. Iniciação do projeto e termo de abertura/9/Gabarito - 6.9.txt,alta
area6-s9-q4,PMP - BOOK 8/6. Iniciação do projeto e termo de abertura/9/Gabarito - 6.9.txt,6. Iniciação do projeto e termo de abertura/9/4.png,Sim,Sim,Sim,multiple_choice,Nenhum,Conteúdo preservado,Nenhuma,PMP - BOOK 8/6. Iniciação do projeto e termo de abertura/9/Gabarito - 6.9.txt,alta
area6-s10-q1,PMP - BOOK 8/6. Iniciação do projeto e termo de abertura/10/Gabarito - 6.10.txt,6. Iniciação do projeto e termo de abertura/10/1.png,Sim,Sim,Sim,multiple_choice,Nenhum,Conteúdo preservado,Nenhuma,PMP - BOOK 8/6. Iniciação do projeto e termo de abertura/10/Gabarito - 6.10.txt,alta
area6-s10-q2,PMP - BOOK 8/6. Iniciação do projeto e termo de abertura/10/Gabarito - 6.10.txt,6. Iniciação do projeto e termo de abertura/10/2.png,Sim,Sim,Sim,multiple_choice,Nenhum,Conteúdo preservado,Nenhuma,PMP - BOOK 8/6. Iniciação do projeto e termo de abertura/10/Gabarito - 6.10.txt,alta
area6-s10-q3,PMP - BOOK 8/6. Iniciação do projeto e termo de abertura/10/Gabarito - 6.10.txt,6. Iniciação do projeto e termo de abertura/10/3.png,Sim,Sim,Sim,multiple_selection,Nenhum,Conteúdo preservado,Nenhuma,PMP - BOOK 8/6. Iniciação do projeto e termo de abertura/10/Gabarito - 6.10.txt,alta
area6-s11-q1,PMP - BOOK 8/6. Iniciação do projeto e termo de abertura/11/Gabarito - 6.11.txt,6. Iniciação do projeto e termo de abertura/11/1.png,Sim,Sim,Sim,multiple_choice,Nenhum,Conteúdo preservado,Nenhuma,PMP - BOOK 8/6. Iniciação do projeto e termo de abertura/11/Gabarito - 6.11.txt,alta
area6-s11-q2,PMP - BOOK 8/6. Iniciação do projeto e termo de abertura/11/Gabarito - 6.11.txt,6. Iniciação do projeto e termo de abertura/11/2.png,Sim,Sim,Sim,multiple_choice,Nenhum,Conteúdo preservado,Nenhuma,PMP - BOOK 8/6. Iniciação do projeto e termo de abertura/11/Gabarito - 6.11.txt,alta
area6-s11-q3,PMP - BOOK 8/6. Iniciação do projeto e termo de abertura/11/Gabarito - 6.11.txt,6. Iniciação do projeto e termo de abertura/11/3.png,Sim,Sim,Sim,multiple_choice,Nenhum,Conteúdo preservado,Nenhuma,PMP - BOOK 8/6. Iniciação do projeto e termo de abertura/11/Gabarito - 6.11.txt,alta
area6-s12-q1,PMP - BOOK 8/6. Iniciação do projeto e termo de abertura/12/Gabarito - 6.12.txt,6. Iniciação do projeto e termo de abertura/12/1.png,Sim,Sim,Sim,multiple_choice,Nenhum,Conteúdo preservado,Nenhuma,PMP - BOOK 8/6. Iniciação do projeto e termo de abertura/12/Gabarito - 6.12.txt,alta
area6-s12-q2,PMP - BOOK 8/6. Iniciação do projeto e termo de abertura/12/Gabarito - 6.12.txt,6. Iniciação do projeto e termo de abertura/12/2.png,Sim,Sim,Sim,multiple_choice,Nenhum,Conteúdo preservado,Nenhuma,PMP - BOOK 8/6. Iniciação do projeto e termo de abertura/12/Gabarito - 6.12.txt,alta
area6-s12-q3,PMP - BOOK 8/6. Iniciação do projeto e termo de abertura/12/Gabarito - 6.12.txt,6. Iniciação do projeto e termo de abertura/12/3.png,Sim,Sim,Sim,multiple_choice,Nenhum,Conteúdo preservado,Nenhuma,PMP - BOOK 8/6. Iniciação do projeto e termo de abertura/12/Gabarito - 6.12.txt,alta
area6-s13-q1,PMP - BOOK 8/6. Iniciação do projeto e termo de abertura/13/Gabarito - 6.13.txt,6. Iniciação do projeto e termo de abertura/13/1.png,Sim,Sim,Sim,multiple_choice,Nenhum,Conteúdo preservado,Nenhuma,PMP - BOOK 8/6. Iniciação do projeto e termo de abertura/13/Gabarito - 6.13.txt,alta
area6-s13-q2,PMP - BOOK 8/6. Iniciação do projeto e termo de abertura/13/Gabarito - 6.13.txt,6. Iniciação do projeto e termo de abertura/13/2.png,Sim,Sim,Sim,multiple_choice,Nenhum,Conteúdo preservado,Nenhuma,PMP - BOOK 8/6. Iniciação do projeto e termo de abertura/13/Gabarito - 6.13.txt,alta
area6-s13-q3,PMP - BOOK 8/6. Iniciação do projeto e termo de abertura/13/Gabarito - 6.13.txt,6. Iniciação do projeto e termo de abertura/13/3.png,Sim,Sim,Sim,multiple_choice,Nenhum,Conteúdo preservado,Nenhuma,PMP - BOOK 8/6. Iniciação do projeto e termo de abertura/13/Gabarito - 6.13.txt,alta
area6-s14-q1,PMP - BOOK 8/6. Iniciação do projeto e termo de abertura/14/Gabarito - 6.14.txt,6. Iniciação do projeto e termo de abertura/14/1.png,Sim,Sim,Sim,multiple_choice,Nenhum,Conteúdo preservado,Nenhuma,PMP - BOOK 8/6. Iniciação do projeto e termo de abertura/14/Gabarito - 6.14.txt,alta
area6-s14-q2,PMP - BOOK 8/6. Iniciação do projeto e termo de abertura/14/Gabarito - 6.14.txt,6. Iniciação do projeto e termo de abertura/14/2.png,Sim,Sim,Sim,multiple_choice,Nenhum,Conteúdo preservado,Nenhuma,PMP - BOOK 8/6. Iniciação do projeto e termo de abertura/14/Gabarito - 6.14.txt,alta
area6-s14-q3,PMP - BOOK 8/6. Iniciação do projeto e termo de abertura/14/Gabarito - 6.14.txt,6. Iniciação do projeto e termo de abertura/14/3.png,Sim,Sim,Sim,multiple_choice,Nenhum,Conteúdo preservado,Nenhuma,PMP - BOOK 8/6. Iniciação do projeto e termo de abertura/14/Gabarito - 6.14.txt,alta
area6-s15-q1,PMP - BOOK 8/6. Iniciação do projeto e termo de abertura/15/Gabarito - 6.15.txt,6. Iniciação do projeto e termo de abertura/15/1.png,Sim,Sim,Sim,multiple_choice,Nenhum,Conteúdo preservado,Nenhuma,PMP - BOOK 8/6. Iniciação do projeto e termo de abertura/15/Gabarito - 6.15.txt,alta
area6-s15-q2,PMP - BOOK 8/6. Iniciação do projeto e termo de abertura/15/Gabarito - 6.15.txt,6. Iniciação do projeto e termo de abertura/15/2.png,Sim,Sim,Sim,multiple_selection,Nenhum,Conteúdo preservado,Nenhuma,PMP - BOOK 8/6. Iniciação do projeto e termo de abertura/15/Gabarito - 6.15.txt,alta
area6-s15-q3,PMP - BOOK 8/6. Iniciação do projeto e termo de abertura/15/Gabarito - 6.15.txt,6. Iniciação do projeto e termo de abertura/15/3.png,Sim,Sim,Sim,multiple_choice,Nenhum,Conteúdo preservado,Nenhuma,PMP - BOOK 8/6. Iniciação do projeto e termo de abertura/15/Gabarito - 6.15.txt,alta
area6-s15-q4,PMP - BOOK 8/6. Iniciação do projeto e termo de abertura/15/Gabarito - 6.15.txt,6. Iniciação do projeto e termo de abertura/15/4.png,Sim,Sim,Sim,multiple_choice,Nenhum,Conteúdo preservado,Nenhuma,PMP - BOOK 8/6. Iniciação do projeto e termo de abertura/15/Gabarito - 6.15.txt,alta
area6-s16-q1,PMP - BOOK 8/6. Iniciação do projeto e termo de abertura/16/Gabarito - 6.16.txt,6. Iniciação do projeto e termo de abertura/16/1.png,Sim,Sim,Sim,multiple_choice,Nenhum,Conteúdo preservado,Nenhuma,PMP - BOOK 8/6. Iniciação do projeto e termo de abertura/16/Gabarito - 6.16.txt,alta
area6-s16-q2,PMP - BOOK 8/6. Iniciação do projeto e termo de abertura/16/Gabarito - 6.16.txt,6. Iniciação do projeto e termo de abertura/16/2.png,Sim,Sim,Sim,multiple_choice,Nenhum,Conteúdo preservado,Nenhuma,PMP - BOOK 8/6. Iniciação do projeto e termo de abertura/16/Gabarito - 6.16.txt,alta
area6-s16-q3,PMP - BOOK 8/6. Iniciação do projeto e termo de abertura/16/Gabarito - 6.16.txt,6. Iniciação do projeto e termo de abertura/16/3.png,Sim,Sim,Sim,multiple_choice,Nenhum,Conteúdo preservado,Nenhuma,PMP - BOOK 8/6. Iniciação do projeto e termo de abertura/16/Gabarito - 6.16.txt,alta
area7-s1-q1,PMP - BOOK 8/7. Partes interessadas e transferência de conhecimento/1/Gabarito - 7.1.txt,7. Partes interessadas e transferência de conhecimento/1/1.png,Sim,Sim,Sim,multiple_choice,Nenhum,Conteúdo preservado,Nenhuma,PMP - BOOK 8/7. Partes interessadas e transferência de conhecimento/1/Gabarito - 7.1.txt,alta
area7-s1-q2,PMP - BOOK 8/7. Partes interessadas e transferência de conhecimento/1/Gabarito - 7.1.txt,7. Partes interessadas e transferência de conhecimento/1/2.png,Sim,Sim,Sim,multiple_choice,Nenhum,Conteúdo preservado,Nenhuma,PMP - BOOK 8/7. Partes interessadas e transferência de conhecimento/1/Gabarito - 7.1.txt,alta
area7-s1-q3,PMP - BOOK 8/7. Partes interessadas e transferência de conhecimento/1/Gabarito - 7.1.txt,7. Partes interessadas e transferência de conhecimento/1/3.png,Sim,Sim,Sim,multiple_choice,Nenhum,Conteúdo preservado,Nenhuma,PMP - BOOK 8/7. Partes interessadas e transferência de conhecimento/1/Gabarito - 7.1.txt,alta
area7-s1-q4,PMP - BOOK 8/7. Partes interessadas e transferência de conhecimento/1/Gabarito - 7.1.txt,7. Partes interessadas e transferência de conhecimento/1/4.png,Sim,Sim,Sim,multiple_choice,Nenhum,Conteúdo preservado,Nenhuma,PMP - BOOK 8/7. Partes interessadas e transferência de conhecimento/1/Gabarito - 7.1.txt,alta
area7-s1-q5,PMP - BOOK 8/7. Partes interessadas e transferência de conhecimento/1/Gabarito - 7.1.txt,7. Partes interessadas e transferência de conhecimento/1/5.png,Sim,Sim,Sim,multiple_choice,Nenhum,Conteúdo preservado,Nenhuma,PMP - BOOK 8/7. Partes interessadas e transferência de conhecimento/1/Gabarito - 7.1.txt,alta
area7-s1-q6,PMP - BOOK 8/7. Partes interessadas e transferência de conhecimento/1/Gabarito - 7.1.txt,7. Partes interessadas e transferência de conhecimento/1/6.png,Sim,Sim,Sim,multiple_choice,Nenhum,Conteúdo preservado,Nenhuma,PMP - BOOK 8/7. Partes interessadas e transferência de conhecimento/1/Gabarito - 7.1.txt,alta
area7-s1-q7,PMP - BOOK 8/7. Partes interessadas e transferência de conhecimento/1/Gabarito - 7.1.txt,7. Partes interessadas e transferência de conhecimento/1/7.png,Sim,Sim,Sim,multiple_selection,Nenhum,Conteúdo preservado,Nenhuma,PMP - BOOK 8/7. Partes interessadas e transferência de conhecimento/1/Gabarito - 7.1.txt,alta
area7-s1-q8,PMP - BOOK 8/7. Partes interessadas e transferência de conhecimento/1/Gabarito - 7.1.txt,7. Partes interessadas e transferência de conhecimento/1/8.png,Sim,Sim,Sim,multiple_choice,Nenhum,Conteúdo preservado,Nenhuma,PMP - BOOK 8/7. Partes interessadas e transferência de conhecimento/1/Gabarito - 7.1.txt,alta
area7-s1-q9,PMP - BOOK 8/7. Partes interessadas e transferência de conhecimento/1/Gabarito - 7.1.txt,7. Partes interessadas e transferência de conhecimento/1/9.png,Sim,Sim,Sim,multiple_choice,Nenhum,Conteúdo preservado,Nenhuma,PMP - BOOK 8/7. Partes interessadas e transferência de conhecimento/1/Gabarito - 7.1.txt,alta
area7-s1-q10,PMP - BOOK 8/7. Partes interessadas e transferência de conhecimento/1/Gabarito - 7.1.txt,7. Partes interessadas e transferência de conhecimento/1/10.png,Sim,Sim,Sim,multiple_selection,Nenhum,Conteúdo preservado,Nenhuma,PMP - BOOK 8/7. Partes interessadas e transferência de conhecimento/1/Gabarito - 7.1.txt,alta
area7-s1-q11,PMP - BOOK 8/7. Partes interessadas e transferência de conhecimento/1/Gabarito - 7.1.txt,7. Partes interessadas e transferência de conhecimento/1/11.png,Sim,Sim,Sim,multiple_choice,Nenhum,Conteúdo preservado,Nenhuma,PMP - BOOK 8/7. Partes interessadas e transferência de conhecimento/1/Gabarito - 7.1.txt,alta
area7-s1-q12,PMP - BOOK 8/7. Partes interessadas e transferência de conhecimento/1/Gabarito - 7.1.txt,7. Partes interessadas e transferência de conhecimento/1/12.png,Sim,Sim,Sim,multiple_choice,Nenhum,Conteúdo preservado,Nenhuma,PMP - BOOK 8/7. Partes interessadas e transferência de conhecimento/1/Gabarito - 7.1.txt,alta
area7-s1-q13,PMP - BOOK 8/7. Partes interessadas e transferência de conhecimento/1/Gabarito - 7.1.txt,7. Partes interessadas e transferência de conhecimento/1/13.png,Sim,Sim,Sim,multiple_selection,Nenhum,Conteúdo preservado,Nenhuma,PMP - BOOK 8/7. Partes interessadas e transferência de conhecimento/1/Gabarito - 7.1.txt,alta
area7-s2-q1,PMP - BOOK 8/7. Partes interessadas e transferência de conhecimento/2/Gabarito - 7.2.txt,7. Partes interessadas e transferência de conhecimento/2/1.png,Sim,Sim,Sim,matching,Nenhum,Associação estruturada a partir dos pares da fonte,Nenhuma,PMP - BOOK 8/7. Partes interessadas e transferência de conhecimento/2/Gabarito - 7.2.txt,alta
area7-s2-q2,PMP - BOOK 8/7. Partes interessadas e transferência de conhecimento/2/Gabarito - 7.2.txt,7. Partes interessadas e transferência de conhecimento/2/2.png,Sim,Sim,Sim,multiple_choice,Nenhum,Conteúdo preservado,Nenhuma,PMP - BOOK 8/7. Partes interessadas e transferência de conhecimento/2/Gabarito - 7.2.txt,alta
area7-s2-q3,PMP - BOOK 8/7. Partes interessadas e transferência de conhecimento/2/Gabarito - 7.2.txt,7. Partes interessadas e transferência de conhecimento/2/3.png,Sim,Sim,Sim,multiple_choice,Nenhum,Conteúdo preservado,Nenhuma,PMP - BOOK 8/7. Partes interessadas e transferência de conhecimento/2/Gabarito - 7.2.txt,alta
area7-s2-q4,PMP - BOOK 8/7. Partes interessadas e transferência de conhecimento/2/Gabarito - 7.2.txt,7. Partes interessadas e transferência de conhecimento/2/4.png,Sim,Sim,Sim,multiple_selection,Nenhum,Conteúdo preservado,Nenhuma,PMP - BOOK 8/7. Partes interessadas e transferência de conhecimento/2/Gabarito - 7.2.txt,alta
area7-s2-q5,PMP - BOOK 8/7. Partes interessadas e transferência de conhecimento/2/Gabarito - 7.2.txt,7. Partes interessadas e transferência de conhecimento/2/5.png,Sim,Sim,Sim,multiple_choice,Nenhum,Conteúdo preservado,Nenhuma,PMP - BOOK 8/7. Partes interessadas e transferência de conhecimento/2/Gabarito - 7.2.txt,alta
area7-s2-q6,PMP - BOOK 8/7. Partes interessadas e transferência de conhecimento/2/Gabarito - 7.2.txt,7. Partes interessadas e transferência de conhecimento/2/6.png,Sim,Sim,Sim,multiple_choice,Nenhum,Conteúdo preservado,Nenhuma,PMP - BOOK 8/7. Partes interessadas e transferência de conhecimento/2/Gabarito - 7.2.txt,alta
area7-s2-q7,PMP - BOOK 8/7. Partes interessadas e transferência de conhecimento/2/Gabarito - 7.2.txt,7. Partes interessadas e transferência de conhecimento/2/7.png,Sim,Sim,Sim,multiple_choice,Nenhum,Conteúdo preservado,Nenhuma,PMP - BOOK 8/7. Partes interessadas e transferência de conhecimento/2/Gabarito - 7.2.txt,alta
area7-s2-q8,PMP - BOOK 8/7. Partes interessadas e transferência de conhecimento/2/Gabarito - 7.2.txt,7. Partes interessadas e transferência de conhecimento/2/8.png,Sim,Sim,Sim,multiple_choice,Nenhum,Conteúdo preservado,Nenhuma,PMP - BOOK 8/7. Partes interessadas e transferência de conhecimento/2/Gabarito - 7.2.txt,alta
area7-s2-q9,PMP - BOOK 8/7. Partes interessadas e transferência de conhecimento/2/Gabarito - 7.2.txt,7. Partes interessadas e transferência de conhecimento/2/9.png,Sim,Sim,Sim,multiple_choice,Nenhum,Conteúdo preservado,Nenhuma,PMP - BOOK 8/7. Partes interessadas e transferência de conhecimento/2/Gabarito - 7.2.txt,alta
area7-s2-q10,PMP - BOOK 8/7. Partes interessadas e transferência de conhecimento/2/Gabarito - 7.2.txt,7. Partes interessadas e transferência de conhecimento/2/10.png,Sim,Sim,Sim,multiple_choice,Tabela de consulta estava linearizada no TXT,Tabela reconstruída em HTML semântico e conferida com a imagem,Nenhuma,7. Partes interessadas e transferência de conhecimento/2/10.png,high
area7-s2-q11,PMP - BOOK 8/7. Partes interessadas e transferência de conhecimento/2/Gabarito - 7.2.txt,7. Partes interessadas e transferência de conhecimento/2/11.png,Sim,Sim,Sim,multiple_choice,Nenhum,Conteúdo preservado,Nenhuma,PMP - BOOK 8/7. Partes interessadas e transferência de conhecimento/2/Gabarito - 7.2.txt,alta
area7-s2-q12,PMP - BOOK 8/7. Partes interessadas e transferência de conhecimento/2/Gabarito - 7.2.txt,7. Partes interessadas e transferência de conhecimento/2/12.png,Sim,Sim,Sim,multiple_choice,Nenhum,Conteúdo preservado,Nenhuma,PMP - BOOK 8/7. Partes interessadas e transferência de conhecimento/2/Gabarito - 7.2.txt,alta
area7-s3-q1,PMP - BOOK 8/7. Partes interessadas e transferência de conhecimento/3/Gabarito - 7.3.txt,7. Partes interessadas e transferência de conhecimento/3/1.png,Sim,Sim,Sim,multiple_choice,Nenhum,Conteúdo preservado,Nenhuma,PMP - BOOK 8/7. Partes interessadas e transferência de conhecimento/3/Gabarito - 7.3.txt,alta
area7-s3-q2,PMP - BOOK 8/7. Partes interessadas e transferência de conhecimento/3/Gabarito - 7.3.txt,7. Partes interessadas e transferência de conhecimento/3/2.png,Sim,Sim,Sim,multiple_choice,Nenhum,Conteúdo preservado,Nenhuma,PMP - BOOK 8/7. Partes interessadas e transferência de conhecimento/3/Gabarito - 7.3.txt,alta
area7-s3-q3,PMP - BOOK 8/7. Partes interessadas e transferência de conhecimento/3/Gabarito - 7.3.txt,7. Partes interessadas e transferência de conhecimento/3/3.png,Sim,Sim,Sim,multiple_choice,Nenhum,Conteúdo preservado,Nenhuma,PMP - BOOK 8/7. Partes interessadas e transferência de conhecimento/3/Gabarito - 7.3.txt,alta
area7-s3-q4,PMP - BOOK 8/7. Partes interessadas e transferência de conhecimento/3/Gabarito - 7.3.txt,7. Partes interessadas e transferência de conhecimento/3/4.png,Sim,Sim,Sim,multiple_choice,Nenhum,Conteúdo preservado,Nenhuma,PMP - BOOK 8/7. Partes interessadas e transferência de conhecimento/3/Gabarito - 7.3.txt,alta
area7-s3-q5,PMP - BOOK 8/7. Partes interessadas e transferência de conhecimento/3/Gabarito - 7.3.txt,7. Partes interessadas e transferência de conhecimento/3/5.png,Sim,Sim,Sim,multiple_choice,Nenhum,Conteúdo preservado,Nenhuma,PMP - BOOK 8/7. Partes interessadas e transferência de conhecimento/3/Gabarito - 7.3.txt,alta
area7-s3-q6,PMP - BOOK 8/7. Partes interessadas e transferência de conhecimento/3/Gabarito - 7.3.txt,7. Partes interessadas e transferência de conhecimento/3/6.png,Sim,Sim,Sim,multiple_choice,Nenhum,Conteúdo preservado,Nenhuma,PMP - BOOK 8/7. Partes interessadas e transferência de conhecimento/3/Gabarito - 7.3.txt,alta
area7-s3-q7,PMP - BOOK 8/7. Partes interessadas e transferência de conhecimento/3/Gabarito - 7.3.txt,7. Partes interessadas e transferência de conhecimento/3/7.png,Sim,Sim,Sim,multiple_choice,Nenhum,Conteúdo preservado,Nenhuma,PMP - BOOK 8/7. Partes interessadas e transferência de conhecimento/3/Gabarito - 7.3.txt,alta
area7-s3-q8,PMP - BOOK 8/7. Partes interessadas e transferência de conhecimento/3/Gabarito - 7.3.txt,7. Partes interessadas e transferência de conhecimento/3/8.png,Sim,Sim,Sim,multiple_choice,Nenhum,Conteúdo preservado,Nenhuma,PMP - BOOK 8/7. Partes interessadas e transferência de conhecimento/3/Gabarito - 7.3.txt,alta
area7-s3-q9,PMP - BOOK 8/7. Partes interessadas e transferência de conhecimento/3/Gabarito - 7.3.txt,7. Partes interessadas e transferência de conhecimento/3/9.png,Sim,Sim,Sim,multiple_choice,Nenhum,Conteúdo preservado,Nenhuma,PMP - BOOK 8/7. Partes interessadas e transferência de conhecimento/3/Gabarito - 7.3.txt,alta
area7-s3-q10,PMP - BOOK 8/7. Partes interessadas e transferência de conhecimento/3/Gabarito - 7.3.txt,7. Partes interessadas e transferência de conhecimento/3/10.png,Sim,Sim,Sim,multiple_choice,Nenhum,Conteúdo preservado,Nenhuma,PMP - BOOK 8/7. Partes interessadas e transferência de conhecimento/3/Gabarito - 7.3.txt,alta
area7-s3-q11,PMP - BOOK 8/7. Partes interessadas e transferência de conhecimento/3/Gabarito - 7.3.txt,7. Partes interessadas e transferência de conhecimento/3/11.png,Sim,Sim,Sim,multiple_choice,Nenhum,Conteúdo preservado,Nenhuma,PMP - BOOK 8/7. Partes interessadas e transferência de conhecimento/3/Gabarito - 7.3.txt,alta
area7-s3-q12,PMP - BOOK 8/7. Partes interessadas e transferência de conhecimento/3/Gabarito - 7.3.txt,7. Partes interessadas e transferência de conhecimento/3/12.png,Sim,Sim,Sim,multiple_choice,Nenhum,Conteúdo preservado,Nenhuma,PMP - BOOK 8/7. Partes interessadas e transferência de conhecimento/3/Gabarito - 7.3.txt,alta
area7-s3-q13,PMP - BOOK 8/7. Partes interessadas e transferência de conhecimento/3/Gabarito - 7.3.txt,7. Partes interessadas e transferência de conhecimento/3/13.png,Sim,Sim,Sim,multiple_choice,Nenhum,Conteúdo preservado,Nenhuma,PMP - BOOK 8/7. Partes interessadas e transferência de conhecimento/3/Gabarito - 7.3.txt,alta
area7-s4-q1,PMP - BOOK 8/7. Partes interessadas e transferência de conhecimento/4/Gabarito - 7.4.txt,7. Partes interessadas e transferência de conhecimento/4/1.png,Sim,Sim,Sim,multiple_choice,Nenhum,Conteúdo preservado,Nenhuma,PMP - BOOK 8/7. Partes interessadas e transferência de conhecimento/4/Gabarito - 7.4.txt,alta
area7-s4-q2,PMP - BOOK 8/7. Partes interessadas e transferência de conhecimento/4/Gabarito - 7.4.txt,7. Partes interessadas e transferência de conhecimento/4/2.png,Sim,Sim,Sim,multiple_choice,Nenhum,Conteúdo preservado,Nenhuma,PMP - BOOK 8/7. Partes interessadas e transferência de conhecimento/4/Gabarito - 7.4.txt,alta
area7-s4-q3,PMP - BOOK 8/7. Partes interessadas e transferência de conhecimento/4/Gabarito - 7.4.txt,7. Partes interessadas e transferência de conhecimento/4/3.png,Sim,Sim,Sim,multiple_choice,Nenhum,Conteúdo preservado,Nenhuma,PMP - BOOK 8/7. Partes interessadas e transferência de conhecimento/4/Gabarito - 7.4.txt,alta
area7-s4-q4,PMP - BOOK 8/7. Partes interessadas e transferência de conhecimento/4/Gabarito - 7.4.txt,7. Partes interessadas e transferência de conhecimento/4/4.png,Sim,Sim,Sim,multiple_choice,Nenhum,Conteúdo preservado,Nenhuma,PMP - BOOK 8/7. Partes interessadas e transferência de conhecimento/4/Gabarito - 7.4.txt,alta
area7-s4-q5,PMP - BOOK 8/7. Partes interessadas e transferência de conhecimento/4/Gabarito - 7.4.txt,7. Partes interessadas e transferência de conhecimento/4/5.png,Sim,Sim,Sim,multiple_selection,Nenhum,Conteúdo preservado,Nenhuma,PMP - BOOK 8/7. Partes interessadas e transferência de conhecimento/4/Gabarito - 7.4.txt,alta
area7-s4-q6,PMP - BOOK 8/7. Partes interessadas e transferência de conhecimento/4/Gabarito - 7.4.txt,7. Partes interessadas e transferência de conhecimento/4/6.png,Sim,Sim,Sim,multiple_choice,Nenhum,Conteúdo preservado,Nenhuma,PMP - BOOK 8/7. Partes interessadas e transferência de conhecimento/4/Gabarito - 7.4.txt,alta
area7-s4-q7,PMP - BOOK 8/7. Partes interessadas e transferência de conhecimento/4/Gabarito - 7.4.txt,7. Partes interessadas e transferência de conhecimento/4/7.png,Sim,Sim,Sim,multiple_selection,Nenhum,Conteúdo preservado,Nenhuma,PMP - BOOK 8/7. Partes interessadas e transferência de conhecimento/4/Gabarito - 7.4.txt,alta
area7-s4-q8,PMP - BOOK 8/7. Partes interessadas e transferência de conhecimento/4/Gabarito - 7.4.txt,7. Partes interessadas e transferência de conhecimento/4/8.png,Sim,Sim,Sim,multiple_choice,Nenhum,Conteúdo preservado,Nenhuma,PMP - BOOK 8/7. Partes interessadas e transferência de conhecimento/4/Gabarito - 7.4.txt,alta
area7-s4-q9,PMP - BOOK 8/7. Partes interessadas e transferência de conhecimento/4/Gabarito - 7.4.txt,7. Partes interessadas e transferência de conhecimento/4/9.png,Sim,Sim,Sim,multiple_choice,Nenhum,Conteúdo preservado,Nenhuma,PMP - BOOK 8/7. Partes interessadas e transferência de conhecimento/4/Gabarito - 7.4.txt,alta
area7-s4-q10,PMP - BOOK 8/7. Partes interessadas e transferência de conhecimento/4/Gabarito - 7.4.txt,7. Partes interessadas e transferência de conhecimento/4/10.png,Sim,Sim,Sim,multiple_choice,Nenhum,Conteúdo preservado,Nenhuma,PMP - BOOK 8/7. Partes interessadas e transferência de conhecimento/4/Gabarito - 7.4.txt,alta
area7-s4-q11,PMP - BOOK 8/7. Partes interessadas e transferência de conhecimento/4/Gabarito - 7.4.txt,7. Partes interessadas e transferência de conhecimento/4/11.png,Sim,Sim,Sim,multiple_choice,Nenhum,Conteúdo preservado,Nenhuma,PMP - BOOK 8/7. Partes interessadas e transferência de conhecimento/4/Gabarito - 7.4.txt,alta
area7-s4-q12,PMP - BOOK 8/7. Partes interessadas e transferência de conhecimento/4/Gabarito - 7.4.txt,7. Partes interessadas e transferência de conhecimento/4/12.png,Sim,Sim,Sim,multiple_choice,Nenhum,Conteúdo preservado,Nenhuma,PMP - BOOK 8/7. Partes interessadas e transferência de conhecimento/4/Gabarito - 7.4.txt,alta
area7-s4-q13,PMP - BOOK 8/7. Partes interessadas e transferência de conhecimento/4/Gabarito - 7.4.txt,7. Partes interessadas e transferência de conhecimento/4/13.png,Sim,Sim,Sim,multiple_choice,Nenhum,Conteúdo preservado,Nenhuma,PMP - BOOK 8/7. Partes interessadas e transferência de conhecimento/4/Gabarito - 7.4.txt,alta
area7-s5-q1,PMP - BOOK 8/7. Partes interessadas e transferência de conhecimento/5/Gabarito - 7.5.txt,7. Partes interessadas e transferência de conhecimento/5/1.png,Sim,Sim,Sim,multiple_choice,Nenhum,Conteúdo preservado,Nenhuma,PMP - BOOK 8/7. Partes interessadas e transferência de conhecimento/5/Gabarito - 7.5.txt,alta
area7-s5-q2,PMP - BOOK 8/7. Partes interessadas e transferência de conhecimento/5/Gabarito - 7.5.txt,7. Partes interessadas e transferência de conhecimento/5/2.png,Sim,Sim,Sim,multiple_choice,Nenhum,Conteúdo preservado,Nenhuma,PMP - BOOK 8/7. Partes interessadas e transferência de conhecimento/5/Gabarito - 7.5.txt,alta
area7-s5-q3,PMP - BOOK 8/7. Partes interessadas e transferência de conhecimento/5/Gabarito - 7.5.txt,7. Partes interessadas e transferência de conhecimento/5/3.png,Sim,Sim,Sim,multiple_choice,Nenhum,Conteúdo preservado,Nenhuma,PMP - BOOK 8/7. Partes interessadas e transferência de conhecimento/5/Gabarito - 7.5.txt,alta
area7-s5-q4,PMP - BOOK 8/7. Partes interessadas e transferência de conhecimento/5/Gabarito - 7.5.txt,7. Partes interessadas e transferência de conhecimento/5/4.png,Sim,Sim,Sim,multiple_choice,Nenhum,Conteúdo preservado,Nenhuma,PMP - BOOK 8/7. Partes interessadas e transferência de conhecimento/5/Gabarito - 7.5.txt,alta
area7-s5-q5,PMP - BOOK 8/7. Partes interessadas e transferência de conhecimento/5/Gabarito - 7.5.txt,7. Partes interessadas e transferência de conhecimento/5/5.png,Sim,Sim,Sim,multiple_choice,Nenhum,Conteúdo preservado,Nenhuma,PMP - BOOK 8/7. Partes interessadas e transferência de conhecimento/5/Gabarito - 7.5.txt,alta
area7-s5-q6,PMP - BOOK 8/7. Partes interessadas e transferência de conhecimento/5/Gabarito - 7.5.txt,7. Partes interessadas e transferência de conhecimento/5/6.png,Sim,Sim,Sim,multiple_choice,Nenhum,Conteúdo preservado,Nenhuma,PMP - BOOK 8/7. Partes interessadas e transferência de conhecimento/5/Gabarito - 7.5.txt,alta
area7-s5-q7,PMP - BOOK 8/7. Partes interessadas e transferência de conhecimento/5/Gabarito - 7.5.txt,7. Partes interessadas e transferência de conhecimento/5/7.png,Sim,Sim,Sim,multiple_choice,Nenhum,Conteúdo preservado,Nenhuma,PMP - BOOK 8/7. Partes interessadas e transferência de conhecimento/5/Gabarito - 7.5.txt,alta
area7-s5-q8,PMP - BOOK 8/7. Partes interessadas e transferência de conhecimento/5/Gabarito - 7.5.txt,7. Partes interessadas e transferência de conhecimento/5/8.png,Sim,Sim,Sim,multiple_selection,Nenhum,Conteúdo preservado,Nenhuma,PMP - BOOK 8/7. Partes interessadas e transferência de conhecimento/5/Gabarito - 7.5.txt,alta
area7-s5-q9,PMP - BOOK 8/7. Partes interessadas e transferência de conhecimento/5/Gabarito - 7.5.txt,7. Partes interessadas e transferência de conhecimento/5/9.png,Sim,Sim,Sim,multiple_selection,Nenhum,Conteúdo preservado,Nenhuma,PMP - BOOK 8/7. Partes interessadas e transferência de conhecimento/5/Gabarito - 7.5.txt,alta
area7-s5-q10,PMP - BOOK 8/7. Partes interessadas e transferência de conhecimento/5/Gabarito - 7.5.txt,7. Partes interessadas e transferência de conhecimento/5/10.png,Sim,Sim,Sim,multiple_choice,Nenhum,Conteúdo preservado,Nenhuma,PMP - BOOK 8/7. Partes interessadas e transferência de conhecimento/5/Gabarito - 7.5.txt,alta
area7-s5-q11,PMP - BOOK 8/7. Partes interessadas e transferência de conhecimento/5/Gabarito - 7.5.txt,7. Partes interessadas e transferência de conhecimento/5/11.png,Sim,Sim,Sim,multiple_choice,Nenhum,Conteúdo preservado,Nenhuma,PMP - BOOK 8/7. Partes interessadas e transferência de conhecimento/5/Gabarito - 7.5.txt,alta
area7-s5-q12,PMP - BOOK 8/7. Partes interessadas e transferência de conhecimento/5/Gabarito - 7.5.txt,7. Partes interessadas e transferência de conhecimento/5/12.png,Sim,Sim,Sim,multiple_choice,Nenhum,Conteúdo preservado,Nenhuma,PMP - BOOK 8/7. Partes interessadas e transferência de conhecimento/5/Gabarito - 7.5.txt,alta
area7-s5-q13,PMP - BOOK 8/7. Partes interessadas e transferência de conhecimento/5/Gabarito - 7.5.txt,7. Partes interessadas e transferência de conhecimento/5/13.png,Sim,Sim,Sim,multiple_selection,Nenhum,Conteúdo preservado,Nenhuma,PMP - BOOK 8/7. Partes interessadas e transferência de conhecimento/5/Gabarito - 7.5.txt,alta
area7-s6-q1,PMP - BOOK 8/7. Partes interessadas e transferência de conhecimento/6/Gabarito - 7.6.txt,7. Partes interessadas e transferência de conhecimento/6/1.png,Sim,Sim,Sim,multiple_choice,Nenhum,Conteúdo preservado,Nenhuma,PMP - BOOK 8/7. Partes interessadas e transferência de conhecimento/6/Gabarito - 7.6.txt,alta
area7-s6-q2,PMP - BOOK 8/7. Partes interessadas e transferência de conhecimento/6/Gabarito - 7.6.txt,7. Partes interessadas e transferência de conhecimento/6/2.png,Sim,Sim,Sim,multiple_choice,Nenhum,Conteúdo preservado,Nenhuma,PMP - BOOK 8/7. Partes interessadas e transferência de conhecimento/6/Gabarito - 7.6.txt,alta
area7-s6-q3,PMP - BOOK 8/7. Partes interessadas e transferência de conhecimento/6/Gabarito - 7.6.txt,7. Partes interessadas e transferência de conhecimento/6/3.png,Sim,Sim,Sim,multiple_selection,Nenhum,Conteúdo preservado,Nenhuma,PMP - BOOK 8/7. Partes interessadas e transferência de conhecimento/6/Gabarito - 7.6.txt,alta
area7-s6-q4,PMP - BOOK 8/7. Partes interessadas e transferência de conhecimento/6/Gabarito - 7.6.txt,7. Partes interessadas e transferência de conhecimento/6/4.png,Sim,Sim,Sim,multiple_choice,Nenhum,Conteúdo preservado,Nenhuma,PMP - BOOK 8/7. Partes interessadas e transferência de conhecimento/6/Gabarito - 7.6.txt,alta
area7-s6-q5,PMP - BOOK 8/7. Partes interessadas e transferência de conhecimento/6/Gabarito - 7.6.txt,7. Partes interessadas e transferência de conhecimento/6/5.png,Sim,Sim,Sim,multiple_choice,Nenhum,Conteúdo preservado,Nenhuma,PMP - BOOK 8/7. Partes interessadas e transferência de conhecimento/6/Gabarito - 7.6.txt,alta
area7-s6-q6,PMP - BOOK 8/7. Partes interessadas e transferência de conhecimento/6/Gabarito - 7.6.txt,7. Partes interessadas e transferência de conhecimento/6/6.png,Sim,Sim,Sim,multiple_choice,Nenhum,Conteúdo preservado,Nenhuma,PMP - BOOK 8/7. Partes interessadas e transferência de conhecimento/6/Gabarito - 7.6.txt,alta
area7-s6-q7,PMP - BOOK 8/7. Partes interessadas e transferência de conhecimento/6/Gabarito - 7.6.txt,7. Partes interessadas e transferência de conhecimento/6/7.png,Sim,Sim,Sim,multiple_choice,Nenhum,Conteúdo preservado,Nenhuma,PMP - BOOK 8/7. Partes interessadas e transferência de conhecimento/6/Gabarito - 7.6.txt,alta
area7-s6-q8,PMP - BOOK 8/7. Partes interessadas e transferência de conhecimento/6/Gabarito - 7.6.txt,7. Partes interessadas e transferência de conhecimento/6/8.png,Sim,Sim,Sim,multiple_choice,Nenhum,Conteúdo preservado,Nenhuma,PMP - BOOK 8/7. Partes interessadas e transferência de conhecimento/6/Gabarito - 7.6.txt,alta
area7-s6-q9,PMP - BOOK 8/7. Partes interessadas e transferência de conhecimento/6/Gabarito - 7.6.txt,7. Partes interessadas e transferência de conhecimento/6/9.png,Sim,Sim,Sim,multiple_choice,Nenhum,Conteúdo preservado,Nenhuma,PMP - BOOK 8/7. Partes interessadas e transferência de conhecimento/6/Gabarito - 7.6.txt,alta
area7-s6-q10,PMP - BOOK 8/7. Partes interessadas e transferência de conhecimento/6/Gabarito - 7.6.txt,7. Partes interessadas e transferência de conhecimento/6/10.png,Sim,Sim,Sim,multiple_choice,Nenhum,Conteúdo preservado,Nenhuma,PMP - BOOK 8/7. Partes interessadas e transferência de conhecimento/6/Gabarito - 7.6.txt,alta
area7-s6-q11,PMP - BOOK 8/7. Partes interessadas e transferência de conhecimento/6/Gabarito - 7.6.txt,7. Partes interessadas e transferência de conhecimento/6/11.png,Sim,Sim,Sim,multiple_selection,Nenhum,Conteúdo preservado,Nenhuma,PMP - BOOK 8/7. Partes interessadas e transferência de conhecimento/6/Gabarito - 7.6.txt,alta
area7-s6-q12,PMP - BOOK 8/7. Partes interessadas e transferência de conhecimento/6/Gabarito - 7.6.txt,7. Partes interessadas e transferência de conhecimento/6/12.png,Sim,Sim,Sim,multiple_choice,Nenhum,Conteúdo preservado,Nenhuma,PMP - BOOK 8/7. Partes interessadas e transferência de conhecimento/6/Gabarito - 7.6.txt,alta
area7-s6-q13,PMP - BOOK 8/7. Partes interessadas e transferência de conhecimento/6/Gabarito - 7.6.txt,7. Partes interessadas e transferência de conhecimento/6/13.png,Sim,Sim,Sim,multiple_choice,Nenhum,Conteúdo preservado,Nenhuma,PMP - BOOK 8/7. Partes interessadas e transferência de conhecimento/6/Gabarito - 7.6.txt,alta
area7-s6-q14,PMP - BOOK 8/7. Partes interessadas e transferência de conhecimento/6/Gabarito - 7.6.txt,7. Partes interessadas e transferência de conhecimento/6/14.png,Sim,Sim,Sim,multiple_choice,Nenhum,Conteúdo preservado,Nenhuma,PMP - BOOK 8/7. Partes interessadas e transferência de conhecimento/6/Gabarito - 7.6.txt,alta
area7-s7-q1,PMP - BOOK 8/7. Partes interessadas e transferência de conhecimento/7/Gabarito - 7.7.txt,7. Partes interessadas e transferência de conhecimento/7/1.png,Sim,Sim,Sim,multiple_choice,Nenhum,Conteúdo preservado,Nenhuma,PMP - BOOK 8/7. Partes interessadas e transferência de conhecimento/7/Gabarito - 7.7.txt,alta
area7-s7-q2,PMP - BOOK 8/7. Partes interessadas e transferência de conhecimento/7/Gabarito - 7.7.txt,7. Partes interessadas e transferência de conhecimento/7/2.png,Sim,Sim,Sim,multiple_choice,Nenhum,Conteúdo preservado,Nenhuma,PMP - BOOK 8/7. Partes interessadas e transferência de conhecimento/7/Gabarito - 7.7.txt,alta
area7-s7-q3,PMP - BOOK 8/7. Partes interessadas e transferência de conhecimento/7/Gabarito - 7.7.txt,7. Partes interessadas e transferência de conhecimento/7/3.png,Sim,Sim,Sim,image_hotspot,Captura continha interface e/ou marcação de gabarito imprópria para publicação,Diagrama recriado em HTML/CSS com zonas estáveis e acessíveis,Nenhuma,7. Partes interessadas e transferência de conhecimento/7/3.png; 7. Partes interessadas e transferência de conhecimento/7/Gabarito - 7.7.png,high
area7-s7-q4,PMP - BOOK 8/7. Partes interessadas e transferência de conhecimento/7/Gabarito - 7.7.txt,7. Partes interessadas e transferência de conhecimento/7/4.png,Sim,Sim,Sim,multiple_choice,Nenhum,Conteúdo preservado,Nenhuma,PMP - BOOK 8/7. Partes interessadas e transferência de conhecimento/7/Gabarito - 7.7.txt,alta
area7-s7-q5,PMP - BOOK 8/7. Partes interessadas e transferência de conhecimento/7/Gabarito - 7.7.txt,7. Partes interessadas e transferência de conhecimento/7/5.png,Sim,Sim,Sim,multiple_choice,Nenhum,Conteúdo preservado,Nenhuma,PMP - BOOK 8/7. Partes interessadas e transferência de conhecimento/7/Gabarito - 7.7.txt,alta
area7-s7-q6,PMP - BOOK 8/7. Partes interessadas e transferência de conhecimento/7/Gabarito - 7.7.txt,7. Partes interessadas e transferência de conhecimento/7/6.png,Sim,Sim,Sim,multiple_choice,Nenhum,Conteúdo preservado,Nenhuma,PMP - BOOK 8/7. Partes interessadas e transferência de conhecimento/7/Gabarito - 7.7.txt,alta
area7-s7-q7,PMP - BOOK 8/7. Partes interessadas e transferência de conhecimento/7/Gabarito - 7.7.txt,7. Partes interessadas e transferência de conhecimento/7/7.png,Sim,Sim,Sim,multiple_choice,Nenhum,Conteúdo preservado,Nenhuma,PMP - BOOK 8/7. Partes interessadas e transferência de conhecimento/7/Gabarito - 7.7.txt,alta
area7-s7-q8,PMP - BOOK 8/7. Partes interessadas e transferência de conhecimento/7/Gabarito - 7.7.txt,7. Partes interessadas e transferência de conhecimento/7/8.png,Sim,Sim,Sim,multiple_choice,Nenhum,Conteúdo preservado,Nenhuma,PMP - BOOK 8/7. Partes interessadas e transferência de conhecimento/7/Gabarito - 7.7.txt,alta
area7-s7-q9,PMP - BOOK 8/7. Partes interessadas e transferência de conhecimento/7/Gabarito - 7.7.txt,7. Partes interessadas e transferência de conhecimento/7/9.png,Sim,Sim,Sim,multiple_choice,Nenhum,Conteúdo preservado,Nenhuma,PMP - BOOK 8/7. Partes interessadas e transferência de conhecimento/7/Gabarito - 7.7.txt,alta
area7-s7-q10,PMP - BOOK 8/7. Partes interessadas e transferência de conhecimento/7/Gabarito - 7.7.txt,7. Partes interessadas e transferência de conhecimento/7/10.png,Sim,Sim,Sim,multiple_choice,Nenhum,Conteúdo preservado,Nenhuma,PMP - BOOK 8/7. Partes interessadas e transferência de conhecimento/7/Gabarito - 7.7.txt,alta
area7-s7-q11,PMP - BOOK 8/7. Partes interessadas e transferência de conhecimento/7/Gabarito - 7.7.txt,7. Partes interessadas e transferência de conhecimento/7/11.png,Sim,Sim,Sim,multiple_choice,Tabela de consulta estava linearizada no TXT,Tabela reconstruída em HTML semântico e conferida com a imagem,Nenhuma,7. Partes interessadas e transferência de conhecimento/7/11.png,high
area7-s7-q12,PMP - BOOK 8/7. Partes interessadas e transferência de conhecimento/7/Gabarito - 7.7.txt,7. Partes interessadas e transferência de conhecimento/7/12.png,Sim,Sim,Sim,multiple_choice,Nenhum,Conteúdo preservado,Nenhuma,PMP - BOOK 8/7. Partes interessadas e transferência de conhecimento/7/Gabarito - 7.7.txt,alta
area7-s8-q1,7. Partes interessadas e transferência de conhecimento/8/Gabarito - 7.8.txt,7. Partes interessadas e transferência de conhecimento/8/1.png,Sim,Sim,Sim,multiple_choice,Nenhum,Conteúdo preservado,Nenhuma,7. Partes interessadas e transferência de conhecimento/8/1.png,high
area7-s8-q2,7. Partes interessadas e transferência de conhecimento/8/Gabarito - 7.8.txt,7. Partes interessadas e transferência de conhecimento/8/2.png,Sim,Sim,Sim,multiple_choice,Nenhum,Conteúdo preservado,Nenhuma,7. Partes interessadas e transferência de conhecimento/8/2.png,high
area7-s8-q3,7. Partes interessadas e transferência de conhecimento/8/Gabarito - 7.8.txt,7. Partes interessadas e transferência de conhecimento/8/3.png,Sim,Sim,Sim,image_hotspot,Captura continha interface e/ou marcação de gabarito imprópria para publicação,Diagrama recriado em HTML/CSS com zonas estáveis e acessíveis,Nenhuma,7. Partes interessadas e transferência de conhecimento/8/3.png; 7. Partes interessadas e transferência de conhecimento/8/Gabarito - 7.8.png,high
area7-s8-q4,7. Partes interessadas e transferência de conhecimento/8/Gabarito - 7.8.txt,7. Partes interessadas e transferência de conhecimento/8/4.png,Sim,Sim,Sim,multiple_choice,Nenhum,Conteúdo preservado,Nenhuma,7. Partes interessadas e transferência de conhecimento/8/4.png,high
area7-s8-q5,7. Partes interessadas e transferência de conhecimento/8/Gabarito - 7.8.txt,7. Partes interessadas e transferência de conhecimento/8/5.png,Sim,Sim,Sim,multiple_choice,Nenhum,Conteúdo preservado,Nenhuma,7. Partes interessadas e transferência de conhecimento/8/5.png,high
area7-s8-q6,7. Partes interessadas e transferência de conhecimento/8/Gabarito - 7.8.txt,7. Partes interessadas e transferência de conhecimento/8/6.png,Sim,Sim,Sim,multiple_choice,Nenhum,Conteúdo preservado,Nenhuma,7. Partes interessadas e transferência de conhecimento/8/6.png,high
area7-s8-q7,7. Partes interessadas e transferência de conhecimento/8/Gabarito - 7.8.txt,7. Partes interessadas e transferência de conhecimento/8/7.png,Sim,Sim,Sim,multiple_choice,Nenhum,Conteúdo preservado,Nenhuma,7. Partes interessadas e transferência de conhecimento/8/7.png,high
area7-s8-q8,7. Partes interessadas e transferência de conhecimento/8/Gabarito - 7.8.txt,7. Partes interessadas e transferência de conhecimento/8/8.png,Sim,Sim,Sim,multiple_choice,Nenhum,Conteúdo preservado,Nenhuma,7. Partes interessadas e transferência de conhecimento/8/8.png,high
area7-s8-q9,7. Partes interessadas e transferência de conhecimento/8/Gabarito - 7.8.txt,7. Partes interessadas e transferência de conhecimento/8/9.png,Sim,Sim,Sim,multiple_choice,Nenhum,Conteúdo preservado,Nenhuma,7. Partes interessadas e transferência de conhecimento/8/9.png,high
area7-s8-q10,7. Partes interessadas e transferência de conhecimento/8/Gabarito - 7.8.txt,7. Partes interessadas e transferência de conhecimento/8/10.png,Sim,Sim,Sim,multiple_choice,Nenhum,Conteúdo preservado,Nenhuma,7. Partes interessadas e transferência de conhecimento/8/10.png,high
area7-s8-q11,7. Partes interessadas e transferência de conhecimento/8/Gabarito - 7.8.txt,7. Partes interessadas e transferência de conhecimento/8/11.png,Sim,Sim,Sim,multiple_choice,Nenhum,Conteúdo preservado,Nenhuma,7. Partes interessadas e transferência de conhecimento/8/11.png,high
area7-s8-q12,7. Partes interessadas e transferência de conhecimento/8/Gabarito - 7.8.txt,7. Partes interessadas e transferência de conhecimento/8/12.png,Sim,Sim,Sim,multiple_choice,Nenhum,Conteúdo preservado,Nenhuma,7. Partes interessadas e transferência de conhecimento/8/12.png,high
area7-s8-q13,7. Partes interessadas e transferência de conhecimento/8/Gabarito - 7.8.txt,7. Partes interessadas e transferência de conhecimento/8/13.png,Sim,Sim,Sim,multiple_choice,Nenhum,Conteúdo preservado,Nenhuma,7. Partes interessadas e transferência de conhecimento/8/13.png,high
area7-s9-q1,PMP - BOOK 8/7. Partes interessadas e transferência de conhecimento/9/Gabarito - 7.9.txt,7. Partes interessadas e transferência de conhecimento/9/1.png,Sim,Sim,Sim,multiple_choice,Nenhum,Conteúdo preservado,Nenhuma,PMP - BOOK 8/7. Partes interessadas e transferência de conhecimento/9/Gabarito - 7.9.txt,alta
area7-s9-q2,PMP - BOOK 8/7. Partes interessadas e transferência de conhecimento/9/Gabarito - 7.9.txt,7. Partes interessadas e transferência de conhecimento/9/2.png,Sim,Sim,Sim,multiple_choice,Nenhum,Conteúdo preservado,Nenhuma,PMP - BOOK 8/7. Partes interessadas e transferência de conhecimento/9/Gabarito - 7.9.txt,alta
area7-s9-q3,PMP - BOOK 8/7. Partes interessadas e transferência de conhecimento/9/Gabarito - 7.9.txt,7. Partes interessadas e transferência de conhecimento/9/3.png,Sim,Sim,Sim,multiple_choice,Nenhum,Conteúdo preservado,Nenhuma,PMP - BOOK 8/7. Partes interessadas e transferência de conhecimento/9/Gabarito - 7.9.txt,alta
area7-s9-q4,PMP - BOOK 8/7. Partes interessadas e transferência de conhecimento/9/Gabarito - 7.9.txt,7. Partes interessadas e transferência de conhecimento/9/4.png,Sim,Sim,Sim,multiple_choice,Nenhum,Conteúdo preservado,Nenhuma,PMP - BOOK 8/7. Partes interessadas e transferência de conhecimento/9/Gabarito - 7.9.txt,alta
area7-s9-q5,PMP - BOOK 8/7. Partes interessadas e transferência de conhecimento/9/Gabarito - 7.9.txt,7. Partes interessadas e transferência de conhecimento/9/5.png,Sim,Sim,Sim,multiple_choice,Nenhum,Conteúdo preservado,Nenhuma,PMP - BOOK 8/7. Partes interessadas e transferência de conhecimento/9/Gabarito - 7.9.txt,alta
area7-s9-q6,PMP - BOOK 8/7. Partes interessadas e transferência de conhecimento/9/Gabarito - 7.9.txt,7. Partes interessadas e transferência de conhecimento/9/6.png,Sim,Sim,Sim,multiple_choice,Nenhum,Conteúdo preservado,Nenhuma,PMP - BOOK 8/7. Partes interessadas e transferência de conhecimento/9/Gabarito - 7.9.txt,alta
area7-s9-q7,PMP - BOOK 8/7. Partes interessadas e transferência de conhecimento/9/Gabarito - 7.9.txt,7. Partes interessadas e transferência de conhecimento/9/7.png,Sim,Sim,Sim,multiple_choice,Nenhum,Conteúdo preservado,Nenhuma,PMP - BOOK 8/7. Partes interessadas e transferência de conhecimento/9/Gabarito - 7.9.txt,alta
area7-s9-q8,PMP - BOOK 8/7. Partes interessadas e transferência de conhecimento/9/Gabarito - 7.9.txt,7. Partes interessadas e transferência de conhecimento/9/8.png,Sim,Sim,Sim,multiple_choice,Nenhum,Conteúdo preservado,Nenhuma,PMP - BOOK 8/7. Partes interessadas e transferência de conhecimento/9/Gabarito - 7.9.txt,alta
area7-s9-q9,PMP - BOOK 8/7. Partes interessadas e transferência de conhecimento/9/Gabarito - 7.9.txt,7. Partes interessadas e transferência de conhecimento/9/9.png,Sim,Sim,Sim,multiple_choice,Nenhum,Conteúdo preservado,Nenhuma,PMP - BOOK 8/7. Partes interessadas e transferência de conhecimento/9/Gabarito - 7.9.txt,alta
area7-s9-q10,PMP - BOOK 8/7. Partes interessadas e transferência de conhecimento/9/Gabarito - 7.9.txt,7. Partes interessadas e transferência de conhecimento/9/10.png,Sim,Sim,Sim,multiple_choice,Nenhum,Conteúdo preservado,Nenhuma,PMP - BOOK 8/7. Partes interessadas e transferência de conhecimento/9/Gabarito - 7.9.txt,alta
area7-s9-q11,PMP - BOOK 8/7. Partes interessadas e transferência de conhecimento/9/Gabarito - 7.9.txt,7. Partes interessadas e transferência de conhecimento/9/11.png,Sim,Sim,Sim,multiple_choice,Nenhum,Conteúdo preservado,Nenhuma,PMP - BOOK 8/7. Partes interessadas e transferência de conhecimento/9/Gabarito - 7.9.txt,alta
area7-s9-q12,PMP - BOOK 8/7. Partes interessadas e transferência de conhecimento/9/Gabarito - 7.9.txt,7. Partes interessadas e transferência de conhecimento/9/12.png,Sim,Sim,Sim,multiple_choice,Nenhum,Conteúdo preservado,Nenhuma,PMP - BOOK 8/7. Partes interessadas e transferência de conhecimento/9/Gabarito - 7.9.txt,alta
area7-s9-q13,PMP - BOOK 8/7. Partes interessadas e transferência de conhecimento/9/Gabarito - 7.9.txt,7. Partes interessadas e transferência de conhecimento/9/13.png,Sim,Sim,Sim,multiple_choice,Nenhum,Conteúdo preservado,Nenhuma,PMP - BOOK 8/7. Partes interessadas e transferência de conhecimento/9/Gabarito - 7.9.txt,alta
area7-s9-q14,PMP - BOOK 8/7. Partes interessadas e transferência de conhecimento/9/Gabarito - 7.9.txt,7. Partes interessadas e transferência de conhecimento/9/14.png,Sim,Sim,Sim,multiple_choice,Nenhum,Conteúdo preservado,Nenhuma,PMP - BOOK 8/7. Partes interessadas e transferência de conhecimento/9/Gabarito - 7.9.txt,alta
area7-s10-q1,PMP - BOOK 8/7. Partes interessadas e transferência de conhecimento/10/Gabarito - 7.10.txt,7. Partes interessadas e transferência de conhecimento/10/1.png,Sim,Sim,Sim,multiple_choice,Nenhum,Conteúdo preservado,Nenhuma,PMP - BOOK 8/7. Partes interessadas e transferência de conhecimento/10/Gabarito - 7.10.txt,alta
area7-s10-q2,PMP - BOOK 8/7. Partes interessadas e transferência de conhecimento/10/Gabarito - 7.10.txt,7. Partes interessadas e transferência de conhecimento/10/2.png,Sim,Sim,Sim,multiple_choice,Nenhum,Conteúdo preservado,Nenhuma,PMP - BOOK 8/7. Partes interessadas e transferência de conhecimento/10/Gabarito - 7.10.txt,alta
area7-s10-q3,PMP - BOOK 8/7. Partes interessadas e transferência de conhecimento/10/Gabarito - 7.10.txt,7. Partes interessadas e transferência de conhecimento/10/3.png,Sim,Sim,Sim,matching,Nenhum,Associação estruturada a partir dos pares da fonte,Nenhuma,PMP - BOOK 8/7. Partes interessadas e transferência de conhecimento/10/Gabarito - 7.10.txt,alta
area7-s10-q4,PMP - BOOK 8/7. Partes interessadas e transferência de conhecimento/10/Gabarito - 7.10.txt,7. Partes interessadas e transferência de conhecimento/10/4.png,Sim,Sim,Sim,multiple_choice,Nenhum,Conteúdo preservado,Nenhuma,PMP - BOOK 8/7. Partes interessadas e transferência de conhecimento/10/Gabarito - 7.10.txt,alta
area7-s10-q5,PMP - BOOK 8/7. Partes interessadas e transferência de conhecimento/10/Gabarito - 7.10.txt,7. Partes interessadas e transferência de conhecimento/10/5.png,Sim,Sim,Sim,multiple_selection,Nenhum,Conteúdo preservado,Nenhuma,PMP - BOOK 8/7. Partes interessadas e transferência de conhecimento/10/Gabarito - 7.10.txt,alta
area7-s10-q6,PMP - BOOK 8/7. Partes interessadas e transferência de conhecimento/10/Gabarito - 7.10.txt,7. Partes interessadas e transferência de conhecimento/10/6.png,Sim,Sim,Sim,multiple_choice,Nenhum,Conteúdo preservado,Nenhuma,PMP - BOOK 8/7. Partes interessadas e transferência de conhecimento/10/Gabarito - 7.10.txt,alta
area7-s10-q7,PMP - BOOK 8/7. Partes interessadas e transferência de conhecimento/10/Gabarito - 7.10.txt,7. Partes interessadas e transferência de conhecimento/10/7.png,Sim,Sim,Sim,multiple_choice,Nenhum,Conteúdo preservado,Nenhuma,PMP - BOOK 8/7. Partes interessadas e transferência de conhecimento/10/Gabarito - 7.10.txt,alta
area7-s10-q8,PMP - BOOK 8/7. Partes interessadas e transferência de conhecimento/10/Gabarito - 7.10.txt,7. Partes interessadas e transferência de conhecimento/10/8.png,Sim,Sim,Sim,multiple_choice,Nenhum,Conteúdo preservado,Nenhuma,PMP - BOOK 8/7. Partes interessadas e transferência de conhecimento/10/Gabarito - 7.10.txt,alta
area7-s10-q9,PMP - BOOK 8/7. Partes interessadas e transferência de conhecimento/10/Gabarito - 7.10.txt,7. Partes interessadas e transferência de conhecimento/10/9.png,Sim,Sim,Sim,multiple_choice,Nenhum,Conteúdo preservado,Nenhuma,PMP - BOOK 8/7. Partes interessadas e transferência de conhecimento/10/Gabarito - 7.10.txt,alta
area7-s10-q10,PMP - BOOK 8/7. Partes interessadas e transferência de conhecimento/10/Gabarito - 7.10.txt,7. Partes interessadas e transferência de conhecimento/10/10.png,Sim,Sim,Sim,multiple_choice,Nenhum,Conteúdo preservado,Nenhuma,PMP - BOOK 8/7. Partes interessadas e transferência de conhecimento/10/Gabarito - 7.10.txt,alta
area7-s10-q11,PMP - BOOK 8/7. Partes interessadas e transferência de conhecimento/10/Gabarito - 7.10.txt,7. Partes interessadas e transferência de conhecimento/10/11.png,Sim,Sim,Sim,multiple_choice,Nenhum,Conteúdo preservado,Nenhuma,PMP - BOOK 8/7. Partes interessadas e transferência de conhecimento/10/Gabarito - 7.10.txt,alta
area7-s10-q12,PMP - BOOK 8/7. Partes interessadas e transferência de conhecimento/10/Gabarito - 7.10.txt,7. Partes interessadas e transferência de conhecimento/10/12.png,Sim,Sim,Sim,multiple_choice,Nenhum,Conteúdo preservado,Nenhuma,PMP - BOOK 8/7. Partes interessadas e transferência de conhecimento/10/Gabarito - 7.10.txt,alta
area7-s10-q13,PMP - BOOK 8/7. Partes interessadas e transferência de conhecimento/10/Gabarito - 7.10.txt,7. Partes interessadas e transferência de conhecimento/10/13.png,Sim,Sim,Sim,multiple_choice,Nenhum,Conteúdo preservado,Nenhuma,PMP - BOOK 8/7. Partes interessadas e transferência de conhecimento/10/Gabarito - 7.10.txt,alta
area7-s10-q14,PMP - BOOK 8/7. Partes interessadas e transferência de conhecimento/10/Gabarito - 7.10.txt,7. Partes interessadas e transferência de conhecimento/10/14.png,Sim,Sim,Sim,multiple_choice,Nenhum,Conteúdo preservado,Nenhuma,PMP - BOOK 8/7. Partes interessadas e transferência de conhecimento/10/Gabarito - 7.10.txt,alta
area7-s11-q1,PMP - BOOK 8/7. Partes interessadas e transferência de conhecimento/11/Gabarito - 7.11.txt,7. Partes interessadas e transferência de conhecimento/11/1.png,Sim,Sim,Sim,multiple_choice,Nenhum,Conteúdo preservado,Nenhuma,PMP - BOOK 8/7. Partes interessadas e transferência de conhecimento/11/Gabarito - 7.11.txt,alta
area7-s11-q2,PMP - BOOK 8/7. Partes interessadas e transferência de conhecimento/11/Gabarito - 7.11.txt,7. Partes interessadas e transferência de conhecimento/11/2.png,Sim,Sim,Sim,multiple_choice,Nenhum,Conteúdo preservado,Nenhuma,PMP - BOOK 8/7. Partes interessadas e transferência de conhecimento/11/Gabarito - 7.11.txt,alta
area7-s11-q3,PMP - BOOK 8/7. Partes interessadas e transferência de conhecimento/11/Gabarito - 7.11.txt,7. Partes interessadas e transferência de conhecimento/11/3.png,Sim,Sim,Sim,multiple_selection,Nenhum,Conteúdo preservado,Nenhuma,PMP - BOOK 8/7. Partes interessadas e transferência de conhecimento/11/Gabarito - 7.11.txt,alta
area7-s11-q4,PMP - BOOK 8/7. Partes interessadas e transferência de conhecimento/11/Gabarito - 7.11.txt,7. Partes interessadas e transferência de conhecimento/11/4.png,Sim,Sim,Sim,multiple_choice,Nenhum,Conteúdo preservado,Nenhuma,PMP - BOOK 8/7. Partes interessadas e transferência de conhecimento/11/Gabarito - 7.11.txt,alta
area7-s11-q5,PMP - BOOK 8/7. Partes interessadas e transferência de conhecimento/11/Gabarito - 7.11.txt,7. Partes interessadas e transferência de conhecimento/11/5.png,Sim,Sim,Sim,multiple_choice,Nenhum,Conteúdo preservado,Nenhuma,PMP - BOOK 8/7. Partes interessadas e transferência de conhecimento/11/Gabarito - 7.11.txt,alta
area7-s11-q6,PMP - BOOK 8/7. Partes interessadas e transferência de conhecimento/11/Gabarito - 7.11.txt,7. Partes interessadas e transferência de conhecimento/11/6.png,Sim,Sim,Sim,multiple_choice,Nenhum,Conteúdo preservado,Nenhuma,PMP - BOOK 8/7. Partes interessadas e transferência de conhecimento/11/Gabarito - 7.11.txt,alta
area7-s11-q7,PMP - BOOK 8/7. Partes interessadas e transferência de conhecimento/11/Gabarito - 7.11.txt,7. Partes interessadas e transferência de conhecimento/11/7.png,Sim,Sim,Sim,multiple_choice,Nenhum,Conteúdo preservado,Nenhuma,PMP - BOOK 8/7. Partes interessadas e transferência de conhecimento/11/Gabarito - 7.11.txt,alta
area7-s11-q8,PMP - BOOK 8/7. Partes interessadas e transferência de conhecimento/11/Gabarito - 7.11.txt,7. Partes interessadas e transferência de conhecimento/11/8.png,Sim,Sim,Sim,multiple_choice,Nenhum,Conteúdo preservado,Nenhuma,PMP - BOOK 8/7. Partes interessadas e transferência de conhecimento/11/Gabarito - 7.11.txt,alta
area7-s11-q9,PMP - BOOK 8/7. Partes interessadas e transferência de conhecimento/11/Gabarito - 7.11.txt,7. Partes interessadas e transferência de conhecimento/11/9.png,Sim,Sim,Sim,multiple_choice,Nenhum,Conteúdo preservado,Nenhuma,PMP - BOOK 8/7. Partes interessadas e transferência de conhecimento/11/Gabarito - 7.11.txt,alta
area7-s11-q10,PMP - BOOK 8/7. Partes interessadas e transferência de conhecimento/11/Gabarito - 7.11.txt,7. Partes interessadas e transferência de conhecimento/11/10.png,Sim,Sim,Sim,multiple_selection,Nenhum,Conteúdo preservado,Nenhuma,PMP - BOOK 8/7. Partes interessadas e transferência de conhecimento/11/Gabarito - 7.11.txt,alta
area7-s11-q11,PMP - BOOK 8/7. Partes interessadas e transferência de conhecimento/11/Gabarito - 7.11.txt,7. Partes interessadas e transferência de conhecimento/11/11.png,Sim,Sim,Sim,multiple_choice,Nenhum,Conteúdo preservado,Nenhuma,PMP - BOOK 8/7. Partes interessadas e transferência de conhecimento/11/Gabarito - 7.11.txt,alta
area7-s11-q12,PMP - BOOK 8/7. Partes interessadas e transferência de conhecimento/11/Gabarito - 7.11.txt,7. Partes interessadas e transferência de conhecimento/11/12.png,Sim,Sim,Sim,multiple_choice,Nenhum,Conteúdo preservado,Nenhuma,PMP - BOOK 8/7. Partes interessadas e transferência de conhecimento/11/Gabarito - 7.11.txt,alta
area7-s11-q13,PMP - BOOK 8/7. Partes interessadas e transferência de conhecimento/11/Gabarito - 7.11.txt,7. Partes interessadas e transferência de conhecimento/11/13.png,Sim,Sim,Sim,multiple_choice,Nenhum,Conteúdo preservado,Nenhuma,PMP - BOOK 8/7. Partes interessadas e transferência de conhecimento/11/Gabarito - 7.11.txt,alta
area7-s11-q14,PMP - BOOK 8/7. Partes interessadas e transferência de conhecimento/11/Gabarito - 7.11.txt,7. Partes interessadas e transferência de conhecimento/11/14.png,Sim,Sim,Sim,multiple_choice,Nenhum,Conteúdo preservado,Nenhuma,PMP - BOOK 8/7. Partes interessadas e transferência de conhecimento/11/Gabarito - 7.11.txt,alta
area7-s12-q1,PMP - BOOK 8/7. Partes interessadas e transferência de conhecimento/12/Gabarito - 7.12.txt,7. Partes interessadas e transferência de conhecimento/12/1.png,Sim,Sim,Sim,multiple_choice,Nenhum,Conteúdo preservado,Nenhuma,PMP - BOOK 8/7. Partes interessadas e transferência de conhecimento/12/Gabarito - 7.12.txt,alta
area7-s12-q2,PMP - BOOK 8/7. Partes interessadas e transferência de conhecimento/12/Gabarito - 7.12.txt,7. Partes interessadas e transferência de conhecimento/12/2.png,Sim,Sim,Sim,multiple_choice,Nenhum,Conteúdo preservado,Nenhuma,PMP - BOOK 8/7. Partes interessadas e transferência de conhecimento/12/Gabarito - 7.12.txt,alta
area7-s12-q3,PMP - BOOK 8/7. Partes interessadas e transferência de conhecimento/12/Gabarito - 7.12.txt,7. Partes interessadas e transferência de conhecimento/12/3.png,Sim,Sim,Sim,multiple_choice,Nenhum,Conteúdo preservado,Nenhuma,PMP - BOOK 8/7. Partes interessadas e transferência de conhecimento/12/Gabarito - 7.12.txt,alta
area7-s12-q4,PMP - BOOK 8/7. Partes interessadas e transferência de conhecimento/12/Gabarito - 7.12.txt,7. Partes interessadas e transferência de conhecimento/12/4.png,Sim,Sim,Sim,multiple_choice,Nenhum,Conteúdo preservado,Nenhuma,PMP - BOOK 8/7. Partes interessadas e transferência de conhecimento/12/Gabarito - 7.12.txt,alta
area7-s12-q5,PMP - BOOK 8/7. Partes interessadas e transferência de conhecimento/12/Gabarito - 7.12.txt,7. Partes interessadas e transferência de conhecimento/12/5.png,Sim,Sim,Sim,multiple_choice,Nenhum,Conteúdo preservado,Nenhuma,PMP - BOOK 8/7. Partes interessadas e transferência de conhecimento/12/Gabarito - 7.12.txt,alta
area7-s12-q6,PMP - BOOK 8/7. Partes interessadas e transferência de conhecimento/12/Gabarito - 7.12.txt,7. Partes interessadas e transferência de conhecimento/12/6.png,Sim,Sim,Sim,multiple_choice,Nenhum,Conteúdo preservado,Nenhuma,PMP - BOOK 8/7. Partes interessadas e transferência de conhecimento/12/Gabarito - 7.12.txt,alta
area7-s12-q7,PMP - BOOK 8/7. Partes interessadas e transferência de conhecimento/12/Gabarito - 7.12.txt,7. Partes interessadas e transferência de conhecimento/12/7.png,Sim,Sim,Sim,multiple_choice,Nenhum,Conteúdo preservado,Nenhuma,PMP - BOOK 8/7. Partes interessadas e transferência de conhecimento/12/Gabarito - 7.12.txt,alta
area7-s12-q8,PMP - BOOK 8/7. Partes interessadas e transferência de conhecimento/12/Gabarito - 7.12.txt,7. Partes interessadas e transferência de conhecimento/12/8.png,Sim,Sim,Sim,multiple_choice,Nenhum,Conteúdo preservado,Nenhuma,PMP - BOOK 8/7. Partes interessadas e transferência de conhecimento/12/Gabarito - 7.12.txt,alta
area7-s12-q9,PMP - BOOK 8/7. Partes interessadas e transferência de conhecimento/12/Gabarito - 7.12.txt,7. Partes interessadas e transferência de conhecimento/12/9.png,Sim,Sim,Sim,multiple_choice,Nenhum,Conteúdo preservado,Nenhuma,PMP - BOOK 8/7. Partes interessadas e transferência de conhecimento/12/Gabarito - 7.12.txt,alta
area7-s12-q10,PMP - BOOK 8/7. Partes interessadas e transferência de conhecimento/12/Gabarito - 7.12.txt,7. Partes interessadas e transferência de conhecimento/12/10.png,Sim,Sim,Sim,multiple_choice,Nenhum,Conteúdo preservado,Nenhuma,PMP - BOOK 8/7. Partes interessadas e transferência de conhecimento/12/Gabarito - 7.12.txt,alta
area7-s12-q11,PMP - BOOK 8/7. Partes interessadas e transferência de conhecimento/12/Gabarito - 7.12.txt,7. Partes interessadas e transferência de conhecimento/12/11.png,Sim,Sim,Sim,multiple_choice,Nenhum,Conteúdo preservado,Nenhuma,PMP - BOOK 8/7. Partes interessadas e transferência de conhecimento/12/Gabarito - 7.12.txt,alta
area7-s12-q12,PMP - BOOK 8/7. Partes interessadas e transferência de conhecimento/12/Gabarito - 7.12.txt,7. Partes interessadas e transferência de conhecimento/12/12.png,Sim,Sim,Sim,matching,Nenhum,Associação estruturada a partir dos pares da fonte,Nenhuma,PMP - BOOK 8/7. Partes interessadas e transferência de conhecimento/12/Gabarito - 7.12.txt,alta
area7-s12-q13,PMP - BOOK 8/7. Partes interessadas e transferência de conhecimento/12/Gabarito - 7.12.txt,7. Partes interessadas e transferência de conhecimento/12/13.png,Sim,Sim,Sim,multiple_choice,Nenhum,Conteúdo preservado,Nenhuma,PMP - BOOK 8/7. Partes interessadas e transferência de conhecimento/12/Gabarito - 7.12.txt,alta
area7-s12-q14,PMP - BOOK 8/7. Partes interessadas e transferência de conhecimento/12/Gabarito - 7.12.txt,7. Partes interessadas e transferência de conhecimento/12/14.png,Sim,Sim,Sim,multiple_choice,Nenhum,Conteúdo preservado,Nenhuma,PMP - BOOK 8/7. Partes interessadas e transferência de conhecimento/12/Gabarito - 7.12.txt,alta
area7-s13-q1,PMP - BOOK 8/7. Partes interessadas e transferência de conhecimento/13/Gabarito 7.13.txt,7. Partes interessadas e transferência de conhecimento/13/1.png,Sim,Sim,Sim,multiple_choice,Nenhum,Conteúdo preservado,Nenhuma,PMP - BOOK 8/7. Partes interessadas e transferência de conhecimento/13/Gabarito 7.13.txt,alta
area7-s13-q2,PMP - BOOK 8/7. Partes interessadas e transferência de conhecimento/13/Gabarito 7.13.txt,7. Partes interessadas e transferência de conhecimento/13/2.png,Sim,Sim,Sim,multiple_choice,Nenhum,Conteúdo preservado,Nenhuma,PMP - BOOK 8/7. Partes interessadas e transferência de conhecimento/13/Gabarito 7.13.txt,alta
area7-s13-q3,PMP - BOOK 8/7. Partes interessadas e transferência de conhecimento/13/Gabarito 7.13.txt,7. Partes interessadas e transferência de conhecimento/13/3.png,Sim,Sim,Sim,multiple_choice,Nenhum,Conteúdo preservado,Nenhuma,PMP - BOOK 8/7. Partes interessadas e transferência de conhecimento/13/Gabarito 7.13.txt,alta
area7-s13-q4,PMP - BOOK 8/7. Partes interessadas e transferência de conhecimento/13/Gabarito 7.13.txt,7. Partes interessadas e transferência de conhecimento/13/4.png,Sim,Sim,Sim,multiple_choice,Nenhum,Conteúdo preservado,Nenhuma,PMP - BOOK 8/7. Partes interessadas e transferência de conhecimento/13/Gabarito 7.13.txt,alta
area7-s13-q5,PMP - BOOK 8/7. Partes interessadas e transferência de conhecimento/13/Gabarito 7.13.txt,7. Partes interessadas e transferência de conhecimento/13/5.png,Sim,Sim,Sim,multiple_choice,Nenhum,Conteúdo preservado,Nenhuma,PMP - BOOK 8/7. Partes interessadas e transferência de conhecimento/13/Gabarito 7.13.txt,alta
area7-s13-q6,PMP - BOOK 8/7. Partes interessadas e transferência de conhecimento/13/Gabarito 7.13.txt,7. Partes interessadas e transferência de conhecimento/13/6.png,Sim,Sim,Sim,multiple_choice,Nenhum,Conteúdo preservado,Nenhuma,PMP - BOOK 8/7. Partes interessadas e transferência de conhecimento/13/Gabarito 7.13.txt,alta
area7-s13-q7,PMP - BOOK 8/7. Partes interessadas e transferência de conhecimento/13/Gabarito 7.13.txt,7. Partes interessadas e transferência de conhecimento/13/7.png,Sim,Sim,Sim,multiple_choice,Nenhum,Conteúdo preservado,Nenhuma,PMP - BOOK 8/7. Partes interessadas e transferência de conhecimento/13/Gabarito 7.13.txt,alta
area7-s13-q8,PMP - BOOK 8/7. Partes interessadas e transferência de conhecimento/13/Gabarito 7.13.txt,7. Partes interessadas e transferência de conhecimento/13/8.png,Sim,Sim,Sim,multiple_choice,Nenhum,Conteúdo preservado,Nenhuma,PMP - BOOK 8/7. Partes interessadas e transferência de conhecimento/13/Gabarito 7.13.txt,alta
area7-s13-q9,PMP - BOOK 8/7. Partes interessadas e transferência de conhecimento/13/Gabarito 7.13.txt,7. Partes interessadas e transferência de conhecimento/13/9.png,Sim,Sim,Sim,multiple_selection,Nenhum,Conteúdo preservado,Nenhuma,PMP - BOOK 8/7. Partes interessadas e transferência de conhecimento/13/Gabarito 7.13.txt,alta
area7-s13-q10,PMP - BOOK 8/7. Partes interessadas e transferência de conhecimento/13/Gabarito 7.13.txt,7. Partes interessadas e transferência de conhecimento/13/10.png,Sim,Sim,Sim,multiple_choice,Nenhum,Conteúdo preservado,Nenhuma,PMP - BOOK 8/7. Partes interessadas e transferência de conhecimento/13/Gabarito 7.13.txt,alta
area7-s13-q11,PMP - BOOK 8/7. Partes interessadas e transferência de conhecimento/13/Gabarito 7.13.txt,7. Partes interessadas e transferência de conhecimento/13/11.png,Sim,Sim,Sim,multiple_selection,Nenhum,Conteúdo preservado,Nenhuma,PMP - BOOK 8/7. Partes interessadas e transferência de conhecimento/13/Gabarito 7.13.txt,alta
area7-s13-q12,PMP - BOOK 8/7. Partes interessadas e transferência de conhecimento/13/Gabarito 7.13.txt,7. Partes interessadas e transferência de conhecimento/13/12.png,Sim,Sim,Sim,multiple_selection,Nenhum,Conteúdo preservado,Nenhuma,PMP - BOOK 8/7. Partes interessadas e transferência de conhecimento/13/Gabarito 7.13.txt,alta
area7-s13-q13,PMP - BOOK 8/7. Partes interessadas e transferência de conhecimento/13/Gabarito 7.13.txt,7. Partes interessadas e transferência de conhecimento/13/13.png,Sim,Sim,Sim,multiple_choice,Nenhum,Conteúdo preservado,Nenhuma,PMP - BOOK 8/7. Partes interessadas e transferência de conhecimento/13/Gabarito 7.13.txt,alta
area7-s13-q14,PMP - BOOK 8/7. Partes interessadas e transferência de conhecimento/13/Gabarito 7.13.txt,7. Partes interessadas e transferência de conhecimento/13/14.png,Sim,Sim,Sim,multiple_choice,Nenhum,Conteúdo preservado,Nenhuma,PMP - BOOK 8/7. Partes interessadas e transferência de conhecimento/13/Gabarito 7.13.txt,alta
area7-s13-q15,PMP - BOOK 8/7. Partes interessadas e transferência de conhecimento/13/Gabarito 7.13.txt,7. Partes interessadas e transferência de conhecimento/13/15.png,Sim,Sim,Sim,multiple_selection,Nenhum,Conteúdo preservado,Nenhuma,PMP - BOOK 8/7. Partes interessadas e transferência de conhecimento/13/Gabarito 7.13.txt,alta
area7-s14-q1,PMP - BOOK 8/7. Partes interessadas e transferência de conhecimento/14/Gabarito - 7.14.txt,7. Partes interessadas e transferência de conhecimento/14/1.png,Sim,Sim,Sim,multiple_choice,Nenhum,Conteúdo preservado,Nenhuma,PMP - BOOK 8/7. Partes interessadas e transferência de conhecimento/14/Gabarito - 7.14.txt,alta
area7-s14-q2,PMP - BOOK 8/7. Partes interessadas e transferência de conhecimento/14/Gabarito - 7.14.txt,7. Partes interessadas e transferência de conhecimento/14/2.png,Sim,Sim,Sim,multiple_choice,Nenhum,Conteúdo preservado,Nenhuma,PMP - BOOK 8/7. Partes interessadas e transferência de conhecimento/14/Gabarito - 7.14.txt,alta
area7-s14-q3,PMP - BOOK 8/7. Partes interessadas e transferência de conhecimento/14/Gabarito - 7.14.txt,7. Partes interessadas e transferência de conhecimento/14/3.png,Sim,Sim,Sim,multiple_choice,Nenhum,Conteúdo preservado,Nenhuma,PMP - BOOK 8/7. Partes interessadas e transferência de conhecimento/14/Gabarito - 7.14.txt,alta
area7-s14-q4,PMP - BOOK 8/7. Partes interessadas e transferência de conhecimento/14/Gabarito - 7.14.txt,7. Partes interessadas e transferência de conhecimento/14/4.png,Sim,Sim,Sim,multiple_choice,Nenhum,Conteúdo preservado,Nenhuma,PMP - BOOK 8/7. Partes interessadas e transferência de conhecimento/14/Gabarito - 7.14.txt,alta
area7-s14-q5,PMP - BOOK 8/7. Partes interessadas e transferência de conhecimento/14/Gabarito - 7.14.txt,7. Partes interessadas e transferência de conhecimento/14/5.png,Sim,Sim,Sim,image_hotspot,Captura continha interface e/ou marcação de gabarito imprópria para publicação,Diagrama recriado em HTML/CSS com zonas estáveis e acessíveis,Nenhuma,7. Partes interessadas e transferência de conhecimento/14/5.png; 7. Partes interessadas e transferência de conhecimento/14/Gabarito - 7.14.png,high
area7-s14-q6,PMP - BOOK 8/7. Partes interessadas e transferência de conhecimento/14/Gabarito - 7.14.txt,7. Partes interessadas e transferência de conhecimento/14/6.png,Sim,Sim,Sim,multiple_choice,Nenhum,Conteúdo preservado,Nenhuma,PMP - BOOK 8/7. Partes interessadas e transferência de conhecimento/14/Gabarito - 7.14.txt,alta
area7-s14-q7,PMP - BOOK 8/7. Partes interessadas e transferência de conhecimento/14/Gabarito - 7.14.txt,7. Partes interessadas e transferência de conhecimento/14/7.png,Sim,Sim,Sim,multiple_selection,Nenhum,Conteúdo preservado,Nenhuma,PMP - BOOK 8/7. Partes interessadas e transferência de conhecimento/14/Gabarito - 7.14.txt,alta
area7-s14-q8,PMP - BOOK 8/7. Partes interessadas e transferência de conhecimento/14/Gabarito - 7.14.txt,7. Partes interessadas e transferência de conhecimento/14/8.png,Sim,Sim,Sim,multiple_choice,Nenhum,Conteúdo preservado,Nenhuma,PMP - BOOK 8/7. Partes interessadas e transferência de conhecimento/14/Gabarito - 7.14.txt,alta
area7-s14-q9,PMP - BOOK 8/7. Partes interessadas e transferência de conhecimento/14/Gabarito - 7.14.txt,7. Partes interessadas e transferência de conhecimento/14/9.png,Sim,Sim,Sim,multiple_selection,Nenhum,Conteúdo preservado,Nenhuma,PMP - BOOK 8/7. Partes interessadas e transferência de conhecimento/14/Gabarito - 7.14.txt,alta
area7-s14-q10,PMP - BOOK 8/7. Partes interessadas e transferência de conhecimento/14/Gabarito - 7.14.txt,7. Partes interessadas e transferência de conhecimento/14/10.png,Sim,Sim,Sim,multiple_choice,Nenhum,Conteúdo preservado,Nenhuma,PMP - BOOK 8/7. Partes interessadas e transferência de conhecimento/14/Gabarito - 7.14.txt,alta
area7-s14-q11,PMP - BOOK 8/7. Partes interessadas e transferência de conhecimento/14/Gabarito - 7.14.txt,7. Partes interessadas e transferência de conhecimento/14/11.png,Sim,Sim,Sim,multiple_selection,Nenhum,Conteúdo preservado,Nenhuma,PMP - BOOK 8/7. Partes interessadas e transferência de conhecimento/14/Gabarito - 7.14.txt,alta
area7-s14-q12,PMP - BOOK 8/7. Partes interessadas e transferência de conhecimento/14/Gabarito - 7.14.txt,7. Partes interessadas e transferência de conhecimento/14/12.png,Sim,Sim,Sim,multiple_choice,Nenhum,Conteúdo preservado,Nenhuma,PMP - BOOK 8/7. Partes interessadas e transferência de conhecimento/14/Gabarito - 7.14.txt,alta
area7-s15-q1,PMP - BOOK 8/7. Partes interessadas e transferência de conhecimento/15/Gabarito - 7.15.txt,7. Partes interessadas e transferência de conhecimento/15/1.png,Sim,Sim,Sim,multiple_selection,Nenhum,Conteúdo preservado,Nenhuma,PMP - BOOK 8/7. Partes interessadas e transferência de conhecimento/15/Gabarito - 7.15.txt,alta
area7-s15-q2,PMP - BOOK 8/7. Partes interessadas e transferência de conhecimento/15/Gabarito - 7.15.txt,7. Partes interessadas e transferência de conhecimento/15/2.png,Sim,Sim,Sim,multiple_choice,Nenhum,Conteúdo preservado,Nenhuma,PMP - BOOK 8/7. Partes interessadas e transferência de conhecimento/15/Gabarito - 7.15.txt,alta
area7-s15-q3,PMP - BOOK 8/7. Partes interessadas e transferência de conhecimento/15/Gabarito - 7.15.txt,7. Partes interessadas e transferência de conhecimento/15/3.png,Sim,Sim,Sim,multiple_selection,Nenhum,Conteúdo preservado,Nenhuma,PMP - BOOK 8/7. Partes interessadas e transferência de conhecimento/15/Gabarito - 7.15.txt,alta
area7-s15-q4,PMP - BOOK 8/7. Partes interessadas e transferência de conhecimento/15/Gabarito - 7.15.txt,7. Partes interessadas e transferência de conhecimento/15/4.png,Sim,Sim,Sim,multiple_choice,Nenhum,Conteúdo preservado,Nenhuma,PMP - BOOK 8/7. Partes interessadas e transferência de conhecimento/15/Gabarito - 7.15.txt,alta
area7-s15-q5,PMP - BOOK 8/7. Partes interessadas e transferência de conhecimento/15/Gabarito - 7.15.txt,7. Partes interessadas e transferência de conhecimento/15/5.png,Sim,Sim,Sim,multiple_selection,Nenhum,Conteúdo preservado,Nenhuma,PMP - BOOK 8/7. Partes interessadas e transferência de conhecimento/15/Gabarito - 7.15.txt,alta
area7-s15-q6,PMP - BOOK 8/7. Partes interessadas e transferência de conhecimento/15/Gabarito - 7.15.txt,7. Partes interessadas e transferência de conhecimento/15/6.png,Sim,Sim,Sim,multiple_choice,Nenhum,Conteúdo preservado,Nenhuma,PMP - BOOK 8/7. Partes interessadas e transferência de conhecimento/15/Gabarito - 7.15.txt,alta
area7-s15-q7,PMP - BOOK 8/7. Partes interessadas e transferência de conhecimento/15/Gabarito - 7.15.txt,7. Partes interessadas e transferência de conhecimento/15/7.png,Sim,Sim,Sim,multiple_choice,Nenhum,Conteúdo preservado,Nenhuma,PMP - BOOK 8/7. Partes interessadas e transferência de conhecimento/15/Gabarito - 7.15.txt,alta
area7-s15-q8,PMP - BOOK 8/7. Partes interessadas e transferência de conhecimento/15/Gabarito - 7.15.txt,7. Partes interessadas e transferência de conhecimento/15/8.png,Sim,Sim,Sim,multiple_choice,Nenhum,Conteúdo preservado,Nenhuma,PMP - BOOK 8/7. Partes interessadas e transferência de conhecimento/15/Gabarito - 7.15.txt,alta
area7-s15-q9,PMP - BOOK 8/7. Partes interessadas e transferência de conhecimento/15/Gabarito - 7.15.txt,7. Partes interessadas e transferência de conhecimento/15/9.png,Sim,Sim,Sim,multiple_choice,Nenhum,Conteúdo preservado,Nenhuma,PMP - BOOK 8/7. Partes interessadas e transferência de conhecimento/15/Gabarito - 7.15.txt,alta
area7-s15-q10,PMP - BOOK 8/7. Partes interessadas e transferência de conhecimento/15/Gabarito - 7.15.txt,7. Partes interessadas e transferência de conhecimento/15/10.png,Sim,Sim,Sim,multiple_choice,Nenhum,Conteúdo preservado,Nenhuma,PMP - BOOK 8/7. Partes interessadas e transferência de conhecimento/15/Gabarito - 7.15.txt,alta
area7-s15-q11,PMP - BOOK 8/7. Partes interessadas e transferência de conhecimento/15/Gabarito - 7.15.txt,7. Partes interessadas e transferência de conhecimento/15/11.png,Sim,Sim,Sim,multiple_choice,Nenhum,Conteúdo preservado,Nenhuma,PMP - BOOK 8/7. Partes interessadas e transferência de conhecimento/15/Gabarito - 7.15.txt,alta
area7-s15-q12,PMP - BOOK 8/7. Partes interessadas e transferência de conhecimento/15/Gabarito - 7.15.txt,7. Partes interessadas e transferência de conhecimento/15/12.png,Sim,Sim,Sim,multiple_choice,Nenhum,Conteúdo preservado,Nenhuma,PMP - BOOK 8/7. Partes interessadas e transferência de conhecimento/15/Gabarito - 7.15.txt,alta
area7-s16-q1,PMP - BOOK 8/7. Partes interessadas e transferência de conhecimento/16/Gabarito - 7.16.txt,7. Partes interessadas e transferência de conhecimento/16/1.png,Sim,Sim,Sim,multiple_choice,Nenhum,Conteúdo preservado,Nenhuma,PMP - BOOK 8/7. Partes interessadas e transferência de conhecimento/16/Gabarito - 7.16.txt,alta
area7-s16-q2,PMP - BOOK 8/7. Partes interessadas e transferência de conhecimento/16/Gabarito - 7.16.txt,7. Partes interessadas e transferência de conhecimento/16/2.png,Sim,Sim,Sim,multiple_choice,Nenhum,Conteúdo preservado,Nenhuma,PMP - BOOK 8/7. Partes interessadas e transferência de conhecimento/16/Gabarito - 7.16.txt,alta
area7-s16-q3,PMP - BOOK 8/7. Partes interessadas e transferência de conhecimento/16/Gabarito - 7.16.txt,7. Partes interessadas e transferência de conhecimento/16/3.png,Sim,Sim,Sim,multiple_choice,Nenhum,Conteúdo preservado,Nenhuma,PMP - BOOK 8/7. Partes interessadas e transferência de conhecimento/16/Gabarito - 7.16.txt,alta
area7-s16-q4,PMP - BOOK 8/7. Partes interessadas e transferência de conhecimento/16/Gabarito - 7.16.txt,7. Partes interessadas e transferência de conhecimento/16/4.png,Sim,Sim,Sim,multiple_selection,Nenhum,Conteúdo preservado,Nenhuma,PMP - BOOK 8/7. Partes interessadas e transferência de conhecimento/16/Gabarito - 7.16.txt,alta
area7-s16-q5,PMP - BOOK 8/7. Partes interessadas e transferência de conhecimento/16/Gabarito - 7.16.txt,7. Partes interessadas e transferência de conhecimento/16/5.png,Sim,Sim,Sim,multiple_choice,Nenhum,Conteúdo preservado,Nenhuma,PMP - BOOK 8/7. Partes interessadas e transferência de conhecimento/16/Gabarito - 7.16.txt,alta
area7-s16-q6,PMP - BOOK 8/7. Partes interessadas e transferência de conhecimento/16/Gabarito - 7.16.txt,7. Partes interessadas e transferência de conhecimento/16/6.png,Sim,Sim,Sim,multiple_selection,Nenhum,Conteúdo preservado,Nenhuma,PMP - BOOK 8/7. Partes interessadas e transferência de conhecimento/16/Gabarito - 7.16.txt,alta
area7-s16-q7,PMP - BOOK 8/7. Partes interessadas e transferência de conhecimento/16/Gabarito - 7.16.txt,7. Partes interessadas e transferência de conhecimento/16/7.png,Sim,Sim,Sim,multiple_choice,Nenhum,Conteúdo preservado,Nenhuma,PMP - BOOK 8/7. Partes interessadas e transferência de conhecimento/16/Gabarito - 7.16.txt,alta
area7-s16-q8,PMP - BOOK 8/7. Partes interessadas e transferência de conhecimento/16/Gabarito - 7.16.txt,7. Partes interessadas e transferência de conhecimento/16/8.png,Sim,Sim,Sim,multiple_choice,Nenhum,Conteúdo preservado,Nenhuma,PMP - BOOK 8/7. Partes interessadas e transferência de conhecimento/16/Gabarito - 7.16.txt,alta
area7-s16-q9,PMP - BOOK 8/7. Partes interessadas e transferência de conhecimento/16/Gabarito - 7.16.txt,7. Partes interessadas e transferência de conhecimento/16/9.png,Sim,Sim,Sim,multiple_choice,Nenhum,Conteúdo preservado,Nenhuma,PMP - BOOK 8/7. Partes interessadas e transferência de conhecimento/16/Gabarito - 7.16.txt,alta
area7-s16-q10,PMP - BOOK 8/7. Partes interessadas e transferência de conhecimento/16/Gabarito - 7.16.txt,7. Partes interessadas e transferência de conhecimento/16/10.png,Sim,Sim,Sim,multiple_choice,Nenhum,Conteúdo preservado,Nenhuma,PMP - BOOK 8/7. Partes interessadas e transferência de conhecimento/16/Gabarito - 7.16.txt,alta
area7-s16-q11,PMP - BOOK 8/7. Partes interessadas e transferência de conhecimento/16/Gabarito - 7.16.txt,7. Partes interessadas e transferência de conhecimento/16/11.png,Sim,Sim,Sim,multiple_choice,Nenhum,Conteúdo preservado,Nenhuma,PMP - BOOK 8/7. Partes interessadas e transferência de conhecimento/16/Gabarito - 7.16.txt,alta
area7-s16-q12,PMP - BOOK 8/7. Partes interessadas e transferência de conhecimento/16/Gabarito - 7.16.txt,7. Partes interessadas e transferência de conhecimento/16/12.png,Sim,Sim,Sim,multiple_choice,Nenhum,Conteúdo preservado,Nenhuma,PMP - BOOK 8/7. Partes interessadas e transferência de conhecimento/16/Gabarito - 7.16.txt,alta
area8-s1-q1,PMP - BOOK 8/8. Planejamento integrado do projeto/1/Gabarito - 8.1.txt,8. Planejamento integrado do projeto/1/1.png,Sim,Sim,Sim,multiple_choice,Nenhum,Conteúdo preservado,Nenhuma,PMP - BOOK 8/8. Planejamento integrado do projeto/1/Gabarito - 8.1.txt,alta
area8-s1-q2,PMP - BOOK 8/8. Planejamento integrado do projeto/1/Gabarito - 8.1.txt,8. Planejamento integrado do projeto/1/2.png,Sim,Sim,Sim,matching,Nenhum,Associação estruturada a partir dos pares da fonte,Nenhuma,PMP - BOOK 8/8. Planejamento integrado do projeto/1/Gabarito - 8.1.txt,alta
area8-s1-q3,PMP - BOOK 8/8. Planejamento integrado do projeto/1/Gabarito - 8.1.txt,8. Planejamento integrado do projeto/1/3.png,Sim,Sim,Sim,multiple_choice,Nenhum,Conteúdo preservado,Nenhuma,PMP - BOOK 8/8. Planejamento integrado do projeto/1/Gabarito - 8.1.txt,alta
area8-s1-q4,PMP - BOOK 8/8. Planejamento integrado do projeto/1/Gabarito - 8.1.txt,8. Planejamento integrado do projeto/1/4.png,Sim,Sim,Sim,multiple_choice,Nenhum,Conteúdo preservado,Nenhuma,PMP - BOOK 8/8. Planejamento integrado do projeto/1/Gabarito - 8.1.txt,alta
area8-s2-q1,PMP - BOOK 8/8. Planejamento integrado do projeto/2/Gabarito - 8.2.txt,8. Planejamento integrado do projeto/2/1.png,Sim,Sim,Sim,multiple_choice,Nenhum,Conteúdo preservado,Nenhuma,PMP - BOOK 8/8. Planejamento integrado do projeto/2/Gabarito - 8.2.txt,alta
area8-s2-q2,PMP - BOOK 8/8. Planejamento integrado do projeto/2/Gabarito - 8.2.txt,8. Planejamento integrado do projeto/2/2.png,Sim,Sim,Sim,multiple_choice,Nenhum,Conteúdo preservado,Nenhuma,PMP - BOOK 8/8. Planejamento integrado do projeto/2/Gabarito - 8.2.txt,alta
area8-s2-q3,PMP - BOOK 8/8. Planejamento integrado do projeto/2/Gabarito - 8.2.txt,8. Planejamento integrado do projeto/2/3.png,Sim,Sim,Sim,matching,Nenhum,Associação estruturada a partir dos pares da fonte,Nenhuma,PMP - BOOK 8/8. Planejamento integrado do projeto/2/Gabarito - 8.2.txt,alta
area8-s3-q1,PMP - BOOK 8/8. Planejamento integrado do projeto/3/Gabarito - 8.3.txt,8. Planejamento integrado do projeto/3/1.png,Sim,Sim,Sim,multiple_choice,Nenhum,Conteúdo preservado,Nenhuma,PMP - BOOK 8/8. Planejamento integrado do projeto/3/Gabarito - 8.3.txt,alta
area8-s3-q2,PMP - BOOK 8/8. Planejamento integrado do projeto/3/Gabarito - 8.3.txt,8. Planejamento integrado do projeto/3/2.png,Sim,Sim,Sim,matching,Nenhum,Associação estruturada a partir dos pares da fonte,Nenhuma,PMP - BOOK 8/8. Planejamento integrado do projeto/3/Gabarito - 8.3.txt,alta
area8-s3-q3,PMP - BOOK 8/8. Planejamento integrado do projeto/3/Gabarito - 8.3.txt,8. Planejamento integrado do projeto/3/3.png,Sim,Sim,Sim,multiple_choice,Nenhum,Conteúdo preservado,Nenhuma,PMP - BOOK 8/8. Planejamento integrado do projeto/3/Gabarito - 8.3.txt,alta
area8-s4-q1,PMP - BOOK 8/8. Planejamento integrado do projeto/4/Gabarito - 8.4.txt,8. Planejamento integrado do projeto/4/1.png,Sim,Sim,Sim,multiple_choice,Nenhum,Conteúdo preservado,Nenhuma,PMP - BOOK 8/8. Planejamento integrado do projeto/4/Gabarito - 8.4.txt,alta
area8-s4-q2,PMP - BOOK 8/8. Planejamento integrado do projeto/4/Gabarito - 8.4.txt,8. Planejamento integrado do projeto/4/2.png,Sim,Sim,Sim,matching,Nenhum,Associação estruturada a partir dos pares da fonte,Nenhuma,PMP - BOOK 8/8. Planejamento integrado do projeto/4/Gabarito - 8.4.txt,alta
area8-s4-q3,PMP - BOOK 8/8. Planejamento integrado do projeto/4/Gabarito - 8.4.txt,8. Planejamento integrado do projeto/4/3.png,Sim,Sim,Sim,multiple_choice,Nenhum,Conteúdo preservado,Nenhuma,PMP - BOOK 8/8. Planejamento integrado do projeto/4/Gabarito - 8.4.txt,alta
area8-s5-q1,PMP - BOOK 8/8. Planejamento integrado do projeto/5/Gabarito - 8.5.txt,8. Planejamento integrado do projeto/5/1.png,Sim,Sim,Sim,multiple_choice,Nenhum,Conteúdo preservado,Nenhuma,PMP - BOOK 8/8. Planejamento integrado do projeto/5/Gabarito - 8.5.txt,alta
area8-s5-q2,PMP - BOOK 8/8. Planejamento integrado do projeto/5/Gabarito - 8.5.txt,8. Planejamento integrado do projeto/5/2.png,Sim,Sim,Sim,multiple_choice,Nenhum,Conteúdo preservado,Nenhuma,PMP - BOOK 8/8. Planejamento integrado do projeto/5/Gabarito - 8.5.txt,alta
area8-s5-q3,PMP - BOOK 8/8. Planejamento integrado do projeto/5/Gabarito - 8.5.txt,8. Planejamento integrado do projeto/5/3.png,Sim,Sim,Sim,matching,Nenhum,Associação estruturada a partir dos pares da fonte,Nenhuma,PMP - BOOK 8/8. Planejamento integrado do projeto/5/Gabarito - 8.5.txt,alta
area8-s5-q4,PMP - BOOK 8/8. Planejamento integrado do projeto/5/Gabarito - 8.5.txt,8. Planejamento integrado do projeto/5/4.png,Sim,Sim,Sim,matching,Nenhum,Associação estruturada a partir dos pares da fonte,Nenhuma,PMP - BOOK 8/8. Planejamento integrado do projeto/5/Gabarito - 8.5.txt,alta
area8-s6-q1,PMP - BOOK 8/8. Planejamento integrado do projeto/6/Gabarito - 8.6.txt,8. Planejamento integrado do projeto/6/1.png,Sim,Sim,Sim,multiple_choice,Nenhum,Conteúdo preservado,Nenhuma,PMP - BOOK 8/8. Planejamento integrado do projeto/6/Gabarito - 8.6.txt,alta
area8-s6-q2,PMP - BOOK 8/8. Planejamento integrado do projeto/6/Gabarito - 8.6.txt,8. Planejamento integrado do projeto/6/2.png,Sim,Sim,Sim,multiple_choice,Nenhum,Conteúdo preservado,Nenhuma,PMP - BOOK 8/8. Planejamento integrado do projeto/6/Gabarito - 8.6.txt,alta
area8-s6-q3,PMP - BOOK 8/8. Planejamento integrado do projeto/6/Gabarito - 8.6.txt,8. Planejamento integrado do projeto/6/3.png,Sim,Sim,Sim,multiple_choice,Nenhum,Conteúdo preservado,Nenhuma,PMP - BOOK 8/8. Planejamento integrado do projeto/6/Gabarito - 8.6.txt,alta
area8-s7-q1,PMP - BOOK 8/8. Planejamento integrado do projeto/7/Gabarito - 8.7.txt,8. Planejamento integrado do projeto/7/1.png,Sim,Sim,Sim,multiple_choice,Nenhum,Conteúdo preservado,Nenhuma,PMP - BOOK 8/8. Planejamento integrado do projeto/7/Gabarito - 8.7.txt,alta
area8-s7-q2,PMP - BOOK 8/8. Planejamento integrado do projeto/7/Gabarito - 8.7.txt,8. Planejamento integrado do projeto/7/2.png,Sim,Sim,Sim,multiple_choice,Nenhum,Conteúdo preservado,Nenhuma,PMP - BOOK 8/8. Planejamento integrado do projeto/7/Gabarito - 8.7.txt,alta
area8-s7-q3,PMP - BOOK 8/8. Planejamento integrado do projeto/7/Gabarito - 8.7.txt,8. Planejamento integrado do projeto/7/3.png,Sim,Sim,Sim,multiple_choice,Nenhum,Conteúdo preservado,Nenhuma,PMP - BOOK 8/8. Planejamento integrado do projeto/7/Gabarito - 8.7.txt,alta
area8-s7-q4,PMP - BOOK 8/8. Planejamento integrado do projeto/7/Gabarito - 8.7.txt,8. Planejamento integrado do projeto/7/4.png,Sim,Sim,Sim,multiple_choice,Nenhum,Conteúdo preservado,Nenhuma,PMP - BOOK 8/8. Planejamento integrado do projeto/7/Gabarito - 8.7.txt,alta
area8-s8-q1,PMP - BOOK 8/8. Planejamento integrado do projeto/8/Gabarito - 8.8.txt,8. Planejamento integrado do projeto/8/1.png,Sim,Sim,Sim,multiple_choice,Nenhum,Conteúdo preservado,Nenhuma,PMP - BOOK 8/8. Planejamento integrado do projeto/8/Gabarito - 8.8.txt,alta
area8-s8-q2,PMP - BOOK 8/8. Planejamento integrado do projeto/8/Gabarito - 8.8.txt,8. Planejamento integrado do projeto/8/2.png,Sim,Sim,Sim,multiple_choice,Nenhum,Conteúdo preservado,Nenhuma,PMP - BOOK 8/8. Planejamento integrado do projeto/8/Gabarito - 8.8.txt,alta
area8-s8-q3,PMP - BOOK 8/8. Planejamento integrado do projeto/8/Gabarito - 8.8.txt,8. Planejamento integrado do projeto/8/3.png,Sim,Sim,Sim,multiple_choice,Nenhum,Conteúdo preservado,Nenhuma,PMP - BOOK 8/8. Planejamento integrado do projeto/8/Gabarito - 8.8.txt,alta
area8-s8-q4,PMP - BOOK 8/8. Planejamento integrado do projeto/8/Gabarito - 8.8.txt,8. Planejamento integrado do projeto/8/4.png,Sim,Sim,Sim,multiple_choice,Nenhum,Conteúdo preservado,Nenhuma,PMP - BOOK 8/8. Planejamento integrado do projeto/8/Gabarito - 8.8.txt,alta
area8-s9-q1,—,8. Planejamento integrado do projeto/9/1.png,Sim,Sim,Sim,multiple_choice,Nenhum,Conteúdo preservado,Nenhuma,8. Planejamento integrado do projeto/9/1.png,high
area8-s9-q2,—,8. Planejamento integrado do projeto/9/2.png,Sim,Sim,Sim,multiple_choice,Nenhum,Conteúdo preservado,Nenhuma,8. Planejamento integrado do projeto/9/2.png,high
area8-s9-q3,—,8. Planejamento integrado do projeto/9/3.png,Sim,Sim,Sim,multiple_choice,Nenhum,Conteúdo preservado,Nenhuma,8. Planejamento integrado do projeto/9/3.png,high
area8-s10-q1,PMP - BOOK 8/8. Planejamento integrado do projeto/10/Gabarito - 8.10.txt,8. Planejamento integrado do projeto/10/1.png,Sim,Sim,Sim,multiple_choice,Nenhum,Conteúdo preservado,Nenhuma,PMP - BOOK 8/8. Planejamento integrado do projeto/10/Gabarito - 8.10.txt,alta
area8-s10-q2,PMP - BOOK 8/8. Planejamento integrado do projeto/10/Gabarito - 8.10.txt,8. Planejamento integrado do projeto/10/2.png,Sim,Sim,Sim,multiple_choice,Nenhum,Conteúdo preservado,Nenhuma,PMP - BOOK 8/8. Planejamento integrado do projeto/10/Gabarito - 8.10.txt,alta
area8-s10-q3,PMP - BOOK 8/8. Planejamento integrado do projeto/10/Gabarito - 8.10.txt,8. Planejamento integrado do projeto/10/3.png,Sim,Sim,Sim,multiple_choice,Nenhum,Conteúdo preservado,Nenhuma,PMP - BOOK 8/8. Planejamento integrado do projeto/10/Gabarito - 8.10.txt,alta
area8-s11-q1,PMP - BOOK 8/8. Planejamento integrado do projeto/11/Gabarito - 8.11.txt,8. Planejamento integrado do projeto/11/1.png,Sim,Sim,Sim,multiple_choice,Nenhum,Conteúdo preservado,Nenhuma,PMP - BOOK 8/8. Planejamento integrado do projeto/11/Gabarito - 8.11.txt,alta
area8-s11-q2,PMP - BOOK 8/8. Planejamento integrado do projeto/11/Gabarito - 8.11.txt,8. Planejamento integrado do projeto/11/2.png,Sim,Sim,Sim,multiple_choice,Nenhum,Conteúdo preservado,Nenhuma,PMP - BOOK 8/8. Planejamento integrado do projeto/11/Gabarito - 8.11.txt,alta
area8-s11-q3,PMP - BOOK 8/8. Planejamento integrado do projeto/11/Gabarito - 8.11.txt,8. Planejamento integrado do projeto/11/3.png,Sim,Sim,Sim,multiple_choice,Nenhum,Conteúdo preservado,Nenhuma,PMP - BOOK 8/8. Planejamento integrado do projeto/11/Gabarito - 8.11.txt,alta
area8-s12-q1,8. Planejamento integrado do projeto/12/Gabarito - 8.12.txt,8. Planejamento integrado do projeto/12/1.png,Sim,Sim,Sim,multiple_choice,Nenhum,Conteúdo preservado,Nenhuma,8. Planejamento integrado do projeto/12/caso-1.png; 8. Planejamento integrado do projeto/12/1.png,high
area8-s12-q2,8. Planejamento integrado do projeto/12/Gabarito - 8.12.txt,8. Planejamento integrado do projeto/12/2.png,Sim,Sim,Sim,multiple_choice,Nenhum,Conteúdo preservado,Nenhuma,8. Planejamento integrado do projeto/12/2.png,high
area8-s12-q3,8. Planejamento integrado do projeto/12/Gabarito - 8.12.txt,8. Planejamento integrado do projeto/12/3.png,Sim,Sim,Sim,multiple_choice,Nenhum,Conteúdo preservado,Nenhuma,8. Planejamento integrado do projeto/12/3.png,high
area8-s13-q1,PMP - BOOK 8/8. Planejamento integrado do projeto/13/Gabarito - 8.13.txt,8. Planejamento integrado do projeto/13/1.png,Sim,Sim,Sim,multiple_choice,Nenhum,Conteúdo preservado,Nenhuma,PMP - BOOK 8/8. Planejamento integrado do projeto/13/Gabarito - 8.13.txt,alta
area8-s13-q2,PMP - BOOK 8/8. Planejamento integrado do projeto/13/Gabarito - 8.13.txt,8. Planejamento integrado do projeto/13/2.png,Sim,Sim,Sim,multiple_choice,Nenhum,Conteúdo preservado,Nenhuma,PMP - BOOK 8/8. Planejamento integrado do projeto/13/Gabarito - 8.13.txt,alta
area8-s13-q3,PMP - BOOK 8/8. Planejamento integrado do projeto/13/Gabarito - 8.13.txt,8. Planejamento integrado do projeto/13/3.png,Sim,Sim,Sim,multiple_choice,Nenhum,Conteúdo preservado,Nenhuma,PMP - BOOK 8/8. Planejamento integrado do projeto/13/Gabarito - 8.13.txt,alta
area8-s13-q4,PMP - BOOK 8/8. Planejamento integrado do projeto/13/Gabarito - 8.13.txt,8. Planejamento integrado do projeto/13/4.png,Sim,Sim,Sim,multiple_choice,Nenhum,Conteúdo preservado,Nenhuma,PMP - BOOK 8/8. Planejamento integrado do projeto/13/Gabarito - 8.13.txt,alta
area8-s14-q1,PMP - BOOK 8/8. Planejamento integrado do projeto/14/Gabarito - 8.14.txt,8. Planejamento integrado do projeto/14/1.png,Sim,Sim,Sim,multiple_choice,Nenhum,Conteúdo preservado,Nenhuma,PMP - BOOK 8/8. Planejamento integrado do projeto/14/Gabarito - 8.14.txt,alta
area8-s14-q2,PMP - BOOK 8/8. Planejamento integrado do projeto/14/Gabarito - 8.14.txt,8. Planejamento integrado do projeto/14/2.png,Sim,Sim,Sim,multiple_choice,Nenhum,Conteúdo preservado,Nenhuma,PMP - BOOK 8/8. Planejamento integrado do projeto/14/Gabarito - 8.14.txt,alta
area8-s14-q3,PMP - BOOK 8/8. Planejamento integrado do projeto/14/Gabarito - 8.14.txt,8. Planejamento integrado do projeto/14/3.png,Sim,Sim,Sim,multiple_choice,Nenhum,Conteúdo preservado,Nenhuma,PMP - BOOK 8/8. Planejamento integrado do projeto/14/Gabarito - 8.14.txt,alta
area8-s14-q4,PMP - BOOK 8/8. Planejamento integrado do projeto/14/Gabarito - 8.14.txt,8. Planejamento integrado do projeto/14/4.png,Sim,Sim,Sim,multiple_choice,Nenhum,Conteúdo preservado,Nenhuma,PMP - BOOK 8/8. Planejamento integrado do projeto/14/Gabarito - 8.14.txt,alta
area8-s15-q1,PMP - BOOK 8/8. Planejamento integrado do projeto/15/Gabarito - 8.15.txt,8. Planejamento integrado do projeto/15/1.png,Sim,Sim,Sim,multiple_choice,Nenhum,Conteúdo preservado,Nenhuma,PMP - BOOK 8/8. Planejamento integrado do projeto/15/Gabarito - 8.15.txt,alta
area8-s15-q2,PMP - BOOK 8/8. Planejamento integrado do projeto/15/Gabarito - 8.15.txt,8. Planejamento integrado do projeto/15/2.png,Sim,Sim,Sim,multiple_choice,Nenhum,Conteúdo preservado,Nenhuma,PMP - BOOK 8/8. Planejamento integrado do projeto/15/Gabarito - 8.15.txt,alta
area8-s15-q3,PMP - BOOK 8/8. Planejamento integrado do projeto/15/Gabarito - 8.15.txt,8. Planejamento integrado do projeto/15/3.png,Sim,Sim,Sim,multiple_choice,Nenhum,Conteúdo preservado,Nenhuma,PMP - BOOK 8/8. Planejamento integrado do projeto/15/Gabarito - 8.15.txt,alta
area8-s16-q1,PMP - BOOK 8/8. Planejamento integrado do projeto/16/Gabarito - 8.16.txt,8. Planejamento integrado do projeto/16/1.png,Sim,Sim,Sim,multiple_choice,Nenhum,Conteúdo preservado,Nenhuma,PMP - BOOK 8/8. Planejamento integrado do projeto/16/Gabarito - 8.16.txt,alta
area8-s16-q2,PMP - BOOK 8/8. Planejamento integrado do projeto/16/Gabarito - 8.16.txt,8. Planejamento integrado do projeto/16/2.png,Sim,Sim,Sim,multiple_choice,Nenhum,Conteúdo preservado,Nenhuma,PMP - BOOK 8/8. Planejamento integrado do projeto/16/Gabarito - 8.16.txt,alta
area8-s16-q3,PMP - BOOK 8/8. Planejamento integrado do projeto/16/Gabarito - 8.16.txt,8. Planejamento integrado do projeto/16/3.png,Sim,Sim,Sim,multiple_choice,Nenhum,Conteúdo preservado,Nenhuma,PMP - BOOK 8/8. Planejamento integrado do projeto/16/Gabarito - 8.16.txt,alta
area8-s16-q4,PMP - BOOK 8/8. Planejamento integrado do projeto/16/Gabarito - 8.16.txt,8. Planejamento integrado do projeto/16/4.png,Sim,Sim,Sim,multiple_choice,Nenhum,Conteúdo preservado,Nenhuma,PMP - BOOK 8/8. Planejamento integrado do projeto/16/Gabarito - 8.16.txt,alta
area9-s1-q1,PMP - BOOK 8/9. Comunicações e relatórios/1/Gabarito - 9.1.txt,9. Comunicações e relatórios/1/1.png,Sim,Sim,Sim,multiple_choice,Nenhum,Conteúdo preservado,Nenhuma,PMP - BOOK 8/9. Comunicações e relatórios/1/Gabarito - 9.1.txt,alta
area9-s1-q2,PMP - BOOK 8/9. Comunicações e relatórios/1/Gabarito - 9.1.txt,9. Comunicações e relatórios/1/2.png,Sim,Sim,Sim,multiple_choice,Nenhum,Conteúdo preservado,Nenhuma,PMP - BOOK 8/9. Comunicações e relatórios/1/Gabarito - 9.1.txt,alta
area9-s1-q3,PMP - BOOK 8/9. Comunicações e relatórios/1/Gabarito - 9.1.txt,9. Comunicações e relatórios/1/3.png,Sim,Sim,Sim,multiple_choice,Nenhum,Conteúdo preservado,Nenhuma,PMP - BOOK 8/9. Comunicações e relatórios/1/Gabarito - 9.1.txt,alta
area9-s1-q4,PMP - BOOK 8/9. Comunicações e relatórios/1/Gabarito - 9.1.txt,9. Comunicações e relatórios/1/4.png,Sim,Sim,Sim,multiple_choice,Nenhum,Conteúdo preservado,Nenhuma,PMP - BOOK 8/9. Comunicações e relatórios/1/Gabarito - 9.1.txt,alta
area9-s1-q5,PMP - BOOK 8/9. Comunicações e relatórios/1/Gabarito - 9.1.txt,9. Comunicações e relatórios/1/5.png,Sim,Sim,Sim,multiple_choice,Nenhum,Conteúdo preservado,Nenhuma,PMP - BOOK 8/9. Comunicações e relatórios/1/Gabarito - 9.1.txt,alta
area9-s1-q6,PMP - BOOK 8/9. Comunicações e relatórios/1/Gabarito - 9.1.txt,9. Comunicações e relatórios/1/6.png,Sim,Sim,Sim,multiple_choice,Nenhum,Conteúdo preservado,Nenhuma,PMP - BOOK 8/9. Comunicações e relatórios/1/Gabarito - 9.1.txt,alta
area9-s1-q7,PMP - BOOK 8/9. Comunicações e relatórios/1/Gabarito - 9.1.txt,9. Comunicações e relatórios/1/7.png,Sim,Sim,Sim,multiple_choice,Nenhum,Conteúdo preservado,Nenhuma,PMP - BOOK 8/9. Comunicações e relatórios/1/Gabarito - 9.1.txt,alta
area9-s1-q8,PMP - BOOK 8/9. Comunicações e relatórios/1/Gabarito - 9.1.txt,9. Comunicações e relatórios/1/8.png,Sim,Sim,Sim,multiple_choice,Nenhum,Conteúdo preservado,Nenhuma,PMP - BOOK 8/9. Comunicações e relatórios/1/Gabarito - 9.1.txt,alta
area9-s1-q9,PMP - BOOK 8/9. Comunicações e relatórios/1/Gabarito - 9.1.txt,9. Comunicações e relatórios/1/9.png,Sim,Sim,Sim,multiple_choice,Nenhum,Conteúdo preservado,Nenhuma,PMP - BOOK 8/9. Comunicações e relatórios/1/Gabarito - 9.1.txt,alta
area9-s1-q10,PMP - BOOK 8/9. Comunicações e relatórios/1/Gabarito - 9.1.txt,9. Comunicações e relatórios/1/10.png,Sim,Sim,Sim,multiple_choice,Nenhum,Conteúdo preservado,Nenhuma,PMP - BOOK 8/9. Comunicações e relatórios/1/Gabarito - 9.1.txt,alta
area9-s1-q11,PMP - BOOK 8/9. Comunicações e relatórios/1/Gabarito - 9.1.txt,9. Comunicações e relatórios/1/11.png,Sim,Sim,Sim,multiple_choice,Nenhum,Conteúdo preservado,Nenhuma,PMP - BOOK 8/9. Comunicações e relatórios/1/Gabarito - 9.1.txt,alta
area9-s2-q1,PMP - BOOK 8/9. Comunicações e relatórios/2/Gabarito - 9.2.txt,9. Comunicações e relatórios/2/1.png,Sim,Sim,Sim,multiple_choice,Nenhum,Conteúdo preservado,Nenhuma,PMP - BOOK 8/9. Comunicações e relatórios/2/Gabarito - 9.2.txt,alta
area9-s2-q2,PMP - BOOK 8/9. Comunicações e relatórios/2/Gabarito - 9.2.txt,9. Comunicações e relatórios/2/2.png,Sim,Sim,Sim,multiple_choice,Nenhum,Conteúdo preservado,Nenhuma,PMP - BOOK 8/9. Comunicações e relatórios/2/Gabarito - 9.2.txt,alta
area9-s2-q3,PMP - BOOK 8/9. Comunicações e relatórios/2/Gabarito - 9.2.txt,9. Comunicações e relatórios/2/3.png,Sim,Sim,Sim,multiple_choice,Nenhum,Conteúdo preservado,Nenhuma,PMP - BOOK 8/9. Comunicações e relatórios/2/Gabarito - 9.2.txt,alta
area9-s2-q4,PMP - BOOK 8/9. Comunicações e relatórios/2/Gabarito - 9.2.txt,9. Comunicações e relatórios/2/4.png,Sim,Sim,Sim,multiple_selection,Nenhum,Conteúdo preservado,Nenhuma,PMP - BOOK 8/9. Comunicações e relatórios/2/Gabarito - 9.2.txt,alta
area9-s2-q5,PMP - BOOK 8/9. Comunicações e relatórios/2/Gabarito - 9.2.txt,9. Comunicações e relatórios/2/5.png,Sim,Sim,Sim,multiple_choice,Nenhum,Conteúdo preservado,Nenhuma,PMP - BOOK 8/9. Comunicações e relatórios/2/Gabarito - 9.2.txt,alta
area9-s2-q6,PMP - BOOK 8/9. Comunicações e relatórios/2/Gabarito - 9.2.txt,9. Comunicações e relatórios/2/6.png,Sim,Sim,Sim,multiple_selection,Nenhum,Conteúdo preservado,Nenhuma,PMP - BOOK 8/9. Comunicações e relatórios/2/Gabarito - 9.2.txt,alta
area9-s2-q7,PMP - BOOK 8/9. Comunicações e relatórios/2/Gabarito - 9.2.txt,9. Comunicações e relatórios/2/7.png,Sim,Sim,Sim,multiple_choice,Nenhum,Conteúdo preservado,Nenhuma,PMP - BOOK 8/9. Comunicações e relatórios/2/Gabarito - 9.2.txt,alta
area9-s2-q8,PMP - BOOK 8/9. Comunicações e relatórios/2/Gabarito - 9.2.txt,9. Comunicações e relatórios/2/8.png,Sim,Sim,Sim,multiple_choice,Nenhum,Conteúdo preservado,Nenhuma,PMP - BOOK 8/9. Comunicações e relatórios/2/Gabarito - 9.2.txt,alta
area9-s2-q9,PMP - BOOK 8/9. Comunicações e relatórios/2/Gabarito - 9.2.txt,9. Comunicações e relatórios/2/9.png,Sim,Sim,Sim,multiple_choice,Nenhum,Conteúdo preservado,Nenhuma,PMP - BOOK 8/9. Comunicações e relatórios/2/Gabarito - 9.2.txt,alta
area9-s2-q10,PMP - BOOK 8/9. Comunicações e relatórios/2/Gabarito - 9.2.txt,9. Comunicações e relatórios/2/10.png,Sim,Sim,Sim,multiple_choice,Nenhum,Conteúdo preservado,Nenhuma,PMP - BOOK 8/9. Comunicações e relatórios/2/Gabarito - 9.2.txt,alta
area9-s2-q11,PMP - BOOK 8/9. Comunicações e relatórios/2/Gabarito - 9.2.txt,9. Comunicações e relatórios/2/11.png,Sim,Sim,Sim,multiple_choice,Nenhum,Conteúdo preservado,Nenhuma,PMP - BOOK 8/9. Comunicações e relatórios/2/Gabarito - 9.2.txt,alta
area9-s2-q12,PMP - BOOK 8/9. Comunicações e relatórios/2/Gabarito - 9.2.txt,9. Comunicações e relatórios/2/12.png,Sim,Sim,Sim,multiple_choice,Nenhum,Conteúdo preservado,Nenhuma,PMP - BOOK 8/9. Comunicações e relatórios/2/Gabarito - 9.2.txt,alta
area9-s3-q1,—,9. Comunicações e relatórios/3/1.png,Sim,Sim,Sim,multiple_choice,Nenhum,Conteúdo preservado,Nenhuma,9. Comunicações e relatórios/3/1.png,high
area9-s3-q2,—,9. Comunicações e relatórios/3/2.png,Sim,Sim,Sim,multiple_choice,Nenhum,Conteúdo preservado,Nenhuma,9. Comunicações e relatórios/3/2.png,high
area9-s3-q3,—,9. Comunicações e relatórios/3/3.png,Sim,Sim,Sim,multiple_choice,Nenhum,Conteúdo preservado,Nenhuma,9. Comunicações e relatórios/3/3.png,high
area9-s3-q4,—,9. Comunicações e relatórios/3/4.png,Sim,Sim,Sim,multiple_choice,Nenhum,Conteúdo preservado,Nenhuma,9. Comunicações e relatórios/3/4.png,high
area9-s3-q5,—,9. Comunicações e relatórios/3/5.png,Sim,Sim,Sim,multiple_choice,Nenhum,Conteúdo preservado,Nenhuma,9. Comunicações e relatórios/3/5.png,high
area9-s3-q6,—,9. Comunicações e relatórios/3/6.png,Sim,Sim,Sim,multiple_choice,Nenhum,Conteúdo preservado,Nenhuma,9. Comunicações e relatórios/3/6.png,high
area9-s3-q7,—,9. Comunicações e relatórios/3/7.png,Sim,Sim,Sim,multiple_choice,Nenhum,Conteúdo preservado,Nenhuma,9. Comunicações e relatórios/3/7.png,high
area9-s3-q8,—,9. Comunicações e relatórios/3/8.png,Sim,Sim,Sim,multiple_choice,Nenhum,Conteúdo preservado,Nenhuma,9. Comunicações e relatórios/3/8.png,high
area9-s3-q9,—,9. Comunicações e relatórios/3/9.png,Sim,Sim,Sim,multiple_choice,Nenhum,Conteúdo preservado,Nenhuma,9. Comunicações e relatórios/3/9.png,high
area9-s3-q10,—,9. Comunicações e relatórios/3/10.png,Sim,Sim,Sim,multiple_choice,Nenhum,Conteúdo preservado,Nenhuma,9. Comunicações e relatórios/3/10.png,high
area9-s3-q11,—,9. Comunicações e relatórios/3/11.png,Sim,Sim,Sim,multiple_choice,Nenhum,Conteúdo preservado,Nenhuma,9. Comunicações e relatórios/3/11.png,high
area9-s4-q1,—,9. Comunicações e relatórios/4/1.png,Sim,Sim,Sim,multiple_choice,Nenhum,Conteúdo preservado,Nenhuma,9. Comunicações e relatórios/4/1.png; 9. Comunicações e relatórios/4/caso-1.png,high
area9-s4-q2,—,9. Comunicações e relatórios/4/2.png,Sim,Sim,Sim,multiple_choice,Nenhum,Conteúdo preservado,Nenhuma,9. Comunicações e relatórios/4/2.png,high
area9-s4-q3,—,9. Comunicações e relatórios/4/3.png,Sim,Sim,Sim,multiple_choice,Nenhum,Conteúdo preservado,Nenhuma,9. Comunicações e relatórios/4/3.png,high
area9-s4-q4,—,9. Comunicações e relatórios/4/4.png,Sim,Sim,Sim,multiple_choice,Nenhum,Conteúdo preservado,Nenhuma,9. Comunicações e relatórios/4/4.png,high
area9-s4-q5,—,9. Comunicações e relatórios/4/5.png,Sim,Sim,Sim,multiple_choice,Nenhum,Conteúdo preservado,Nenhuma,9. Comunicações e relatórios/4/5.png,high
area9-s4-q6,—,9. Comunicações e relatórios/4/6.png,Sim,Sim,Sim,multiple_choice,Nenhum,Conteúdo preservado,Nenhuma,9. Comunicações e relatórios/4/6.png,high
area9-s4-q7,—,9. Comunicações e relatórios/4/7.png,Sim,Sim,Sim,multiple_choice,Nenhum,Conteúdo preservado,Nenhuma,9. Comunicações e relatórios/4/7.png,high
area9-s4-q8,—,9. Comunicações e relatórios/4/8.png,Sim,Sim,Sim,multiple_choice,Nenhum,Conteúdo preservado,Nenhuma,9. Comunicações e relatórios/4/8.png,high
area9-s4-q9,—,9. Comunicações e relatórios/4/9.png,Sim,Sim,Sim,multiple_choice,Nenhum,Conteúdo preservado,Nenhuma,9. Comunicações e relatórios/4/9.png,high
area9-s4-q10,—,9. Comunicações e relatórios/4/10.png,Sim,Sim,Sim,multiple_choice,Nenhum,Conteúdo preservado,Nenhuma,9. Comunicações e relatórios/4/10.png,high
area9-s4-q11,—,9. Comunicações e relatórios/4/11.png,Sim,Sim,Sim,multiple_choice,Nenhum,Conteúdo preservado,Nenhuma,9. Comunicações e relatórios/4/11.png,high
area9-s4-q12,—,9. Comunicações e relatórios/4/12.png,Sim,Sim,Sim,multiple_choice,Nenhum,Conteúdo preservado,Nenhuma,9. Comunicações e relatórios/4/12.png,high
area9-s5-q1,PMP - BOOK 8/9. Comunicações e relatórios/5/Gabarito - 9.5.txt,9. Comunicações e relatórios/5/1.png,Sim,Sim,Sim,multiple_choice,Nenhum,Conteúdo preservado,Nenhuma,PMP - BOOK 8/9. Comunicações e relatórios/5/Gabarito - 9.5.txt,alta
area9-s5-q2,PMP - BOOK 8/9. Comunicações e relatórios/5/Gabarito - 9.5.txt,9. Comunicações e relatórios/5/2.png,Sim,Sim,Sim,multiple_selection,Nenhum,Conteúdo preservado,Nenhuma,PMP - BOOK 8/9. Comunicações e relatórios/5/Gabarito - 9.5.txt,alta
area9-s5-q3,PMP - BOOK 8/9. Comunicações e relatórios/5/Gabarito - 9.5.txt,9. Comunicações e relatórios/5/3.png,Sim,Sim,Sim,multiple_choice,Nenhum,Conteúdo preservado,Nenhuma,PMP - BOOK 8/9. Comunicações e relatórios/5/Gabarito - 9.5.txt,alta
area9-s5-q4,PMP - BOOK 8/9. Comunicações e relatórios/5/Gabarito - 9.5.txt,9. Comunicações e relatórios/5/4.png,Sim,Sim,Sim,multiple_choice,Nenhum,Conteúdo preservado,Nenhuma,PMP - BOOK 8/9. Comunicações e relatórios/5/Gabarito - 9.5.txt,alta
area9-s5-q5,PMP - BOOK 8/9. Comunicações e relatórios/5/Gabarito - 9.5.txt,9. Comunicações e relatórios/5/5.png,Sim,Sim,Sim,multiple_choice,Nenhum,Conteúdo preservado,Nenhuma,PMP - BOOK 8/9. Comunicações e relatórios/5/Gabarito - 9.5.txt,alta
area9-s5-q6,PMP - BOOK 8/9. Comunicações e relatórios/5/Gabarito - 9.5.txt,9. Comunicações e relatórios/5/6.png,Sim,Sim,Sim,multiple_selection,Nenhum,Conteúdo preservado,Nenhuma,PMP - BOOK 8/9. Comunicações e relatórios/5/Gabarito - 9.5.txt,alta
area9-s5-q7,PMP - BOOK 8/9. Comunicações e relatórios/5/Gabarito - 9.5.txt,9. Comunicações e relatórios/5/7.png,Sim,Sim,Sim,multiple_choice,Nenhum,Conteúdo preservado,Nenhuma,PMP - BOOK 8/9. Comunicações e relatórios/5/Gabarito - 9.5.txt,alta
area9-s5-q8,PMP - BOOK 8/9. Comunicações e relatórios/5/Gabarito - 9.5.txt,9. Comunicações e relatórios/5/8.png,Sim,Sim,Sim,multiple_choice,Nenhum,Conteúdo preservado,Nenhuma,PMP - BOOK 8/9. Comunicações e relatórios/5/Gabarito - 9.5.txt,alta
area9-s5-q9,PMP - BOOK 8/9. Comunicações e relatórios/5/Gabarito - 9.5.txt,9. Comunicações e relatórios/5/9.png,Sim,Sim,Sim,multiple_choice,Nenhum,Conteúdo preservado,Nenhuma,PMP - BOOK 8/9. Comunicações e relatórios/5/Gabarito - 9.5.txt,alta
area9-s5-q10,PMP - BOOK 8/9. Comunicações e relatórios/5/Gabarito - 9.5.txt,9. Comunicações e relatórios/5/10.png,Sim,Sim,Sim,multiple_choice,Nenhum,Conteúdo preservado,Nenhuma,PMP - BOOK 8/9. Comunicações e relatórios/5/Gabarito - 9.5.txt,alta
area9-s5-q11,PMP - BOOK 8/9. Comunicações e relatórios/5/Gabarito - 9.5.txt,9. Comunicações e relatórios/5/11.png,Sim,Sim,Sim,multiple_choice,Nenhum,Conteúdo preservado,Nenhuma,PMP - BOOK 8/9. Comunicações e relatórios/5/Gabarito - 9.5.txt,alta
area9-s5-q12,PMP - BOOK 8/9. Comunicações e relatórios/5/Gabarito - 9.5.txt,9. Comunicações e relatórios/5/12.png,Sim,Sim,Sim,multiple_choice,Nenhum,Conteúdo preservado,Nenhuma,PMP - BOOK 8/9. Comunicações e relatórios/5/Gabarito - 9.5.txt,alta
area9-s6-q1,PMP - BOOK 8/9. Comunicações e relatórios/6/Gabarito - 9.6.txt,9. Comunicações e relatórios/6/1.png,Sim,Sim,Sim,multiple_choice,Nenhum,Conteúdo preservado,Nenhuma,PMP - BOOK 8/9. Comunicações e relatórios/6/Gabarito - 9.6.txt,alta
area9-s6-q2,PMP - BOOK 8/9. Comunicações e relatórios/6/Gabarito - 9.6.txt,9. Comunicações e relatórios/6/2.png,Sim,Sim,Sim,multiple_choice,Nenhum,Conteúdo preservado,Nenhuma,PMP - BOOK 8/9. Comunicações e relatórios/6/Gabarito - 9.6.txt,alta
area9-s6-q3,PMP - BOOK 8/9. Comunicações e relatórios/6/Gabarito - 9.6.txt,9. Comunicações e relatórios/6/3.png,Sim,Sim,Sim,multiple_selection,Nenhum,Conteúdo preservado,Nenhuma,PMP - BOOK 8/9. Comunicações e relatórios/6/Gabarito - 9.6.txt,alta
area9-s6-q4,PMP - BOOK 8/9. Comunicações e relatórios/6/Gabarito - 9.6.txt,9. Comunicações e relatórios/6/4.png,Sim,Sim,Sim,multiple_selection,Nenhum,Conteúdo preservado,Nenhuma,PMP - BOOK 8/9. Comunicações e relatórios/6/Gabarito - 9.6.txt,alta
area9-s6-q5,PMP - BOOK 8/9. Comunicações e relatórios/6/Gabarito - 9.6.txt,9. Comunicações e relatórios/6/5.png,Sim,Sim,Sim,multiple_selection,Nenhum,Conteúdo preservado,Nenhuma,PMP - BOOK 8/9. Comunicações e relatórios/6/Gabarito - 9.6.txt,alta
area9-s6-q6,PMP - BOOK 8/9. Comunicações e relatórios/6/Gabarito - 9.6.txt,9. Comunicações e relatórios/6/6.png,Sim,Sim,Sim,multiple_selection,Nenhum,Conteúdo preservado,Nenhuma,PMP - BOOK 8/9. Comunicações e relatórios/6/Gabarito - 9.6.txt,alta
area9-s6-q7,PMP - BOOK 8/9. Comunicações e relatórios/6/Gabarito - 9.6.txt,9. Comunicações e relatórios/6/7.png,Sim,Sim,Sim,multiple_selection,Nenhum,Conteúdo preservado,Nenhuma,PMP - BOOK 8/9. Comunicações e relatórios/6/Gabarito - 9.6.txt,alta
area9-s6-q8,PMP - BOOK 8/9. Comunicações e relatórios/6/Gabarito - 9.6.txt,9. Comunicações e relatórios/6/8.png,Sim,Sim,Sim,multiple_choice,Nenhum,Conteúdo preservado,Nenhuma,PMP - BOOK 8/9. Comunicações e relatórios/6/Gabarito - 9.6.txt,alta
area9-s6-q9,PMP - BOOK 8/9. Comunicações e relatórios/6/Gabarito - 9.6.txt,9. Comunicações e relatórios/6/9.png,Sim,Sim,Sim,multiple_choice,Nenhum,Conteúdo preservado,Nenhuma,PMP - BOOK 8/9. Comunicações e relatórios/6/Gabarito - 9.6.txt,alta
area9-s6-q10,PMP - BOOK 8/9. Comunicações e relatórios/6/Gabarito - 9.6.txt,9. Comunicações e relatórios/6/10.png,Sim,Sim,Sim,multiple_choice,Nenhum,Conteúdo preservado,Nenhuma,PMP - BOOK 8/9. Comunicações e relatórios/6/Gabarito - 9.6.txt,alta
area9-s6-q11,PMP - BOOK 8/9. Comunicações e relatórios/6/Gabarito - 9.6.txt,9. Comunicações e relatórios/6/11.png,Sim,Sim,Sim,multiple_choice,Nenhum,Conteúdo preservado,Nenhuma,PMP - BOOK 8/9. Comunicações e relatórios/6/Gabarito - 9.6.txt,alta
area9-s6-q12,PMP - BOOK 8/9. Comunicações e relatórios/6/Gabarito - 9.6.txt,9. Comunicações e relatórios/6/12.png,Sim,Sim,Sim,multiple_choice,Nenhum,Conteúdo preservado,Nenhuma,PMP - BOOK 8/9. Comunicações e relatórios/6/Gabarito - 9.6.txt,alta
area9-s6-q13,PMP - BOOK 8/9. Comunicações e relatórios/6/Gabarito - 9.6.txt,9. Comunicações e relatórios/6/13.png,Sim,Sim,Sim,multiple_choice,Nenhum,Conteúdo preservado,Nenhuma,PMP - BOOK 8/9. Comunicações e relatórios/6/Gabarito - 9.6.txt,alta
area9-s7-q1,PMP - BOOK 8/9. Comunicações e relatórios/7/Gabarito - 9.7.txt,9. Comunicações e relatórios/7/1.png,Sim,Sim,Sim,multiple_choice,Nenhum,Conteúdo preservado,Nenhuma,PMP - BOOK 8/9. Comunicações e relatórios/7/Gabarito - 9.7.txt,alta
area9-s7-q2,PMP - BOOK 8/9. Comunicações e relatórios/7/Gabarito - 9.7.txt,9. Comunicações e relatórios/7/2.png,Sim,Sim,Sim,multiple_choice,Nenhum,Conteúdo preservado,Nenhuma,PMP - BOOK 8/9. Comunicações e relatórios/7/Gabarito - 9.7.txt,alta
area9-s7-q3,PMP - BOOK 8/9. Comunicações e relatórios/7/Gabarito - 9.7.txt,9. Comunicações e relatórios/7/3.png,Sim,Sim,Sim,multiple_selection,Nenhum,Conteúdo preservado,Nenhuma,PMP - BOOK 8/9. Comunicações e relatórios/7/Gabarito - 9.7.txt,alta
area9-s7-q4,PMP - BOOK 8/9. Comunicações e relatórios/7/Gabarito - 9.7.txt,9. Comunicações e relatórios/7/4.png,Sim,Sim,Sim,multiple_choice,Nenhum,Conteúdo preservado,Nenhuma,PMP - BOOK 8/9. Comunicações e relatórios/7/Gabarito - 9.7.txt,alta
area9-s7-q5,PMP - BOOK 8/9. Comunicações e relatórios/7/Gabarito - 9.7.txt,9. Comunicações e relatórios/7/5.png,Sim,Sim,Sim,multiple_choice,Nenhum,Conteúdo preservado,Nenhuma,PMP - BOOK 8/9. Comunicações e relatórios/7/Gabarito - 9.7.txt,alta
area9-s7-q6,PMP - BOOK 8/9. Comunicações e relatórios/7/Gabarito - 9.7.txt,9. Comunicações e relatórios/7/6.png,Sim,Sim,Sim,multiple_choice,Nenhum,Conteúdo preservado,Nenhuma,PMP - BOOK 8/9. Comunicações e relatórios/7/Gabarito - 9.7.txt,alta
area9-s7-q7,PMP - BOOK 8/9. Comunicações e relatórios/7/Gabarito - 9.7.txt,9. Comunicações e relatórios/7/7.png,Sim,Sim,Sim,multiple_choice,Nenhum,Conteúdo preservado,Nenhuma,PMP - BOOK 8/9. Comunicações e relatórios/7/Gabarito - 9.7.txt,alta
area9-s7-q8,PMP - BOOK 8/9. Comunicações e relatórios/7/Gabarito - 9.7.txt,9. Comunicações e relatórios/7/8.png,Sim,Sim,Sim,multiple_choice,Nenhum,Conteúdo preservado,Nenhuma,PMP - BOOK 8/9. Comunicações e relatórios/7/Gabarito - 9.7.txt,alta
area9-s7-q9,PMP - BOOK 8/9. Comunicações e relatórios/7/Gabarito - 9.7.txt,9. Comunicações e relatórios/7/9.png,Sim,Sim,Sim,multiple_choice,Nenhum,Conteúdo preservado,Nenhuma,PMP - BOOK 8/9. Comunicações e relatórios/7/Gabarito - 9.7.txt,alta
area9-s7-q10,PMP - BOOK 8/9. Comunicações e relatórios/7/Gabarito - 9.7.txt,9. Comunicações e relatórios/7/10.png,Sim,Sim,Sim,multiple_choice,Nenhum,Conteúdo preservado,Nenhuma,PMP - BOOK 8/9. Comunicações e relatórios/7/Gabarito - 9.7.txt,alta
area9-s7-q11,PMP - BOOK 8/9. Comunicações e relatórios/7/Gabarito - 9.7.txt,9. Comunicações e relatórios/7/11.png,Sim,Sim,Sim,multiple_choice,Nenhum,Conteúdo preservado,Nenhuma,PMP - BOOK 8/9. Comunicações e relatórios/7/Gabarito - 9.7.txt,alta
area9-s7-q12,PMP - BOOK 8/9. Comunicações e relatórios/7/Gabarito - 9.7.txt,9. Comunicações e relatórios/7/12.png,Sim,Sim,Sim,multiple_choice,Nenhum,Conteúdo preservado,Nenhuma,PMP - BOOK 8/9. Comunicações e relatórios/7/Gabarito - 9.7.txt,alta
area9-s7-q13,PMP - BOOK 8/9. Comunicações e relatórios/7/Gabarito - 9.7.txt,9. Comunicações e relatórios/7/13.png,Sim,Sim,Sim,multiple_choice,Nenhum,Conteúdo preservado,Nenhuma,PMP - BOOK 8/9. Comunicações e relatórios/7/Gabarito - 9.7.txt,alta
area9-s8-q1,PMP - BOOK 8/9. Comunicações e relatórios/8/Gabarito - 9.8.txt,9. Comunicações e relatórios/8/1.png,Sim,Sim,Sim,multiple_choice,Nenhum,Conteúdo preservado,Nenhuma,PMP - BOOK 8/9. Comunicações e relatórios/8/Gabarito - 9.8.txt,alta
area9-s8-q2,PMP - BOOK 8/9. Comunicações e relatórios/8/Gabarito - 9.8.txt,9. Comunicações e relatórios/8/2.png,Sim,Sim,Sim,multiple_choice,Nenhum,Conteúdo preservado,Nenhuma,PMP - BOOK 8/9. Comunicações e relatórios/8/Gabarito - 9.8.txt,alta
area9-s8-q3,PMP - BOOK 8/9. Comunicações e relatórios/8/Gabarito - 9.8.txt,9. Comunicações e relatórios/8/3.png,Sim,Sim,Sim,multiple_choice,Nenhum,Conteúdo preservado,Nenhuma,PMP - BOOK 8/9. Comunicações e relatórios/8/Gabarito - 9.8.txt,alta
area9-s8-q4,PMP - BOOK 8/9. Comunicações e relatórios/8/Gabarito - 9.8.txt,9. Comunicações e relatórios/8/4.png,Sim,Sim,Sim,multiple_choice,Nenhum,Conteúdo preservado,Nenhuma,PMP - BOOK 8/9. Comunicações e relatórios/8/Gabarito - 9.8.txt,alta
area9-s8-q5,PMP - BOOK 8/9. Comunicações e relatórios/8/Gabarito - 9.8.txt,9. Comunicações e relatórios/8/5.png,Sim,Sim,Sim,multiple_selection,Nenhum,Conteúdo preservado,Nenhuma,PMP - BOOK 8/9. Comunicações e relatórios/8/Gabarito - 9.8.txt,alta
area9-s8-q6,PMP - BOOK 8/9. Comunicações e relatórios/8/Gabarito - 9.8.txt,9. Comunicações e relatórios/8/6.png,Sim,Sim,Sim,multiple_choice,Nenhum,Conteúdo preservado,Nenhuma,PMP - BOOK 8/9. Comunicações e relatórios/8/Gabarito - 9.8.txt,alta
area9-s8-q7,PMP - BOOK 8/9. Comunicações e relatórios/8/Gabarito - 9.8.txt,9. Comunicações e relatórios/8/7.png,Sim,Sim,Sim,multiple_choice,Nenhum,Conteúdo preservado,Nenhuma,PMP - BOOK 8/9. Comunicações e relatórios/8/Gabarito - 9.8.txt,alta
area9-s8-q8,PMP - BOOK 8/9. Comunicações e relatórios/8/Gabarito - 9.8.txt,9. Comunicações e relatórios/8/8.png,Sim,Sim,Sim,multiple_choice,Nenhum,Conteúdo preservado,Nenhuma,PMP - BOOK 8/9. Comunicações e relatórios/8/Gabarito - 9.8.txt,alta
area9-s8-q9,PMP - BOOK 8/9. Comunicações e relatórios/8/Gabarito - 9.8.txt,9. Comunicações e relatórios/8/9.png,Sim,Sim,Sim,multiple_choice,Nenhum,Conteúdo preservado,Nenhuma,PMP - BOOK 8/9. Comunicações e relatórios/8/Gabarito - 9.8.txt,alta
area9-s8-q10,PMP - BOOK 8/9. Comunicações e relatórios/8/Gabarito - 9.8.txt,9. Comunicações e relatórios/8/10.png,Sim,Sim,Sim,matching,Nenhum,Associação estruturada a partir dos pares da fonte,Nenhuma,PMP - BOOK 8/9. Comunicações e relatórios/8/Gabarito - 9.8.txt,alta
area9-s8-q11,PMP - BOOK 8/9. Comunicações e relatórios/8/Gabarito - 9.8.txt,9. Comunicações e relatórios/8/11.png,Sim,Sim,Sim,multiple_selection,Nenhum,Conteúdo preservado,Nenhuma,PMP - BOOK 8/9. Comunicações e relatórios/8/Gabarito - 9.8.txt,alta
area9-s9-q1,PMP - BOOK 8/9. Comunicações e relatórios/9/Gabarito - 9.9.txt,9. Comunicações e relatórios/9/1.png,Sim,Sim,Sim,multiple_choice,Nenhum,Conteúdo preservado,Nenhuma,PMP - BOOK 8/9. Comunicações e relatórios/9/Gabarito - 9.9.txt,alta
area9-s9-q2,PMP - BOOK 8/9. Comunicações e relatórios/9/Gabarito - 9.9.txt,9. Comunicações e relatórios/9/2.png,Sim,Sim,Sim,multiple_choice,Nenhum,Conteúdo preservado,Nenhuma,PMP - BOOK 8/9. Comunicações e relatórios/9/Gabarito - 9.9.txt,alta
area9-s9-q3,PMP - BOOK 8/9. Comunicações e relatórios/9/Gabarito - 9.9.txt,9. Comunicações e relatórios/9/3.png,Sim,Sim,Sim,multiple_choice,Nenhum,Conteúdo preservado,Nenhuma,PMP - BOOK 8/9. Comunicações e relatórios/9/Gabarito - 9.9.txt,alta
area9-s9-q4,PMP - BOOK 8/9. Comunicações e relatórios/9/Gabarito - 9.9.txt,9. Comunicações e relatórios/9/4.png,Sim,Sim,Sim,multiple_choice,Nenhum,Conteúdo preservado,Nenhuma,PMP - BOOK 8/9. Comunicações e relatórios/9/Gabarito - 9.9.txt,alta
area9-s9-q5,PMP - BOOK 8/9. Comunicações e relatórios/9/Gabarito - 9.9.txt,9. Comunicações e relatórios/9/5.png,Sim,Sim,Sim,multiple_choice,Nenhum,Conteúdo preservado,Nenhuma,PMP - BOOK 8/9. Comunicações e relatórios/9/Gabarito - 9.9.txt,alta
area9-s9-q6,PMP - BOOK 8/9. Comunicações e relatórios/9/Gabarito - 9.9.txt,9. Comunicações e relatórios/9/6.png,Sim,Sim,Sim,multiple_choice,Nenhum,Conteúdo preservado,Nenhuma,PMP - BOOK 8/9. Comunicações e relatórios/9/Gabarito - 9.9.txt,alta
area9-s9-q7,PMP - BOOK 8/9. Comunicações e relatórios/9/Gabarito - 9.9.txt,9. Comunicações e relatórios/9/7.png,Sim,Sim,Sim,multiple_choice,Nenhum,Conteúdo preservado,Nenhuma,PMP - BOOK 8/9. Comunicações e relatórios/9/Gabarito - 9.9.txt,alta
area9-s9-q8,PMP - BOOK 8/9. Comunicações e relatórios/9/Gabarito - 9.9.txt,9. Comunicações e relatórios/9/8.png,Sim,Sim,Sim,multiple_choice,Nenhum,Conteúdo preservado,Nenhuma,PMP - BOOK 8/9. Comunicações e relatórios/9/Gabarito - 9.9.txt,alta
area9-s9-q9,PMP - BOOK 8/9. Comunicações e relatórios/9/Gabarito - 9.9.txt,9. Comunicações e relatórios/9/9.png,Sim,Sim,Sim,multiple_choice,Nenhum,Conteúdo preservado,Nenhuma,PMP - BOOK 8/9. Comunicações e relatórios/9/Gabarito - 9.9.txt,alta
area9-s9-q10,PMP - BOOK 8/9. Comunicações e relatórios/9/Gabarito - 9.9.txt,9. Comunicações e relatórios/9/10.png,Sim,Sim,Sim,multiple_choice,Nenhum,Conteúdo preservado,Nenhuma,PMP - BOOK 8/9. Comunicações e relatórios/9/Gabarito - 9.9.txt,alta
area9-s9-q11,PMP - BOOK 8/9. Comunicações e relatórios/9/Gabarito - 9.9.txt,9. Comunicações e relatórios/9/11.png,Sim,Sim,Sim,multiple_choice,Nenhum,Conteúdo preservado,Nenhuma,PMP - BOOK 8/9. Comunicações e relatórios/9/Gabarito - 9.9.txt,alta
area9-s10-q1,PMP - BOOK 8/9. Comunicações e relatórios/10/Gabarito - 9.10.txt,9. Comunicações e relatórios/10/1.png,Sim,Sim,Sim,multiple_choice,Nenhum,Conteúdo preservado,Nenhuma,PMP - BOOK 8/9. Comunicações e relatórios/10/Gabarito - 9.10.txt,alta
area9-s10-q2,PMP - BOOK 8/9. Comunicações e relatórios/10/Gabarito - 9.10.txt,9. Comunicações e relatórios/10/2.png,Sim,Sim,Sim,multiple_choice,Nenhum,Conteúdo preservado,Nenhuma,PMP - BOOK 8/9. Comunicações e relatórios/10/Gabarito - 9.10.txt,alta
area9-s10-q3,PMP - BOOK 8/9. Comunicações e relatórios/10/Gabarito - 9.10.txt,9. Comunicações e relatórios/10/3.png,Sim,Sim,Sim,multiple_choice,Nenhum,Conteúdo preservado,Nenhuma,PMP - BOOK 8/9. Comunicações e relatórios/10/Gabarito - 9.10.txt,alta
area9-s10-q4,PMP - BOOK 8/9. Comunicações e relatórios/10/Gabarito - 9.10.txt,9. Comunicações e relatórios/10/4.png,Sim,Sim,Sim,multiple_choice,Nenhum,Conteúdo preservado,Nenhuma,PMP - BOOK 8/9. Comunicações e relatórios/10/Gabarito - 9.10.txt,alta
area9-s10-q5,PMP - BOOK 8/9. Comunicações e relatórios/10/Gabarito - 9.10.txt,9. Comunicações e relatórios/10/5.png,Sim,Sim,Sim,multiple_choice,Nenhum,Conteúdo preservado,Nenhuma,PMP - BOOK 8/9. Comunicações e relatórios/10/Gabarito - 9.10.txt,alta
area9-s10-q6,PMP - BOOK 8/9. Comunicações e relatórios/10/Gabarito - 9.10.txt,9. Comunicações e relatórios/10/6.png,Sim,Sim,Sim,multiple_choice,Nenhum,Conteúdo preservado,Nenhuma,PMP - BOOK 8/9. Comunicações e relatórios/10/Gabarito - 9.10.txt,alta
area9-s10-q7,PMP - BOOK 8/9. Comunicações e relatórios/10/Gabarito - 9.10.txt,9. Comunicações e relatórios/10/7.png,Sim,Sim,Sim,multiple_choice,Nenhum,Conteúdo preservado,Nenhuma,PMP - BOOK 8/9. Comunicações e relatórios/10/Gabarito - 9.10.txt,alta
area9-s10-q8,PMP - BOOK 8/9. Comunicações e relatórios/10/Gabarito - 9.10.txt,9. Comunicações e relatórios/10/8.png,Sim,Sim,Sim,multiple_choice,Nenhum,Conteúdo preservado,Nenhuma,PMP - BOOK 8/9. Comunicações e relatórios/10/Gabarito - 9.10.txt,alta
area9-s10-q9,PMP - BOOK 8/9. Comunicações e relatórios/10/Gabarito - 9.10.txt,9. Comunicações e relatórios/10/9.png,Sim,Sim,Sim,multiple_choice,Nenhum,Conteúdo preservado,Nenhuma,PMP - BOOK 8/9. Comunicações e relatórios/10/Gabarito - 9.10.txt,alta
area9-s10-q10,PMP - BOOK 8/9. Comunicações e relatórios/10/Gabarito - 9.10.txt,9. Comunicações e relatórios/10/10.png,Sim,Sim,Sim,multiple_choice,Nenhum,Conteúdo preservado,Nenhuma,PMP - BOOK 8/9. Comunicações e relatórios/10/Gabarito - 9.10.txt,alta
area9-s10-q11,PMP - BOOK 8/9. Comunicações e relatórios/10/Gabarito - 9.10.txt,9. Comunicações e relatórios/10/11.png,Sim,Sim,Sim,multiple_choice,Nenhum,Conteúdo preservado,Nenhuma,PMP - BOOK 8/9. Comunicações e relatórios/10/Gabarito - 9.10.txt,alta
area9-s10-q12,PMP - BOOK 8/9. Comunicações e relatórios/10/Gabarito - 9.10.txt,9. Comunicações e relatórios/10/12.png,Sim,Sim,Sim,multiple_choice,Nenhum,Conteúdo preservado,Nenhuma,PMP - BOOK 8/9. Comunicações e relatórios/10/Gabarito - 9.10.txt,alta
area9-s11-q1,9. Comunicações e relatórios/11/Gabarito - 9.11.txt,9. Comunicações e relatórios/11/1.png,Sim,Sim,Sim,multiple_choice,Nenhum,Conteúdo preservado,Nenhuma,9. Comunicações e relatórios/11/1.png; 9. Comunicações e relatórios/11/2.png,high
area9-s11-q2,9. Comunicações e relatórios/11/Gabarito - 9.11.txt,9. Comunicações e relatórios/11/2.png,Sim,Sim,Sim,multiple_choice,Nenhum,Conteúdo preservado,Nenhuma,9. Comunicações e relatórios/11/2.png,high
area9-s11-q3,9. Comunicações e relatórios/11/Gabarito - 9.11.txt,9. Comunicações e relatórios/11/3.png,Sim,Sim,Sim,multiple_choice,Nenhum,Conteúdo preservado,Nenhuma,9. Comunicações e relatórios/11/3.png,high
area9-s11-q4,9. Comunicações e relatórios/11/Gabarito - 9.11.txt,9. Comunicações e relatórios/11/4.png,Sim,Sim,Sim,multiple_choice,Nenhum,Conteúdo preservado,Nenhuma,9. Comunicações e relatórios/11/4.png,high
area9-s11-q5,9. Comunicações e relatórios/11/Gabarito - 9.11.txt,9. Comunicações e relatórios/11/5.png,Sim,Sim,Sim,multiple_choice,Nenhum,Conteúdo preservado,Nenhuma,9. Comunicações e relatórios/11/5.png,high
area9-s11-q6,9. Comunicações e relatórios/11/Gabarito - 9.11.txt,9. Comunicações e relatórios/11/6.png,Sim,Sim,Sim,multiple_choice,Nenhum,Conteúdo preservado,Nenhuma,9. Comunicações e relatórios/11/6.png,high
area9-s11-q7,9. Comunicações e relatórios/11/Gabarito - 9.11.txt,9. Comunicações e relatórios/11/7.png,Sim,Sim,Sim,multiple_choice,Nenhum,Conteúdo preservado,Nenhuma,9. Comunicações e relatórios/11/7.png,high
area9-s11-q8,9. Comunicações e relatórios/11/Gabarito - 9.11.txt,9. Comunicações e relatórios/11/8.png,Sim,Sim,Sim,multiple_choice,Nenhum,Conteúdo preservado,Nenhuma,9. Comunicações e relatórios/11/8.png,high
area9-s11-q9,9. Comunicações e relatórios/11/Gabarito - 9.11.txt,9. Comunicações e relatórios/11/9.png,Sim,Sim,Sim,multiple_selection,Nenhum,Conteúdo preservado,Nenhuma,9. Comunicações e relatórios/11/9.png,high
area9-s11-q10,9. Comunicações e relatórios/11/Gabarito - 9.11.txt,9. Comunicações e relatórios/11/10.png,Sim,Sim,Sim,multiple_choice,Nenhum,Conteúdo preservado,Nenhuma,9. Comunicações e relatórios/11/10.png,high
area9-s11-q11,9. Comunicações e relatórios/11/Gabarito - 9.11.txt,9. Comunicações e relatórios/11/11.png,Sim,Sim,Sim,multiple_choice,Nenhum,Conteúdo preservado,Nenhuma,9. Comunicações e relatórios/11/11.png,high
area9-s12-q1,PMP - BOOK 8/9. Comunicações e relatórios/12/Gabarto - 9.12.txt,9. Comunicações e relatórios/12/1.png,Sim,Sim,Sim,multiple_choice,Nenhum,Conteúdo preservado,Nenhuma,PMP - BOOK 8/9. Comunicações e relatórios/12/Gabarto - 9.12.txt,alta
area9-s12-q2,PMP - BOOK 8/9. Comunicações e relatórios/12/Gabarto - 9.12.txt,9. Comunicações e relatórios/12/2.png,Sim,Sim,Sim,multiple_choice,Nenhum,Conteúdo preservado,Nenhuma,PMP - BOOK 8/9. Comunicações e relatórios/12/Gabarto - 9.12.txt,alta
area9-s12-q3,PMP - BOOK 8/9. Comunicações e relatórios/12/Gabarto - 9.12.txt,9. Comunicações e relatórios/12/3.png,Sim,Sim,Sim,multiple_choice,Nenhum,Conteúdo preservado,Nenhuma,PMP - BOOK 8/9. Comunicações e relatórios/12/Gabarto - 9.12.txt,alta
area9-s12-q4,PMP - BOOK 8/9. Comunicações e relatórios/12/Gabarto - 9.12.txt,9. Comunicações e relatórios/12/4.png,Sim,Sim,Sim,multiple_choice,Nenhum,Conteúdo preservado,Nenhuma,PMP - BOOK 8/9. Comunicações e relatórios/12/Gabarto - 9.12.txt,alta
area9-s12-q5,PMP - BOOK 8/9. Comunicações e relatórios/12/Gabarto - 9.12.txt,9. Comunicações e relatórios/12/5.png,Sim,Sim,Sim,multiple_choice,Nenhum,Conteúdo preservado,Nenhuma,PMP - BOOK 8/9. Comunicações e relatórios/12/Gabarto - 9.12.txt,alta
area9-s12-q6,PMP - BOOK 8/9. Comunicações e relatórios/12/Gabarto - 9.12.txt,9. Comunicações e relatórios/12/6.png,Sim,Sim,Sim,matching,Nenhum,Associação estruturada a partir dos pares da fonte,Nenhuma,PMP - BOOK 8/9. Comunicações e relatórios/12/Gabarto - 9.12.txt,alta
area9-s12-q7,PMP - BOOK 8/9. Comunicações e relatórios/12/Gabarto - 9.12.txt,9. Comunicações e relatórios/12/7.png,Sim,Sim,Sim,multiple_choice,Nenhum,Conteúdo preservado,Nenhuma,PMP - BOOK 8/9. Comunicações e relatórios/12/Gabarto - 9.12.txt,alta
area9-s12-q8,PMP - BOOK 8/9. Comunicações e relatórios/12/Gabarto - 9.12.txt,9. Comunicações e relatórios/12/8.png,Sim,Sim,Sim,multiple_choice,Nenhum,Conteúdo preservado,Nenhuma,PMP - BOOK 8/9. Comunicações e relatórios/12/Gabarto - 9.12.txt,alta
area9-s12-q9,PMP - BOOK 8/9. Comunicações e relatórios/12/Gabarto - 9.12.txt,9. Comunicações e relatórios/12/9.png,Sim,Sim,Sim,multiple_choice,Nenhum,Conteúdo preservado,Nenhuma,PMP - BOOK 8/9. Comunicações e relatórios/12/Gabarto - 9.12.txt,alta
area9-s12-q10,PMP - BOOK 8/9. Comunicações e relatórios/12/Gabarto - 9.12.txt,9. Comunicações e relatórios/12/10.png,Sim,Sim,Sim,multiple_choice,Nenhum,Conteúdo preservado,Nenhuma,PMP - BOOK 8/9. Comunicações e relatórios/12/Gabarto - 9.12.txt,alta
area9-s12-q11,PMP - BOOK 8/9. Comunicações e relatórios/12/Gabarto - 9.12.txt,9. Comunicações e relatórios/12/11.png,Sim,Sim,Sim,multiple_choice,Nenhum,Conteúdo preservado,Nenhuma,PMP - BOOK 8/9. Comunicações e relatórios/12/Gabarto - 9.12.txt,alta
area9-s12-q12,PMP - BOOK 8/9. Comunicações e relatórios/12/Gabarto - 9.12.txt,9. Comunicações e relatórios/12/12.png,Sim,Sim,Sim,multiple_choice,Nenhum,Conteúdo preservado,Nenhuma,PMP - BOOK 8/9. Comunicações e relatórios/12/Gabarto - 9.12.txt,alta
area9-s13-q1,PMP - BOOK 8/9. Comunicações e relatórios/13/Gabarito - 9.13.txt,9. Comunicações e relatórios/13/1.png,Sim,Sim,Sim,multiple_choice,Nenhum,Conteúdo preservado,Nenhuma,PMP - BOOK 8/9. Comunicações e relatórios/13/Gabarito - 9.13.txt,alta
area9-s13-q2,PMP - BOOK 8/9. Comunicações e relatórios/13/Gabarito - 9.13.txt,9. Comunicações e relatórios/13/2.png,Sim,Sim,Sim,multiple_choice,Nenhum,Conteúdo preservado,Nenhuma,PMP - BOOK 8/9. Comunicações e relatórios/13/Gabarito - 9.13.txt,alta
area9-s13-q3,PMP - BOOK 8/9. Comunicações e relatórios/13/Gabarito - 9.13.txt,9. Comunicações e relatórios/13/3.png,Sim,Sim,Sim,multiple_choice,Nenhum,Conteúdo preservado,Nenhuma,PMP - BOOK 8/9. Comunicações e relatórios/13/Gabarito - 9.13.txt,alta
area9-s13-q4,PMP - BOOK 8/9. Comunicações e relatórios/13/Gabarito - 9.13.txt,9. Comunicações e relatórios/13/4.png,Sim,Sim,Sim,multiple_choice,Nenhum,Conteúdo preservado,Nenhuma,PMP - BOOK 8/9. Comunicações e relatórios/13/Gabarito - 9.13.txt,alta
area9-s13-q5,PMP - BOOK 8/9. Comunicações e relatórios/13/Gabarito - 9.13.txt,9. Comunicações e relatórios/13/5.png,Sim,Sim,Sim,multiple_choice,Nenhum,Conteúdo preservado,Nenhuma,PMP - BOOK 8/9. Comunicações e relatórios/13/Gabarito - 9.13.txt,alta
area9-s13-q6,PMP - BOOK 8/9. Comunicações e relatórios/13/Gabarito - 9.13.txt,9. Comunicações e relatórios/13/6.png,Sim,Sim,Sim,multiple_selection,Nenhum,Conteúdo preservado,Nenhuma,PMP - BOOK 8/9. Comunicações e relatórios/13/Gabarito - 9.13.txt,alta
area9-s13-q7,PMP - BOOK 8/9. Comunicações e relatórios/13/Gabarito - 9.13.txt,9. Comunicações e relatórios/13/7.png,Sim,Sim,Sim,multiple_choice,Nenhum,Conteúdo preservado,Nenhuma,PMP - BOOK 8/9. Comunicações e relatórios/13/Gabarito - 9.13.txt,alta
area9-s13-q8,PMP - BOOK 8/9. Comunicações e relatórios/13/Gabarito - 9.13.txt,9. Comunicações e relatórios/13/8.png,Sim,Sim,Sim,multiple_choice,Nenhum,Conteúdo preservado,Nenhuma,PMP - BOOK 8/9. Comunicações e relatórios/13/Gabarito - 9.13.txt,alta
area9-s13-q9,PMP - BOOK 8/9. Comunicações e relatórios/13/Gabarito - 9.13.txt,9. Comunicações e relatórios/13/9.png,Sim,Sim,Sim,multiple_choice,Nenhum,Conteúdo preservado,Nenhuma,PMP - BOOK 8/9. Comunicações e relatórios/13/Gabarito - 9.13.txt,alta
area9-s13-q10,PMP - BOOK 8/9. Comunicações e relatórios/13/Gabarito - 9.13.txt,9. Comunicações e relatórios/13/10.png,Sim,Sim,Sim,multiple_choice,Nenhum,Conteúdo preservado,Nenhuma,PMP - BOOK 8/9. Comunicações e relatórios/13/Gabarito - 9.13.txt,alta
area9-s13-q11,PMP - BOOK 8/9. Comunicações e relatórios/13/Gabarito - 9.13.txt,9. Comunicações e relatórios/13/11.png,Sim,Sim,Sim,multiple_choice,Nenhum,Conteúdo preservado,Nenhuma,PMP - BOOK 8/9. Comunicações e relatórios/13/Gabarito - 9.13.txt,alta
area9-s13-q12,PMP - BOOK 8/9. Comunicações e relatórios/13/Gabarito - 9.13.txt,9. Comunicações e relatórios/13/12.png,Sim,Sim,Sim,multiple_choice,Nenhum,Conteúdo preservado,Nenhuma,PMP - BOOK 8/9. Comunicações e relatórios/13/Gabarito - 9.13.txt,alta
area9-s14-q1,PMP - BOOK 8/9. Comunicações e relatórios/14/Gabarito - 9.14.txt,9. Comunicações e relatórios/14/1.png,Sim,Sim,Sim,multiple_choice,Nenhum,Conteúdo preservado,Nenhuma,PMP - BOOK 8/9. Comunicações e relatórios/14/Gabarito - 9.14.txt,alta
area9-s14-q2,PMP - BOOK 8/9. Comunicações e relatórios/14/Gabarito - 9.14.txt,9. Comunicações e relatórios/14/2.png,Sim,Sim,Sim,multiple_choice,Nenhum,Conteúdo preservado,Nenhuma,PMP - BOOK 8/9. Comunicações e relatórios/14/Gabarito - 9.14.txt,alta
area9-s14-q3,PMP - BOOK 8/9. Comunicações e relatórios/14/Gabarito - 9.14.txt,9. Comunicações e relatórios/14/3.png,Sim,Sim,Sim,multiple_choice,Nenhum,Conteúdo preservado,Nenhuma,PMP - BOOK 8/9. Comunicações e relatórios/14/Gabarito - 9.14.txt,alta
area9-s14-q4,PMP - BOOK 8/9. Comunicações e relatórios/14/Gabarito - 9.14.txt,9. Comunicações e relatórios/14/4.png,Sim,Sim,Sim,multiple_choice,Nenhum,Conteúdo preservado,Nenhuma,PMP - BOOK 8/9. Comunicações e relatórios/14/Gabarito - 9.14.txt,alta
area9-s14-q5,PMP - BOOK 8/9. Comunicações e relatórios/14/Gabarito - 9.14.txt,9. Comunicações e relatórios/14/5.png,Sim,Sim,Sim,multiple_choice,Nenhum,Conteúdo preservado,Nenhuma,PMP - BOOK 8/9. Comunicações e relatórios/14/Gabarito - 9.14.txt,alta
area9-s14-q6,PMP - BOOK 8/9. Comunicações e relatórios/14/Gabarito - 9.14.txt,9. Comunicações e relatórios/14/6.png,Sim,Sim,Sim,multiple_choice,Nenhum,Conteúdo preservado,Nenhuma,PMP - BOOK 8/9. Comunicações e relatórios/14/Gabarito - 9.14.txt,alta
area9-s14-q7,PMP - BOOK 8/9. Comunicações e relatórios/14/Gabarito - 9.14.txt,9. Comunicações e relatórios/14/7.png,Sim,Sim,Sim,multiple_choice,Nenhum,Conteúdo preservado,Nenhuma,PMP - BOOK 8/9. Comunicações e relatórios/14/Gabarito - 9.14.txt,alta
area9-s14-q8,PMP - BOOK 8/9. Comunicações e relatórios/14/Gabarito - 9.14.txt,9. Comunicações e relatórios/14/8.png,Sim,Sim,Sim,multiple_choice,Nenhum,Conteúdo preservado,Nenhuma,PMP - BOOK 8/9. Comunicações e relatórios/14/Gabarito - 9.14.txt,alta
area9-s14-q9,PMP - BOOK 8/9. Comunicações e relatórios/14/Gabarito - 9.14.txt,9. Comunicações e relatórios/14/9.png,Sim,Sim,Sim,multiple_choice,Nenhum,Conteúdo preservado,Nenhuma,PMP - BOOK 8/9. Comunicações e relatórios/14/Gabarito - 9.14.txt,alta
area9-s14-q10,PMP - BOOK 8/9. Comunicações e relatórios/14/Gabarito - 9.14.txt,9. Comunicações e relatórios/14/10.png,Sim,Sim,Sim,multiple_selection,Nenhum,Conteúdo preservado,Nenhuma,PMP - BOOK 8/9. Comunicações e relatórios/14/Gabarito - 9.14.txt,alta
area9-s14-q11,PMP - BOOK 8/9. Comunicações e relatórios/14/Gabarito - 9.14.txt,9. Comunicações e relatórios/14/11.png,Sim,Sim,Sim,multiple_choice,Nenhum,Conteúdo preservado,Nenhuma,PMP - BOOK 8/9. Comunicações e relatórios/14/Gabarito - 9.14.txt,alta
area9-s14-q12,PMP - BOOK 8/9. Comunicações e relatórios/14/Gabarito - 9.14.txt,9. Comunicações e relatórios/14/12.png,Sim,Sim,Sim,multiple_choice,Nenhum,Conteúdo preservado,Nenhuma,PMP - BOOK 8/9. Comunicações e relatórios/14/Gabarito - 9.14.txt,alta
area9-s14-q13,PMP - BOOK 8/9. Comunicações e relatórios/14/Gabarito - 9.14.txt,9. Comunicações e relatórios/14/13.png,Sim,Sim,Sim,multiple_choice,Nenhum,Conteúdo preservado,Nenhuma,PMP - BOOK 8/9. Comunicações e relatórios/14/Gabarito - 9.14.txt,alta
area9-s15-q1,PMP - BOOK 8/9. Comunicações e relatórios/15/Gabarito - 9.15.txt,9. Comunicações e relatórios/15/1.png,Sim,Sim,Sim,multiple_choice,Nenhum,Conteúdo preservado,Nenhuma,PMP - BOOK 8/9. Comunicações e relatórios/15/Gabarito - 9.15.txt,alta
area9-s15-q2,PMP - BOOK 8/9. Comunicações e relatórios/15/Gabarito - 9.15.txt,9. Comunicações e relatórios/15/2.png,Sim,Sim,Sim,multiple_choice,Nenhum,Conteúdo preservado,Nenhuma,PMP - BOOK 8/9. Comunicações e relatórios/15/Gabarito - 9.15.txt,alta
area9-s15-q3,PMP - BOOK 8/9. Comunicações e relatórios/15/Gabarito - 9.15.txt,9. Comunicações e relatórios/15/3.png,Sim,Sim,Sim,multiple_choice,Nenhum,Conteúdo preservado,Nenhuma,PMP - BOOK 8/9. Comunicações e relatórios/15/Gabarito - 9.15.txt,alta
area9-s15-q4,PMP - BOOK 8/9. Comunicações e relatórios/15/Gabarito - 9.15.txt,9. Comunicações e relatórios/15/4.png,Sim,Sim,Sim,multiple_choice,Nenhum,Conteúdo preservado,Nenhuma,PMP - BOOK 8/9. Comunicações e relatórios/15/Gabarito - 9.15.txt,alta
area9-s15-q5,PMP - BOOK 8/9. Comunicações e relatórios/15/Gabarito - 9.15.txt,9. Comunicações e relatórios/15/5.png,Sim,Sim,Sim,multiple_selection,Nenhum,Conteúdo preservado,Nenhuma,PMP - BOOK 8/9. Comunicações e relatórios/15/Gabarito - 9.15.txt,alta
area9-s15-q6,PMP - BOOK 8/9. Comunicações e relatórios/15/Gabarito - 9.15.txt,9. Comunicações e relatórios/15/6.png,Sim,Sim,Sim,multiple_choice,Nenhum,Conteúdo preservado,Nenhuma,PMP - BOOK 8/9. Comunicações e relatórios/15/Gabarito - 9.15.txt,alta
area9-s15-q7,PMP - BOOK 8/9. Comunicações e relatórios/15/Gabarito - 9.15.txt,9. Comunicações e relatórios/15/7.png,Sim,Sim,Sim,multiple_choice,Nenhum,Conteúdo preservado,Nenhuma,PMP - BOOK 8/9. Comunicações e relatórios/15/Gabarito - 9.15.txt,alta
area9-s15-q8,PMP - BOOK 8/9. Comunicações e relatórios/15/Gabarito - 9.15.txt,9. Comunicações e relatórios/15/8.png,Sim,Sim,Sim,multiple_choice,Nenhum,Conteúdo preservado,Nenhuma,PMP - BOOK 8/9. Comunicações e relatórios/15/Gabarito - 9.15.txt,alta
area9-s15-q9,PMP - BOOK 8/9. Comunicações e relatórios/15/Gabarito - 9.15.txt,9. Comunicações e relatórios/15/9.png,Sim,Sim,Sim,multiple_choice,Nenhum,Conteúdo preservado,Nenhuma,PMP - BOOK 8/9. Comunicações e relatórios/15/Gabarito - 9.15.txt,alta
area9-s15-q10,PMP - BOOK 8/9. Comunicações e relatórios/15/Gabarito - 9.15.txt,9. Comunicações e relatórios/15/10.png,Sim,Sim,Sim,multiple_selection,Nenhum,Conteúdo preservado,Nenhuma,PMP - BOOK 8/9. Comunicações e relatórios/15/Gabarito - 9.15.txt,alta
area9-s15-q11,PMP - BOOK 8/9. Comunicações e relatórios/15/Gabarito - 9.15.txt,9. Comunicações e relatórios/15/11.png,Sim,Sim,Sim,multiple_selection,Nenhum,Conteúdo preservado,Nenhuma,PMP - BOOK 8/9. Comunicações e relatórios/15/Gabarito - 9.15.txt,alta
area9-s16-q1,PMP - BOOK 8/9. Comunicações e relatórios/16/Gabarito - 9.16.txt,9. Comunicações e relatórios/16/1.png,Sim,Sim,Sim,multiple_choice,Nenhum,Conteúdo preservado,Nenhuma,PMP - BOOK 8/9. Comunicações e relatórios/16/Gabarito - 9.16.txt,alta
area9-s16-q2,PMP - BOOK 8/9. Comunicações e relatórios/16/Gabarito - 9.16.txt,9. Comunicações e relatórios/16/2.png,Sim,Sim,Sim,multiple_choice,Nenhum,Conteúdo preservado,Nenhuma,PMP - BOOK 8/9. Comunicações e relatórios/16/Gabarito - 9.16.txt,alta
area9-s16-q3,PMP - BOOK 8/9. Comunicações e relatórios/16/Gabarito - 9.16.txt,9. Comunicações e relatórios/16/3.png,Sim,Sim,Sim,multiple_choice,Nenhum,Conteúdo preservado,Nenhuma,PMP - BOOK 8/9. Comunicações e relatórios/16/Gabarito - 9.16.txt,alta
area9-s16-q4,PMP - BOOK 8/9. Comunicações e relatórios/16/Gabarito - 9.16.txt,9. Comunicações e relatórios/16/4.png,Sim,Sim,Sim,multiple_choice,Nenhum,Conteúdo preservado,Nenhuma,PMP - BOOK 8/9. Comunicações e relatórios/16/Gabarito - 9.16.txt,alta
area9-s16-q5,PMP - BOOK 8/9. Comunicações e relatórios/16/Gabarito - 9.16.txt,9. Comunicações e relatórios/16/5.png,Sim,Sim,Sim,multiple_choice,Nenhum,Conteúdo preservado,Nenhuma,PMP - BOOK 8/9. Comunicações e relatórios/16/Gabarito - 9.16.txt,alta
area9-s16-q6,PMP - BOOK 8/9. Comunicações e relatórios/16/Gabarito - 9.16.txt,9. Comunicações e relatórios/16/6.png,Sim,Sim,Sim,multiple_choice,Nenhum,Conteúdo preservado,Nenhuma,PMP - BOOK 8/9. Comunicações e relatórios/16/Gabarito - 9.16.txt,alta
area9-s16-q7,PMP - BOOK 8/9. Comunicações e relatórios/16/Gabarito - 9.16.txt,9. Comunicações e relatórios/16/7.png,Sim,Sim,Sim,multiple_choice,Nenhum,Conteúdo preservado,Nenhuma,PMP - BOOK 8/9. Comunicações e relatórios/16/Gabarito - 9.16.txt,alta
area9-s16-q8,PMP - BOOK 8/9. Comunicações e relatórios/16/Gabarito - 9.16.txt,9. Comunicações e relatórios/16/8.png,Sim,Sim,Sim,multiple_choice,Nenhum,Conteúdo preservado,Nenhuma,PMP - BOOK 8/9. Comunicações e relatórios/16/Gabarito - 9.16.txt,alta
area9-s16-q9,PMP - BOOK 8/9. Comunicações e relatórios/16/Gabarito - 9.16.txt,9. Comunicações e relatórios/16/9.png,Sim,Sim,Sim,multiple_choice,Nenhum,Conteúdo preservado,Nenhuma,PMP - BOOK 8/9. Comunicações e relatórios/16/Gabarito - 9.16.txt,alta
area9-s16-q10,PMP - BOOK 8/9. Comunicações e relatórios/16/Gabarito - 9.16.txt,9. Comunicações e relatórios/16/10.png,Sim,Sim,Sim,multiple_choice,Nenhum,Conteúdo preservado,Nenhuma,PMP - BOOK 8/9. Comunicações e relatórios/16/Gabarito - 9.16.txt,alta
area9-s16-q11,PMP - BOOK 8/9. Comunicações e relatórios/16/Gabarito - 9.16.txt,9. Comunicações e relatórios/16/11.png,Sim,Sim,Sim,multiple_choice,Nenhum,Conteúdo preservado,Nenhuma,PMP - BOOK 8/9. Comunicações e relatórios/16/Gabarito - 9.16.txt,alta
area9-s16-q12,PMP - BOOK 8/9. Comunicações e relatórios/16/Gabarito - 9.16.txt,9. Comunicações e relatórios/16/12.png,Sim,Sim,Sim,multiple_selection,Nenhum,Conteúdo preservado,Nenhuma,PMP - BOOK 8/9. Comunicações e relatórios/16/Gabarito - 9.16.txt,alta
area10-s1-q1,"PMP - BOOK 8/10. Escopo, requisitos, backlog e aceitação/1/Gabarito - 10.1.txt","10. Escopo, requisitos, backlog e aceitação/1/1.png",Sim,Sim,Sim,multiple_choice,Nenhum,Conteúdo preservado,Nenhuma,"PMP - BOOK 8/10. Escopo, requisitos, backlog e aceitação/1/Gabarito - 10.1.txt",alta
area10-s1-q2,"PMP - BOOK 8/10. Escopo, requisitos, backlog e aceitação/1/Gabarito - 10.1.txt","10. Escopo, requisitos, backlog e aceitação/1/2.png",Sim,Sim,Sim,multiple_choice,Nenhum,Conteúdo preservado,Nenhuma,"PMP - BOOK 8/10. Escopo, requisitos, backlog e aceitação/1/Gabarito - 10.1.txt",alta
area10-s1-q3,"PMP - BOOK 8/10. Escopo, requisitos, backlog e aceitação/1/Gabarito - 10.1.txt","10. Escopo, requisitos, backlog e aceitação/1/3.png",Sim,Sim,Sim,multiple_choice,Nenhum,Conteúdo preservado,Nenhuma,"PMP - BOOK 8/10. Escopo, requisitos, backlog e aceitação/1/Gabarito - 10.1.txt",alta
area10-s1-q4,"PMP - BOOK 8/10. Escopo, requisitos, backlog e aceitação/1/Gabarito - 10.1.txt","10. Escopo, requisitos, backlog e aceitação/1/4.png",Sim,Sim,Sim,multiple_choice,Nenhum,Conteúdo preservado,Nenhuma,"PMP - BOOK 8/10. Escopo, requisitos, backlog e aceitação/1/Gabarito - 10.1.txt",alta
area10-s1-q5,"PMP - BOOK 8/10. Escopo, requisitos, backlog e aceitação/1/Gabarito - 10.1.txt","10. Escopo, requisitos, backlog e aceitação/1/5.png",Sim,Sim,Sim,matching,Nenhum,Associação estruturada a partir dos pares da fonte,Nenhuma,"PMP - BOOK 8/10. Escopo, requisitos, backlog e aceitação/1/Gabarito - 10.1.txt",alta
area10-s1-q6,"PMP - BOOK 8/10. Escopo, requisitos, backlog e aceitação/1/Gabarito - 10.1.txt","10. Escopo, requisitos, backlog e aceitação/1/6.png",Sim,Sim,Sim,multiple_selection,Nenhum,Conteúdo preservado,Nenhuma,"PMP - BOOK 8/10. Escopo, requisitos, backlog e aceitação/1/Gabarito - 10.1.txt",alta
area10-s1-q7,"PMP - BOOK 8/10. Escopo, requisitos, backlog e aceitação/1/Gabarito - 10.1.txt","10. Escopo, requisitos, backlog e aceitação/1/7.png",Sim,Sim,Sim,multiple_choice,Nenhum,Conteúdo preservado,Nenhuma,"PMP - BOOK 8/10. Escopo, requisitos, backlog e aceitação/1/Gabarito - 10.1.txt",alta
area10-s1-q8,"PMP - BOOK 8/10. Escopo, requisitos, backlog e aceitação/1/Gabarito - 10.1.txt","10. Escopo, requisitos, backlog e aceitação/1/8.png",Sim,Sim,Sim,multiple_choice,Nenhum,Conteúdo preservado,Nenhuma,"PMP - BOOK 8/10. Escopo, requisitos, backlog e aceitação/1/Gabarito - 10.1.txt",alta
area10-s1-q9,"PMP - BOOK 8/10. Escopo, requisitos, backlog e aceitação/1/Gabarito - 10.1.txt","10. Escopo, requisitos, backlog e aceitação/1/9.png",Sim,Sim,Sim,multiple_choice,Nenhum,Conteúdo preservado,Nenhuma,"PMP - BOOK 8/10. Escopo, requisitos, backlog e aceitação/1/Gabarito - 10.1.txt",alta
area10-s1-q10,"PMP - BOOK 8/10. Escopo, requisitos, backlog e aceitação/1/Gabarito - 10.1.txt","10. Escopo, requisitos, backlog e aceitação/1/10.png",Sim,Sim,Sim,multiple_choice,Nenhum,Conteúdo preservado,Nenhuma,"PMP - BOOK 8/10. Escopo, requisitos, backlog e aceitação/1/Gabarito - 10.1.txt",alta
area10-s2-q1,"PMP - BOOK 8/10. Escopo, requisitos, backlog e aceitação/2/Gabarito - 10.2.txt","10. Escopo, requisitos, backlog e aceitação/2/1.png",Sim,Sim,Sim,multiple_choice,Nenhum,Conteúdo preservado,Nenhuma,"PMP - BOOK 8/10. Escopo, requisitos, backlog e aceitação/2/Gabarito - 10.2.txt",alta
area10-s2-q2,"PMP - BOOK 8/10. Escopo, requisitos, backlog e aceitação/2/Gabarito - 10.2.txt","10. Escopo, requisitos, backlog e aceitação/2/2.png",Sim,Sim,Sim,multiple_choice,Nenhum,Conteúdo preservado,Nenhuma,"PMP - BOOK 8/10. Escopo, requisitos, backlog e aceitação/2/Gabarito - 10.2.txt",alta
area10-s2-q3,"PMP - BOOK 8/10. Escopo, requisitos, backlog e aceitação/2/Gabarito - 10.2.txt","10. Escopo, requisitos, backlog e aceitação/2/3.png",Sim,Sim,Sim,multiple_choice,Nenhum,Conteúdo preservado,Nenhuma,"PMP - BOOK 8/10. Escopo, requisitos, backlog e aceitação/2/Gabarito - 10.2.txt",alta
area10-s2-q4,"PMP - BOOK 8/10. Escopo, requisitos, backlog e aceitação/2/Gabarito - 10.2.txt","10. Escopo, requisitos, backlog e aceitação/2/4.png",Sim,Sim,Sim,multiple_choice,Nenhum,Conteúdo preservado,Nenhuma,"PMP - BOOK 8/10. Escopo, requisitos, backlog e aceitação/2/Gabarito - 10.2.txt",alta
area10-s2-q5,"PMP - BOOK 8/10. Escopo, requisitos, backlog e aceitação/2/Gabarito - 10.2.txt","10. Escopo, requisitos, backlog e aceitação/2/5.png",Sim,Sim,Sim,multiple_choice,Nenhum,Conteúdo preservado,Nenhuma,"PMP - BOOK 8/10. Escopo, requisitos, backlog e aceitação/2/Gabarito - 10.2.txt",alta
area10-s2-q6,"PMP - BOOK 8/10. Escopo, requisitos, backlog e aceitação/2/Gabarito - 10.2.txt","10. Escopo, requisitos, backlog e aceitação/2/6.png",Sim,Sim,Sim,multiple_selection,Nenhum,Conteúdo preservado,Nenhuma,"PMP - BOOK 8/10. Escopo, requisitos, backlog e aceitação/2/Gabarito - 10.2.txt",alta
area10-s2-q7,"PMP - BOOK 8/10. Escopo, requisitos, backlog e aceitação/2/Gabarito - 10.2.txt","10. Escopo, requisitos, backlog e aceitação/2/7.png",Sim,Sim,Sim,multiple_choice,Nenhum,Conteúdo preservado,Nenhuma,"PMP - BOOK 8/10. Escopo, requisitos, backlog e aceitação/2/Gabarito - 10.2.txt",alta
area10-s2-q8,"PMP - BOOK 8/10. Escopo, requisitos, backlog e aceitação/2/Gabarito - 10.2.txt","10. Escopo, requisitos, backlog e aceitação/2/8.png",Sim,Sim,Sim,multiple_choice,Nenhum,Conteúdo preservado,Nenhuma,"PMP - BOOK 8/10. Escopo, requisitos, backlog e aceitação/2/Gabarito - 10.2.txt",alta
area10-s2-q9,"PMP - BOOK 8/10. Escopo, requisitos, backlog e aceitação/2/Gabarito - 10.2.txt","10. Escopo, requisitos, backlog e aceitação/2/9.png",Sim,Sim,Sim,multiple_choice,Nenhum,Conteúdo preservado,Nenhuma,"PMP - BOOK 8/10. Escopo, requisitos, backlog e aceitação/2/Gabarito - 10.2.txt",alta
area10-s2-q10,"PMP - BOOK 8/10. Escopo, requisitos, backlog e aceitação/2/Gabarito - 10.2.txt","10. Escopo, requisitos, backlog e aceitação/2/10.png",Sim,Sim,Sim,multiple_choice,Nenhum,Conteúdo preservado,Nenhuma,"PMP - BOOK 8/10. Escopo, requisitos, backlog e aceitação/2/Gabarito - 10.2.txt",alta
area10-s2-q11,"PMP - BOOK 8/10. Escopo, requisitos, backlog e aceitação/2/Gabarito - 10.2.txt","10. Escopo, requisitos, backlog e aceitação/2/11.png",Sim,Sim,Sim,multiple_choice,Nenhum,Conteúdo preservado,Nenhuma,"PMP - BOOK 8/10. Escopo, requisitos, backlog e aceitação/2/Gabarito - 10.2.txt",alta
area10-s3-q1,"PMP - BOOK 8/10. Escopo, requisitos, backlog e aceitação/3/Gabarito - 10.3.txt","10. Escopo, requisitos, backlog e aceitação/3/1.png",Sim,Sim,Sim,multiple_choice,Nenhum,Conteúdo preservado,Nenhuma,"PMP - BOOK 8/10. Escopo, requisitos, backlog e aceitação/3/Gabarito - 10.3.txt",alta
area10-s3-q2,"PMP - BOOK 8/10. Escopo, requisitos, backlog e aceitação/3/Gabarito - 10.3.txt","10. Escopo, requisitos, backlog e aceitação/3/2.png",Sim,Sim,Sim,multiple_selection,Nenhum,Conteúdo preservado,Nenhuma,"PMP - BOOK 8/10. Escopo, requisitos, backlog e aceitação/3/Gabarito - 10.3.txt",alta
area10-s3-q3,"PMP - BOOK 8/10. Escopo, requisitos, backlog e aceitação/3/Gabarito - 10.3.txt","10. Escopo, requisitos, backlog e aceitação/3/3.png",Sim,Sim,Sim,multiple_selection,Nenhum,Conteúdo preservado,Nenhuma,"PMP - BOOK 8/10. Escopo, requisitos, backlog e aceitação/3/Gabarito - 10.3.txt",alta
area10-s3-q4,"PMP - BOOK 8/10. Escopo, requisitos, backlog e aceitação/3/Gabarito - 10.3.txt","10. Escopo, requisitos, backlog e aceitação/3/4.png",Sim,Sim,Sim,image_hotspot,Captura continha interface e/ou marcação de gabarito imprópria para publicação,Diagrama recriado em HTML/CSS com zonas estáveis e acessíveis,Nenhuma,"10. Escopo, requisitos, backlog e aceitação/3/4.png; 10. Escopo, requisitos, backlog e aceitação/3/Gabarito - 10.3.png",high
area10-s3-q5,"PMP - BOOK 8/10. Escopo, requisitos, backlog e aceitação/3/Gabarito - 10.3.txt","10. Escopo, requisitos, backlog e aceitação/3/5.png",Sim,Sim,Sim,multiple_choice,Nenhum,Conteúdo preservado,Nenhuma,"PMP - BOOK 8/10. Escopo, requisitos, backlog e aceitação/3/Gabarito - 10.3.txt",alta
area10-s3-q6,"PMP - BOOK 8/10. Escopo, requisitos, backlog e aceitação/3/Gabarito - 10.3.txt","10. Escopo, requisitos, backlog e aceitação/3/6.png",Sim,Sim,Sim,multiple_choice,Nenhum,Conteúdo preservado,Nenhuma,"PMP - BOOK 8/10. Escopo, requisitos, backlog e aceitação/3/Gabarito - 10.3.txt",alta
area10-s3-q7,"PMP - BOOK 8/10. Escopo, requisitos, backlog e aceitação/3/Gabarito - 10.3.txt","10. Escopo, requisitos, backlog e aceitação/3/7.png",Sim,Sim,Sim,multiple_choice,Nenhum,Conteúdo preservado,Nenhuma,"PMP - BOOK 8/10. Escopo, requisitos, backlog e aceitação/3/Gabarito - 10.3.txt",alta
area10-s3-q8,"PMP - BOOK 8/10. Escopo, requisitos, backlog e aceitação/3/Gabarito - 10.3.txt","10. Escopo, requisitos, backlog e aceitação/3/8.png",Sim,Sim,Sim,multiple_choice,Nenhum,Conteúdo preservado,Nenhuma,"PMP - BOOK 8/10. Escopo, requisitos, backlog e aceitação/3/Gabarito - 10.3.txt",alta
area10-s3-q9,"PMP - BOOK 8/10. Escopo, requisitos, backlog e aceitação/3/Gabarito - 10.3.txt","10. Escopo, requisitos, backlog e aceitação/3/9.png",Sim,Sim,Sim,multiple_choice,Nenhum,Conteúdo preservado,Nenhuma,"PMP - BOOK 8/10. Escopo, requisitos, backlog e aceitação/3/Gabarito - 10.3.txt",alta
area10-s3-q10,"PMP - BOOK 8/10. Escopo, requisitos, backlog e aceitação/3/Gabarito - 10.3.txt","10. Escopo, requisitos, backlog e aceitação/3/10.png",Sim,Sim,Sim,multiple_choice,Nenhum,Conteúdo preservado,Nenhuma,"PMP - BOOK 8/10. Escopo, requisitos, backlog e aceitação/3/Gabarito - 10.3.txt",alta
area10-s4-q1,"PMP - BOOK 8/10. Escopo, requisitos, backlog e aceitação/4/Gabarito - 10.4.txt","10. Escopo, requisitos, backlog e aceitação/4/1.png",Sim,Sim,Sim,multiple_choice,Nenhum,Conteúdo preservado,Nenhuma,"PMP - BOOK 8/10. Escopo, requisitos, backlog e aceitação/4/Gabarito - 10.4.txt",alta
area10-s4-q2,"PMP - BOOK 8/10. Escopo, requisitos, backlog e aceitação/4/Gabarito - 10.4.txt","10. Escopo, requisitos, backlog e aceitação/4/2.png",Sim,Sim,Sim,multiple_selection,Nenhum,Conteúdo preservado,Nenhuma,"PMP - BOOK 8/10. Escopo, requisitos, backlog e aceitação/4/Gabarito - 10.4.txt",alta
area10-s4-q3,"PMP - BOOK 8/10. Escopo, requisitos, backlog e aceitação/4/Gabarito - 10.4.txt","10. Escopo, requisitos, backlog e aceitação/4/3.png",Sim,Sim,Sim,multiple_choice,Nenhum,Conteúdo preservado,Nenhuma,"PMP - BOOK 8/10. Escopo, requisitos, backlog e aceitação/4/Gabarito - 10.4.txt",alta
area10-s4-q4,"PMP - BOOK 8/10. Escopo, requisitos, backlog e aceitação/4/Gabarito - 10.4.txt","10. Escopo, requisitos, backlog e aceitação/4/4.png",Sim,Sim,Sim,multiple_choice,Nenhum,Conteúdo preservado,Nenhuma,"PMP - BOOK 8/10. Escopo, requisitos, backlog e aceitação/4/Gabarito - 10.4.txt",alta
area10-s4-q5,"PMP - BOOK 8/10. Escopo, requisitos, backlog e aceitação/4/Gabarito - 10.4.txt","10. Escopo, requisitos, backlog e aceitação/4/5.png",Sim,Sim,Sim,multiple_choice,Nenhum,Conteúdo preservado,Nenhuma,"PMP - BOOK 8/10. Escopo, requisitos, backlog e aceitação/4/Gabarito - 10.4.txt",alta
area10-s4-q6,"PMP - BOOK 8/10. Escopo, requisitos, backlog e aceitação/4/Gabarito - 10.4.txt","10. Escopo, requisitos, backlog e aceitação/4/6.png",Sim,Sim,Sim,multiple_choice,Nenhum,Conteúdo preservado,Nenhuma,"PMP - BOOK 8/10. Escopo, requisitos, backlog e aceitação/4/Gabarito - 10.4.txt",alta
area10-s4-q7,"PMP - BOOK 8/10. Escopo, requisitos, backlog e aceitação/4/Gabarito - 10.4.txt","10. Escopo, requisitos, backlog e aceitação/4/7.png",Sim,Sim,Sim,multiple_choice,Nenhum,Conteúdo preservado,Nenhuma,"PMP - BOOK 8/10. Escopo, requisitos, backlog e aceitação/4/Gabarito - 10.4.txt",alta
area10-s4-q8,"PMP - BOOK 8/10. Escopo, requisitos, backlog e aceitação/4/Gabarito - 10.4.txt","10. Escopo, requisitos, backlog e aceitação/4/8.png",Sim,Sim,Sim,multiple_choice,Nenhum,Conteúdo preservado,Nenhuma,"PMP - BOOK 8/10. Escopo, requisitos, backlog e aceitação/4/Gabarito - 10.4.txt",alta
area10-s4-q9,"PMP - BOOK 8/10. Escopo, requisitos, backlog e aceitação/4/Gabarito - 10.4.txt","10. Escopo, requisitos, backlog e aceitação/4/9.png",Sim,Sim,Sim,multiple_choice,Nenhum,Conteúdo preservado,Nenhuma,"PMP - BOOK 8/10. Escopo, requisitos, backlog e aceitação/4/Gabarito - 10.4.txt",alta
area10-s4-q10,"PMP - BOOK 8/10. Escopo, requisitos, backlog e aceitação/4/Gabarito - 10.4.txt","10. Escopo, requisitos, backlog e aceitação/4/10.png",Sim,Sim,Sim,multiple_choice,Nenhum,Conteúdo preservado,Nenhuma,"PMP - BOOK 8/10. Escopo, requisitos, backlog e aceitação/4/Gabarito - 10.4.txt",alta
area10-s5-q1,"PMP - BOOK 8/10. Escopo, requisitos, backlog e aceitação/5/Gabarito - 10.5.txt","10. Escopo, requisitos, backlog e aceitação/5/1.png",Sim,Sim,Sim,multiple_choice,Nenhum,Conteúdo preservado,Nenhuma,"PMP - BOOK 8/10. Escopo, requisitos, backlog e aceitação/5/Gabarito - 10.5.txt",alta
area10-s5-q2,"PMP - BOOK 8/10. Escopo, requisitos, backlog e aceitação/5/Gabarito - 10.5.txt","10. Escopo, requisitos, backlog e aceitação/5/2.png",Sim,Sim,Sim,multiple_choice,Nenhum,Conteúdo preservado,Nenhuma,"PMP - BOOK 8/10. Escopo, requisitos, backlog e aceitação/5/Gabarito - 10.5.txt",alta
area10-s5-q3,"PMP - BOOK 8/10. Escopo, requisitos, backlog e aceitação/5/Gabarito - 10.5.txt","10. Escopo, requisitos, backlog e aceitação/5/3.png",Sim,Sim,Sim,matching,Nenhum,Associação estruturada a partir dos pares da fonte,Nenhuma,"PMP - BOOK 8/10. Escopo, requisitos, backlog e aceitação/5/Gabarito - 10.5.txt",alta
area10-s5-q4,"PMP - BOOK 8/10. Escopo, requisitos, backlog e aceitação/5/Gabarito - 10.5.txt","10. Escopo, requisitos, backlog e aceitação/5/4.png",Sim,Sim,Sim,multiple_choice,Nenhum,Conteúdo preservado,Nenhuma,"PMP - BOOK 8/10. Escopo, requisitos, backlog e aceitação/5/Gabarito - 10.5.txt",alta
area10-s5-q5,"PMP - BOOK 8/10. Escopo, requisitos, backlog e aceitação/5/Gabarito - 10.5.txt","10. Escopo, requisitos, backlog e aceitação/5/5.png",Sim,Sim,Sim,multiple_choice,Nenhum,Conteúdo preservado,Nenhuma,"PMP - BOOK 8/10. Escopo, requisitos, backlog e aceitação/5/Gabarito - 10.5.txt",alta
area10-s5-q6,"PMP - BOOK 8/10. Escopo, requisitos, backlog e aceitação/5/Gabarito - 10.5.txt","10. Escopo, requisitos, backlog e aceitação/5/6.png",Sim,Sim,Sim,multiple_choice,Nenhum,Conteúdo preservado,Nenhuma,"PMP - BOOK 8/10. Escopo, requisitos, backlog e aceitação/5/Gabarito - 10.5.txt",alta
area10-s5-q7,"PMP - BOOK 8/10. Escopo, requisitos, backlog e aceitação/5/Gabarito - 10.5.txt","10. Escopo, requisitos, backlog e aceitação/5/7.png",Sim,Sim,Sim,multiple_choice,Nenhum,Conteúdo preservado,Nenhuma,"PMP - BOOK 8/10. Escopo, requisitos, backlog e aceitação/5/Gabarito - 10.5.txt",alta
area10-s5-q8,"PMP - BOOK 8/10. Escopo, requisitos, backlog e aceitação/5/Gabarito - 10.5.txt","10. Escopo, requisitos, backlog e aceitação/5/8.png",Sim,Sim,Sim,multiple_choice,Nenhum,Conteúdo preservado,Nenhuma,"PMP - BOOK 8/10. Escopo, requisitos, backlog e aceitação/5/Gabarito - 10.5.txt",alta
area10-s5-q9,"PMP - BOOK 8/10. Escopo, requisitos, backlog e aceitação/5/Gabarito - 10.5.txt","10. Escopo, requisitos, backlog e aceitação/5/9.png",Sim,Sim,Sim,multiple_choice,Nenhum,Conteúdo preservado,Nenhuma,"PMP - BOOK 8/10. Escopo, requisitos, backlog e aceitação/5/Gabarito - 10.5.txt",alta
area10-s5-q10,"PMP - BOOK 8/10. Escopo, requisitos, backlog e aceitação/5/Gabarito - 10.5.txt","10. Escopo, requisitos, backlog e aceitação/5/10.png",Sim,Sim,Sim,multiple_choice,Nenhum,Conteúdo preservado,Nenhuma,"PMP - BOOK 8/10. Escopo, requisitos, backlog e aceitação/5/Gabarito - 10.5.txt",alta
area10-s6-q1,"PMP - BOOK 8/10. Escopo, requisitos, backlog e aceitação/6/Gabarito - 10.6.txt","10. Escopo, requisitos, backlog e aceitação/6/1.png",Sim,Sim,Sim,multiple_choice,Nenhum,Conteúdo preservado,Nenhuma,"PMP - BOOK 8/10. Escopo, requisitos, backlog e aceitação/6/Gabarito - 10.6.txt",alta
area10-s6-q2,"PMP - BOOK 8/10. Escopo, requisitos, backlog e aceitação/6/Gabarito - 10.6.txt","10. Escopo, requisitos, backlog e aceitação/6/2.png",Sim,Sim,Sim,multiple_choice,Nenhum,Conteúdo preservado,Nenhuma,"PMP - BOOK 8/10. Escopo, requisitos, backlog e aceitação/6/Gabarito - 10.6.txt",alta
area10-s6-q3,"PMP - BOOK 8/10. Escopo, requisitos, backlog e aceitação/6/Gabarito - 10.6.txt","10. Escopo, requisitos, backlog e aceitação/6/3.png",Sim,Sim,Sim,multiple_choice,Nenhum,Conteúdo preservado,Nenhuma,"PMP - BOOK 8/10. Escopo, requisitos, backlog e aceitação/6/Gabarito - 10.6.txt",alta
area10-s6-q4,"PMP - BOOK 8/10. Escopo, requisitos, backlog e aceitação/6/Gabarito - 10.6.txt","10. Escopo, requisitos, backlog e aceitação/6/4.png",Sim,Sim,Sim,multiple_choice,Nenhum,Conteúdo preservado,Nenhuma,"PMP - BOOK 8/10. Escopo, requisitos, backlog e aceitação/6/Gabarito - 10.6.txt",alta
area10-s6-q5,"PMP - BOOK 8/10. Escopo, requisitos, backlog e aceitação/6/Gabarito - 10.6.txt","10. Escopo, requisitos, backlog e aceitação/6/5.png",Sim,Sim,Sim,multiple_choice,Nenhum,Conteúdo preservado,Nenhuma,"PMP - BOOK 8/10. Escopo, requisitos, backlog e aceitação/6/Gabarito - 10.6.txt",alta
area10-s6-q6,"PMP - BOOK 8/10. Escopo, requisitos, backlog e aceitação/6/Gabarito - 10.6.txt","10. Escopo, requisitos, backlog e aceitação/6/6.png",Sim,Sim,Sim,multiple_choice,Nenhum,Conteúdo preservado,Nenhuma,"PMP - BOOK 8/10. Escopo, requisitos, backlog e aceitação/6/Gabarito - 10.6.txt",alta
area10-s6-q7,"PMP - BOOK 8/10. Escopo, requisitos, backlog e aceitação/6/Gabarito - 10.6.txt","10. Escopo, requisitos, backlog e aceitação/6/7.png",Sim,Sim,Sim,multiple_choice,Nenhum,Conteúdo preservado,Nenhuma,"PMP - BOOK 8/10. Escopo, requisitos, backlog e aceitação/6/Gabarito - 10.6.txt",alta
area10-s6-q8,"PMP - BOOK 8/10. Escopo, requisitos, backlog e aceitação/6/Gabarito - 10.6.txt","10. Escopo, requisitos, backlog e aceitação/6/8.png",Sim,Sim,Sim,multiple_choice,Nenhum,Conteúdo preservado,Nenhuma,"PMP - BOOK 8/10. Escopo, requisitos, backlog e aceitação/6/Gabarito - 10.6.txt",alta
area10-s6-q9,"PMP - BOOK 8/10. Escopo, requisitos, backlog e aceitação/6/Gabarito - 10.6.txt","10. Escopo, requisitos, backlog e aceitação/6/9.png",Sim,Sim,Sim,multiple_choice,Nenhum,Conteúdo preservado,Nenhuma,"PMP - BOOK 8/10. Escopo, requisitos, backlog e aceitação/6/Gabarito - 10.6.txt",alta
area10-s6-q10,"PMP - BOOK 8/10. Escopo, requisitos, backlog e aceitação/6/Gabarito - 10.6.txt","10. Escopo, requisitos, backlog e aceitação/6/10.png",Sim,Sim,Sim,multiple_choice,Nenhum,Conteúdo preservado,Nenhuma,"PMP - BOOK 8/10. Escopo, requisitos, backlog e aceitação/6/Gabarito - 10.6.txt",alta
area10-s7-q1,"PMP - BOOK 8/10. Escopo, requisitos, backlog e aceitação/7/Gabarito - 10.7.txt","10. Escopo, requisitos, backlog e aceitação/7/1.png",Sim,Sim,Sim,multiple_choice,Nenhum,Conteúdo preservado,Nenhuma,"PMP - BOOK 8/10. Escopo, requisitos, backlog e aceitação/7/Gabarito - 10.7.txt",alta
area10-s7-q2,"PMP - BOOK 8/10. Escopo, requisitos, backlog e aceitação/7/Gabarito - 10.7.txt","10. Escopo, requisitos, backlog e aceitação/7/2.png",Sim,Sim,Sim,multiple_choice,Nenhum,Conteúdo preservado,Nenhuma,"PMP - BOOK 8/10. Escopo, requisitos, backlog e aceitação/7/Gabarito - 10.7.txt",alta
area10-s7-q3,"PMP - BOOK 8/10. Escopo, requisitos, backlog e aceitação/7/Gabarito - 10.7.txt","10. Escopo, requisitos, backlog e aceitação/7/3.png",Sim,Sim,Sim,multiple_selection,Nenhum,Conteúdo preservado,Nenhuma,"PMP - BOOK 8/10. Escopo, requisitos, backlog e aceitação/7/Gabarito - 10.7.txt",alta
area10-s7-q4,"PMP - BOOK 8/10. Escopo, requisitos, backlog e aceitação/7/Gabarito - 10.7.txt","10. Escopo, requisitos, backlog e aceitação/7/4.png",Sim,Sim,Sim,multiple_choice,Nenhum,Conteúdo preservado,Nenhuma,"PMP - BOOK 8/10. Escopo, requisitos, backlog e aceitação/7/Gabarito - 10.7.txt",alta
area10-s7-q5,"PMP - BOOK 8/10. Escopo, requisitos, backlog e aceitação/7/Gabarito - 10.7.txt","10. Escopo, requisitos, backlog e aceitação/7/5.png",Sim,Sim,Sim,multiple_selection,Nenhum,Conteúdo preservado,Nenhuma,"PMP - BOOK 8/10. Escopo, requisitos, backlog e aceitação/7/Gabarito - 10.7.txt",alta
area10-s7-q6,"PMP - BOOK 8/10. Escopo, requisitos, backlog e aceitação/7/Gabarito - 10.7.txt","10. Escopo, requisitos, backlog e aceitação/7/6.png",Sim,Sim,Sim,multiple_choice,Nenhum,Conteúdo preservado,Nenhuma,"PMP - BOOK 8/10. Escopo, requisitos, backlog e aceitação/7/Gabarito - 10.7.txt",alta
area10-s7-q7,"PMP - BOOK 8/10. Escopo, requisitos, backlog e aceitação/7/Gabarito - 10.7.txt","10. Escopo, requisitos, backlog e aceitação/7/7.png",Sim,Sim,Sim,multiple_choice,Nenhum,Conteúdo preservado,Nenhuma,"PMP - BOOK 8/10. Escopo, requisitos, backlog e aceitação/7/Gabarito - 10.7.txt",alta
area10-s7-q8,"PMP - BOOK 8/10. Escopo, requisitos, backlog e aceitação/7/Gabarito - 10.7.txt","10. Escopo, requisitos, backlog e aceitação/7/8.png",Sim,Sim,Sim,multiple_choice,Nenhum,Conteúdo preservado,Nenhuma,"PMP - BOOK 8/10. Escopo, requisitos, backlog e aceitação/7/Gabarito - 10.7.txt",alta
area10-s7-q9,"PMP - BOOK 8/10. Escopo, requisitos, backlog e aceitação/7/Gabarito - 10.7.txt","10. Escopo, requisitos, backlog e aceitação/7/9.png",Sim,Sim,Sim,multiple_choice,Nenhum,Conteúdo preservado,Nenhuma,"PMP - BOOK 8/10. Escopo, requisitos, backlog e aceitação/7/Gabarito - 10.7.txt",alta
area10-s8-q1,"PMP - BOOK 8/10. Escopo, requisitos, backlog e aceitação/8/Gabarito - 10.8.txt","10. Escopo, requisitos, backlog e aceitação/8/1.png",Sim,Sim,Sim,multiple_choice,Nenhum,Conteúdo preservado,Nenhuma,"PMP - BOOK 8/10. Escopo, requisitos, backlog e aceitação/8/Gabarito - 10.8.txt",alta
area10-s8-q2,"PMP - BOOK 8/10. Escopo, requisitos, backlog e aceitação/8/Gabarito - 10.8.txt","10. Escopo, requisitos, backlog e aceitação/8/2.png",Sim,Sim,Sim,multiple_choice,Nenhum,Conteúdo preservado,Nenhuma,"PMP - BOOK 8/10. Escopo, requisitos, backlog e aceitação/8/Gabarito - 10.8.txt",alta
area10-s8-q3,"PMP - BOOK 8/10. Escopo, requisitos, backlog e aceitação/8/Gabarito - 10.8.txt","10. Escopo, requisitos, backlog e aceitação/8/3.png",Sim,Sim,Sim,multiple_choice,Nenhum,Conteúdo preservado,Nenhuma,"PMP - BOOK 8/10. Escopo, requisitos, backlog e aceitação/8/Gabarito - 10.8.txt",alta
area10-s8-q4,"PMP - BOOK 8/10. Escopo, requisitos, backlog e aceitação/8/Gabarito - 10.8.txt","10. Escopo, requisitos, backlog e aceitação/8/4.png",Sim,Sim,Sim,multiple_choice,Nenhum,Conteúdo preservado,Nenhuma,"PMP - BOOK 8/10. Escopo, requisitos, backlog e aceitação/8/Gabarito - 10.8.txt",alta
area10-s8-q5,"PMP - BOOK 8/10. Escopo, requisitos, backlog e aceitação/8/Gabarito - 10.8.txt","10. Escopo, requisitos, backlog e aceitação/8/5.png",Sim,Sim,Sim,multiple_choice,Nenhum,Conteúdo preservado,Nenhuma,"PMP - BOOK 8/10. Escopo, requisitos, backlog e aceitação/8/Gabarito - 10.8.txt",alta
area10-s8-q6,"PMP - BOOK 8/10. Escopo, requisitos, backlog e aceitação/8/Gabarito - 10.8.txt","10. Escopo, requisitos, backlog e aceitação/8/6.png",Sim,Sim,Sim,multiple_choice,Nenhum,Conteúdo preservado,Nenhuma,"PMP - BOOK 8/10. Escopo, requisitos, backlog e aceitação/8/Gabarito - 10.8.txt",alta
area10-s8-q7,"PMP - BOOK 8/10. Escopo, requisitos, backlog e aceitação/8/Gabarito - 10.8.txt","10. Escopo, requisitos, backlog e aceitação/8/7.png",Sim,Sim,Sim,multiple_choice,Nenhum,Conteúdo preservado,Nenhuma,"PMP - BOOK 8/10. Escopo, requisitos, backlog e aceitação/8/Gabarito - 10.8.txt",alta
area10-s8-q8,"PMP - BOOK 8/10. Escopo, requisitos, backlog e aceitação/8/Gabarito - 10.8.txt","10. Escopo, requisitos, backlog e aceitação/8/8.png",Sim,Sim,Sim,multiple_choice,Nenhum,Conteúdo preservado,Nenhuma,"PMP - BOOK 8/10. Escopo, requisitos, backlog e aceitação/8/Gabarito - 10.8.txt",alta
area10-s8-q9,"PMP - BOOK 8/10. Escopo, requisitos, backlog e aceitação/8/Gabarito - 10.8.txt","10. Escopo, requisitos, backlog e aceitação/8/9.png",Sim,Sim,Sim,multiple_choice,Nenhum,Conteúdo preservado,Nenhuma,"PMP - BOOK 8/10. Escopo, requisitos, backlog e aceitação/8/Gabarito - 10.8.txt",alta
area10-s8-q10,"PMP - BOOK 8/10. Escopo, requisitos, backlog e aceitação/8/Gabarito - 10.8.txt","10. Escopo, requisitos, backlog e aceitação/8/10.png",Sim,Sim,Sim,multiple_choice,Nenhum,Conteúdo preservado,Nenhuma,"PMP - BOOK 8/10. Escopo, requisitos, backlog e aceitação/8/Gabarito - 10.8.txt",alta
area10-s9-q1,"PMP - BOOK 8/10. Escopo, requisitos, backlog e aceitação/9/Gabarito - 10.9.txt","10. Escopo, requisitos, backlog e aceitação/9/1.png",Sim,Sim,Sim,multiple_choice,Nenhum,Conteúdo preservado,Nenhuma,"PMP - BOOK 8/10. Escopo, requisitos, backlog e aceitação/9/Gabarito - 10.9.txt",alta
area10-s9-q2,"PMP - BOOK 8/10. Escopo, requisitos, backlog e aceitação/9/Gabarito - 10.9.txt","10. Escopo, requisitos, backlog e aceitação/9/2.png",Sim,Sim,Sim,multiple_choice,Nenhum,Conteúdo preservado,Nenhuma,"PMP - BOOK 8/10. Escopo, requisitos, backlog e aceitação/9/Gabarito - 10.9.txt",alta
area10-s9-q3,"PMP - BOOK 8/10. Escopo, requisitos, backlog e aceitação/9/Gabarito - 10.9.txt","10. Escopo, requisitos, backlog e aceitação/9/3.png",Sim,Sim,Sim,multiple_choice,Nenhum,Conteúdo preservado,Nenhuma,"PMP - BOOK 8/10. Escopo, requisitos, backlog e aceitação/9/Gabarito - 10.9.txt",alta
area10-s9-q4,"PMP - BOOK 8/10. Escopo, requisitos, backlog e aceitação/9/Gabarito - 10.9.txt","10. Escopo, requisitos, backlog e aceitação/9/4.png",Sim,Sim,Sim,multiple_choice,Nenhum,Conteúdo preservado,Nenhuma,"PMP - BOOK 8/10. Escopo, requisitos, backlog e aceitação/9/Gabarito - 10.9.txt",alta
area10-s9-q5,"PMP - BOOK 8/10. Escopo, requisitos, backlog e aceitação/9/Gabarito - 10.9.txt","10. Escopo, requisitos, backlog e aceitação/9/5.png",Sim,Sim,Sim,matching,Nenhum,Associação estruturada a partir dos pares da fonte,Nenhuma,"PMP - BOOK 8/10. Escopo, requisitos, backlog e aceitação/9/Gabarito - 10.9.txt",alta
area10-s9-q6,"PMP - BOOK 8/10. Escopo, requisitos, backlog e aceitação/9/Gabarito - 10.9.txt","10. Escopo, requisitos, backlog e aceitação/9/6.png",Sim,Sim,Sim,multiple_choice,Nenhum,Conteúdo preservado,Nenhuma,"PMP - BOOK 8/10. Escopo, requisitos, backlog e aceitação/9/Gabarito - 10.9.txt",alta
area10-s9-q7,"PMP - BOOK 8/10. Escopo, requisitos, backlog e aceitação/9/Gabarito - 10.9.txt","10. Escopo, requisitos, backlog e aceitação/9/7.png",Sim,Sim,Sim,multiple_choice,Nenhum,Conteúdo preservado,Nenhuma,"PMP - BOOK 8/10. Escopo, requisitos, backlog e aceitação/9/Gabarito - 10.9.txt",alta
area10-s9-q8,"PMP - BOOK 8/10. Escopo, requisitos, backlog e aceitação/9/Gabarito - 10.9.txt","10. Escopo, requisitos, backlog e aceitação/9/8.png",Sim,Sim,Sim,multiple_choice,Nenhum,Conteúdo preservado,Nenhuma,"PMP - BOOK 8/10. Escopo, requisitos, backlog e aceitação/9/Gabarito - 10.9.txt",alta
area10-s10-q1,"PMP - BOOK 8/10. Escopo, requisitos, backlog e aceitação/10/Gabarito -10.10.txt","10. Escopo, requisitos, backlog e aceitação/10/1.png",Sim,Sim,Sim,multiple_choice,Nenhum,Conteúdo preservado,Nenhuma,"PMP - BOOK 8/10. Escopo, requisitos, backlog e aceitação/10/Gabarito -10.10.txt",alta
area10-s10-q2,"PMP - BOOK 8/10. Escopo, requisitos, backlog e aceitação/10/Gabarito -10.10.txt","10. Escopo, requisitos, backlog e aceitação/10/2.png",Sim,Sim,Sim,matching,Nenhum,Associação estruturada a partir dos pares da fonte,Nenhuma,"PMP - BOOK 8/10. Escopo, requisitos, backlog e aceitação/10/Gabarito -10.10.txt",alta
area10-s10-q3,"PMP - BOOK 8/10. Escopo, requisitos, backlog e aceitação/10/Gabarito -10.10.txt","10. Escopo, requisitos, backlog e aceitação/10/3.png",Sim,Sim,Sim,multiple_choice,Nenhum,Conteúdo preservado,Nenhuma,"PMP - BOOK 8/10. Escopo, requisitos, backlog e aceitação/10/Gabarito -10.10.txt",alta
area10-s10-q4,"PMP - BOOK 8/10. Escopo, requisitos, backlog e aceitação/10/Gabarito -10.10.txt","10. Escopo, requisitos, backlog e aceitação/10/4.png",Sim,Sim,Sim,multiple_choice,Nenhum,Conteúdo preservado,Nenhuma,"PMP - BOOK 8/10. Escopo, requisitos, backlog e aceitação/10/Gabarito -10.10.txt",alta
area10-s10-q5,"PMP - BOOK 8/10. Escopo, requisitos, backlog e aceitação/10/Gabarito -10.10.txt","10. Escopo, requisitos, backlog e aceitação/10/5.png",Sim,Sim,Sim,multiple_choice,Nenhum,Conteúdo preservado,Nenhuma,"PMP - BOOK 8/10. Escopo, requisitos, backlog e aceitação/10/Gabarito -10.10.txt",alta
area10-s10-q6,"PMP - BOOK 8/10. Escopo, requisitos, backlog e aceitação/10/Gabarito -10.10.txt","10. Escopo, requisitos, backlog e aceitação/10/6.png",Sim,Sim,Sim,multiple_choice,Nenhum,Conteúdo preservado,Nenhuma,"PMP - BOOK 8/10. Escopo, requisitos, backlog e aceitação/10/Gabarito -10.10.txt",alta
area10-s10-q7,"PMP - BOOK 8/10. Escopo, requisitos, backlog e aceitação/10/Gabarito -10.10.txt","10. Escopo, requisitos, backlog e aceitação/10/7.png",Sim,Sim,Sim,multiple_choice,Nenhum,Conteúdo preservado,Nenhuma,"PMP - BOOK 8/10. Escopo, requisitos, backlog e aceitação/10/Gabarito -10.10.txt",alta
area10-s10-q8,"PMP - BOOK 8/10. Escopo, requisitos, backlog e aceitação/10/Gabarito -10.10.txt","10. Escopo, requisitos, backlog e aceitação/10/8.png",Sim,Sim,Sim,multiple_choice,Nenhum,Conteúdo preservado,Nenhuma,"PMP - BOOK 8/10. Escopo, requisitos, backlog e aceitação/10/Gabarito -10.10.txt",alta
area10-s10-q9,"PMP - BOOK 8/10. Escopo, requisitos, backlog e aceitação/10/Gabarito -10.10.txt","10. Escopo, requisitos, backlog e aceitação/10/9.png",Sim,Sim,Sim,multiple_choice,Nenhum,Conteúdo preservado,Nenhuma,"PMP - BOOK 8/10. Escopo, requisitos, backlog e aceitação/10/Gabarito -10.10.txt",alta
area10-s11-q1,"PMP - BOOK 8/10. Escopo, requisitos, backlog e aceitação/11/Gabarito - 10.11.txt","10. Escopo, requisitos, backlog e aceitação/11/1.png",Sim,Sim,Sim,multiple_choice,Nenhum,Conteúdo preservado,Nenhuma,"PMP - BOOK 8/10. Escopo, requisitos, backlog e aceitação/11/Gabarito - 10.11.txt",alta
area10-s11-q2,"PMP - BOOK 8/10. Escopo, requisitos, backlog e aceitação/11/Gabarito - 10.11.txt","10. Escopo, requisitos, backlog e aceitação/11/2.png",Sim,Sim,Sim,multiple_choice,Nenhum,Conteúdo preservado,Nenhuma,"PMP - BOOK 8/10. Escopo, requisitos, backlog e aceitação/11/Gabarito - 10.11.txt",alta
area10-s11-q3,"PMP - BOOK 8/10. Escopo, requisitos, backlog e aceitação/11/Gabarito - 10.11.txt","10. Escopo, requisitos, backlog e aceitação/11/3.png",Sim,Sim,Sim,multiple_choice,Nenhum,Conteúdo preservado,Nenhuma,"PMP - BOOK 8/10. Escopo, requisitos, backlog e aceitação/11/Gabarito - 10.11.txt",alta
area10-s11-q4,"PMP - BOOK 8/10. Escopo, requisitos, backlog e aceitação/11/Gabarito - 10.11.txt","10. Escopo, requisitos, backlog e aceitação/11/4.png",Sim,Sim,Sim,multiple_choice,Nenhum,Conteúdo preservado,Nenhuma,"PMP - BOOK 8/10. Escopo, requisitos, backlog e aceitação/11/Gabarito - 10.11.txt",alta
area10-s11-q5,"PMP - BOOK 8/10. Escopo, requisitos, backlog e aceitação/11/Gabarito - 10.11.txt","10. Escopo, requisitos, backlog e aceitação/11/5.png",Sim,Sim,Sim,multiple_choice,Nenhum,Conteúdo preservado,Nenhuma,"PMP - BOOK 8/10. Escopo, requisitos, backlog e aceitação/11/Gabarito - 10.11.txt",alta
area10-s11-q6,"PMP - BOOK 8/10. Escopo, requisitos, backlog e aceitação/11/Gabarito - 10.11.txt","10. Escopo, requisitos, backlog e aceitação/11/6.png",Sim,Sim,Sim,multiple_choice,Nenhum,Conteúdo preservado,Nenhuma,"PMP - BOOK 8/10. Escopo, requisitos, backlog e aceitação/11/Gabarito - 10.11.txt",alta
area10-s11-q7,"PMP - BOOK 8/10. Escopo, requisitos, backlog e aceitação/11/Gabarito - 10.11.txt","10. Escopo, requisitos, backlog e aceitação/11/7.png",Sim,Sim,Sim,multiple_choice,Nenhum,Conteúdo preservado,Nenhuma,"PMP - BOOK 8/10. Escopo, requisitos, backlog e aceitação/11/Gabarito - 10.11.txt",alta
area10-s11-q8,"PMP - BOOK 8/10. Escopo, requisitos, backlog e aceitação/11/Gabarito - 10.11.txt","10. Escopo, requisitos, backlog e aceitação/11/8.png",Sim,Sim,Sim,multiple_selection,Nenhum,Conteúdo preservado,Nenhuma,"PMP - BOOK 8/10. Escopo, requisitos, backlog e aceitação/11/Gabarito - 10.11.txt",alta
area10-s11-q9,"PMP - BOOK 8/10. Escopo, requisitos, backlog e aceitação/11/Gabarito - 10.11.txt","10. Escopo, requisitos, backlog e aceitação/11/9.png",Sim,Sim,Sim,multiple_choice,Nenhum,Conteúdo preservado,Nenhuma,"PMP - BOOK 8/10. Escopo, requisitos, backlog e aceitação/11/Gabarito - 10.11.txt",alta
area10-s11-q10,"PMP - BOOK 8/10. Escopo, requisitos, backlog e aceitação/11/Gabarito - 10.11.txt","10. Escopo, requisitos, backlog e aceitação/11/10.png",Sim,Sim,Sim,multiple_choice,Nenhum,Conteúdo preservado,Nenhuma,"PMP - BOOK 8/10. Escopo, requisitos, backlog e aceitação/11/Gabarito - 10.11.txt",alta
area10-s12-q1,"PMP - BOOK 8/10. Escopo, requisitos, backlog e aceitação/12/Gabarito - 10.12.txt","10. Escopo, requisitos, backlog e aceitação/12/1.png",Sim,Sim,Sim,multiple_choice,Nenhum,Conteúdo preservado,Nenhuma,"PMP - BOOK 8/10. Escopo, requisitos, backlog e aceitação/12/Gabarito - 10.12.txt",alta
area10-s12-q2,"PMP - BOOK 8/10. Escopo, requisitos, backlog e aceitação/12/Gabarito - 10.12.txt","10. Escopo, requisitos, backlog e aceitação/12/2.png",Sim,Sim,Sim,multiple_choice,Nenhum,Conteúdo preservado,Nenhuma,"PMP - BOOK 8/10. Escopo, requisitos, backlog e aceitação/12/Gabarito - 10.12.txt",alta
area10-s12-q3,"PMP - BOOK 8/10. Escopo, requisitos, backlog e aceitação/12/Gabarito - 10.12.txt","10. Escopo, requisitos, backlog e aceitação/12/3.png",Sim,Sim,Sim,multiple_choice,Nenhum,Conteúdo preservado,Nenhuma,"PMP - BOOK 8/10. Escopo, requisitos, backlog e aceitação/12/Gabarito - 10.12.txt",alta
area10-s12-q4,"PMP - BOOK 8/10. Escopo, requisitos, backlog e aceitação/12/Gabarito - 10.12.txt","10. Escopo, requisitos, backlog e aceitação/12/4.png",Sim,Sim,Sim,multiple_choice,Nenhum,Conteúdo preservado,Nenhuma,"PMP - BOOK 8/10. Escopo, requisitos, backlog e aceitação/12/Gabarito - 10.12.txt",alta
area10-s12-q5,"PMP - BOOK 8/10. Escopo, requisitos, backlog e aceitação/12/Gabarito - 10.12.txt","10. Escopo, requisitos, backlog e aceitação/12/5.png",Sim,Sim,Sim,multiple_choice,Nenhum,Conteúdo preservado,Nenhuma,"PMP - BOOK 8/10. Escopo, requisitos, backlog e aceitação/12/Gabarito - 10.12.txt",alta
area10-s12-q6,"PMP - BOOK 8/10. Escopo, requisitos, backlog e aceitação/12/Gabarito - 10.12.txt","10. Escopo, requisitos, backlog e aceitação/12/6.png",Sim,Sim,Sim,multiple_choice,Nenhum,Conteúdo preservado,Nenhuma,"PMP - BOOK 8/10. Escopo, requisitos, backlog e aceitação/12/Gabarito - 10.12.txt",alta
area10-s12-q7,"PMP - BOOK 8/10. Escopo, requisitos, backlog e aceitação/12/Gabarito - 10.12.txt","10. Escopo, requisitos, backlog e aceitação/12/7.png",Sim,Sim,Sim,multiple_choice,Nenhum,Conteúdo preservado,Nenhuma,"PMP - BOOK 8/10. Escopo, requisitos, backlog e aceitação/12/Gabarito - 10.12.txt",alta
area10-s12-q8,"PMP - BOOK 8/10. Escopo, requisitos, backlog e aceitação/12/Gabarito - 10.12.txt","10. Escopo, requisitos, backlog e aceitação/12/8.png",Sim,Sim,Sim,multiple_choice,Nenhum,Conteúdo preservado,Nenhuma,"PMP - BOOK 8/10. Escopo, requisitos, backlog e aceitação/12/Gabarito - 10.12.txt",alta
area10-s13-q1,"PMP - BOOK 8/10. Escopo, requisitos, backlog e aceitação/13/Gabarito - 10.13.txt","10. Escopo, requisitos, backlog e aceitação/13/1.png",Sim,Sim,Sim,multiple_choice,Nenhum,Conteúdo preservado,Nenhuma,"PMP - BOOK 8/10. Escopo, requisitos, backlog e aceitação/13/Gabarito - 10.13.txt",alta
area10-s13-q2,"PMP - BOOK 8/10. Escopo, requisitos, backlog e aceitação/13/Gabarito - 10.13.txt","10. Escopo, requisitos, backlog e aceitação/13/2.png",Sim,Sim,Sim,multiple_choice,Nenhum,Conteúdo preservado,Nenhuma,"PMP - BOOK 8/10. Escopo, requisitos, backlog e aceitação/13/Gabarito - 10.13.txt",alta
area10-s13-q3,"PMP - BOOK 8/10. Escopo, requisitos, backlog e aceitação/13/Gabarito - 10.13.txt","10. Escopo, requisitos, backlog e aceitação/13/3.png",Sim,Sim,Sim,multiple_choice,Nenhum,Conteúdo preservado,Nenhuma,"PMP - BOOK 8/10. Escopo, requisitos, backlog e aceitação/13/Gabarito - 10.13.txt",alta
area10-s13-q4,"PMP - BOOK 8/10. Escopo, requisitos, backlog e aceitação/13/Gabarito - 10.13.txt","10. Escopo, requisitos, backlog e aceitação/13/4.png",Sim,Sim,Sim,multiple_selection,Nenhum,Conteúdo preservado,Nenhuma,"PMP - BOOK 8/10. Escopo, requisitos, backlog e aceitação/13/Gabarito - 10.13.txt",alta
area10-s13-q5,"PMP - BOOK 8/10. Escopo, requisitos, backlog e aceitação/13/Gabarito - 10.13.txt","10. Escopo, requisitos, backlog e aceitação/13/5.png",Sim,Sim,Sim,multiple_choice,Nenhum,Conteúdo preservado,Nenhuma,"PMP - BOOK 8/10. Escopo, requisitos, backlog e aceitação/13/Gabarito - 10.13.txt",alta
area10-s13-q6,"PMP - BOOK 8/10. Escopo, requisitos, backlog e aceitação/13/Gabarito - 10.13.txt","10. Escopo, requisitos, backlog e aceitação/13/6.png",Sim,Sim,Sim,multiple_selection,Nenhum,Conteúdo preservado,Nenhuma,"PMP - BOOK 8/10. Escopo, requisitos, backlog e aceitação/13/Gabarito - 10.13.txt",alta
area10-s13-q7,"PMP - BOOK 8/10. Escopo, requisitos, backlog e aceitação/13/Gabarito - 10.13.txt","10. Escopo, requisitos, backlog e aceitação/13/7.png",Sim,Sim,Sim,multiple_choice,Nenhum,Conteúdo preservado,Nenhuma,"PMP - BOOK 8/10. Escopo, requisitos, backlog e aceitação/13/Gabarito - 10.13.txt",alta
area10-s13-q8,"PMP - BOOK 8/10. Escopo, requisitos, backlog e aceitação/13/Gabarito - 10.13.txt","10. Escopo, requisitos, backlog e aceitação/13/8.png",Sim,Sim,Sim,matching,Nenhum,Associação estruturada a partir dos pares da fonte,Nenhuma,"PMP - BOOK 8/10. Escopo, requisitos, backlog e aceitação/13/Gabarito - 10.13.txt",alta
area10-s13-q9,"PMP - BOOK 8/10. Escopo, requisitos, backlog e aceitação/13/Gabarito - 10.13.txt","10. Escopo, requisitos, backlog e aceitação/13/9.png",Sim,Sim,Sim,multiple_choice,Nenhum,Conteúdo preservado,Nenhuma,"PMP - BOOK 8/10. Escopo, requisitos, backlog e aceitação/13/Gabarito - 10.13.txt",alta
area10-s14-q1,"PMP - BOOK 8/10. Escopo, requisitos, backlog e aceitação/14/Gabarito - 10.14.txt","10. Escopo, requisitos, backlog e aceitação/14/1.png",Sim,Sim,Sim,multiple_choice,Nenhum,Conteúdo preservado,Nenhuma,"PMP - BOOK 8/10. Escopo, requisitos, backlog e aceitação/14/Gabarito - 10.14.txt",alta
area10-s14-q2,"PMP - BOOK 8/10. Escopo, requisitos, backlog e aceitação/14/Gabarito - 10.14.txt","10. Escopo, requisitos, backlog e aceitação/14/2.png",Sim,Sim,Sim,multiple_choice,Nenhum,Conteúdo preservado,Nenhuma,"PMP - BOOK 8/10. Escopo, requisitos, backlog e aceitação/14/Gabarito - 10.14.txt",alta
area10-s14-q3,"PMP - BOOK 8/10. Escopo, requisitos, backlog e aceitação/14/Gabarito - 10.14.txt","10. Escopo, requisitos, backlog e aceitação/14/3.png",Sim,Sim,Sim,multiple_choice,Nenhum,Conteúdo preservado,Nenhuma,"PMP - BOOK 8/10. Escopo, requisitos, backlog e aceitação/14/Gabarito - 10.14.txt",alta
area10-s14-q4,"PMP - BOOK 8/10. Escopo, requisitos, backlog e aceitação/14/Gabarito - 10.14.txt","10. Escopo, requisitos, backlog e aceitação/14/4.png",Sim,Sim,Sim,multiple_choice,Nenhum,Conteúdo preservado,Nenhuma,"PMP - BOOK 8/10. Escopo, requisitos, backlog e aceitação/14/Gabarito - 10.14.txt",alta
area10-s14-q5,"PMP - BOOK 8/10. Escopo, requisitos, backlog e aceitação/14/Gabarito - 10.14.txt","10. Escopo, requisitos, backlog e aceitação/14/5.png",Sim,Sim,Sim,multiple_choice,Nenhum,Conteúdo preservado,Nenhuma,"PMP - BOOK 8/10. Escopo, requisitos, backlog e aceitação/14/Gabarito - 10.14.txt",alta
area10-s14-q6,"PMP - BOOK 8/10. Escopo, requisitos, backlog e aceitação/14/Gabarito - 10.14.txt","10. Escopo, requisitos, backlog e aceitação/14/6.png",Sim,Sim,Sim,multiple_selection,Nenhum,Conteúdo preservado,Nenhuma,"PMP - BOOK 8/10. Escopo, requisitos, backlog e aceitação/14/Gabarito - 10.14.txt",alta
area10-s14-q7,"PMP - BOOK 8/10. Escopo, requisitos, backlog e aceitação/14/Gabarito - 10.14.txt","10. Escopo, requisitos, backlog e aceitação/14/7.png",Sim,Sim,Sim,multiple_choice,Nenhum,Conteúdo preservado,Nenhuma,"PMP - BOOK 8/10. Escopo, requisitos, backlog e aceitação/14/Gabarito - 10.14.txt",alta
area10-s14-q8,"PMP - BOOK 8/10. Escopo, requisitos, backlog e aceitação/14/Gabarito - 10.14.txt","10. Escopo, requisitos, backlog e aceitação/14/8.png",Sim,Sim,Sim,multiple_selection,Nenhum,Conteúdo preservado,Nenhuma,"PMP - BOOK 8/10. Escopo, requisitos, backlog e aceitação/14/Gabarito - 10.14.txt",alta
area10-s14-q9,"PMP - BOOK 8/10. Escopo, requisitos, backlog e aceitação/14/Gabarito - 10.14.txt","10. Escopo, requisitos, backlog e aceitação/14/9.png",Sim,Sim,Sim,multiple_choice,Nenhum,Conteúdo preservado,Nenhuma,"PMP - BOOK 8/10. Escopo, requisitos, backlog e aceitação/14/Gabarito - 10.14.txt",alta
area10-s15-q1,"PMP - BOOK 8/10. Escopo, requisitos, backlog e aceitação/15/Gabarito - 10.15.txt","10. Escopo, requisitos, backlog e aceitação/15/1.png",Sim,Sim,Sim,multiple_selection,Nenhum,Conteúdo preservado,Nenhuma,"PMP - BOOK 8/10. Escopo, requisitos, backlog e aceitação/15/Gabarito - 10.15.txt",alta
area10-s15-q2,"PMP - BOOK 8/10. Escopo, requisitos, backlog e aceitação/15/Gabarito - 10.15.txt","10. Escopo, requisitos, backlog e aceitação/15/2.png",Sim,Sim,Sim,multiple_choice,Nenhum,Conteúdo preservado,Nenhuma,"PMP - BOOK 8/10. Escopo, requisitos, backlog e aceitação/15/Gabarito - 10.15.txt",alta
area10-s15-q3,"PMP - BOOK 8/10. Escopo, requisitos, backlog e aceitação/15/Gabarito - 10.15.txt","10. Escopo, requisitos, backlog e aceitação/15/3.png",Sim,Sim,Sim,multiple_choice,Nenhum,Conteúdo preservado,Nenhuma,"PMP - BOOK 8/10. Escopo, requisitos, backlog e aceitação/15/Gabarito - 10.15.txt",alta
area10-s15-q4,"PMP - BOOK 8/10. Escopo, requisitos, backlog e aceitação/15/Gabarito - 10.15.txt","10. Escopo, requisitos, backlog e aceitação/15/4.png",Sim,Sim,Sim,multiple_choice,Nenhum,Conteúdo preservado,Nenhuma,"PMP - BOOK 8/10. Escopo, requisitos, backlog e aceitação/15/Gabarito - 10.15.txt",alta
area10-s15-q5,"PMP - BOOK 8/10. Escopo, requisitos, backlog e aceitação/15/Gabarito - 10.15.txt","10. Escopo, requisitos, backlog e aceitação/15/5.png",Sim,Sim,Sim,multiple_choice,Nenhum,Conteúdo preservado,Nenhuma,"PMP - BOOK 8/10. Escopo, requisitos, backlog e aceitação/15/Gabarito - 10.15.txt",alta
area10-s15-q6,"PMP - BOOK 8/10. Escopo, requisitos, backlog e aceitação/15/Gabarito - 10.15.txt","10. Escopo, requisitos, backlog e aceitação/15/6.png",Sim,Sim,Sim,multiple_choice,Nenhum,Conteúdo preservado,Nenhuma,"PMP - BOOK 8/10. Escopo, requisitos, backlog e aceitação/15/Gabarito - 10.15.txt",alta
area10-s15-q7,"PMP - BOOK 8/10. Escopo, requisitos, backlog e aceitação/15/Gabarito - 10.15.txt","10. Escopo, requisitos, backlog e aceitação/15/7.png",Sim,Sim,Sim,multiple_choice,Nenhum,Conteúdo preservado,Nenhuma,"PMP - BOOK 8/10. Escopo, requisitos, backlog e aceitação/15/Gabarito - 10.15.txt",alta
area10-s15-q8,"PMP - BOOK 8/10. Escopo, requisitos, backlog e aceitação/15/Gabarito - 10.15.txt","10. Escopo, requisitos, backlog e aceitação/15/8.png",Sim,Sim,Sim,multiple_choice,Nenhum,Conteúdo preservado,Nenhuma,"PMP - BOOK 8/10. Escopo, requisitos, backlog e aceitação/15/Gabarito - 10.15.txt",alta
area10-s15-q9,"PMP - BOOK 8/10. Escopo, requisitos, backlog e aceitação/15/Gabarito - 10.15.txt","10. Escopo, requisitos, backlog e aceitação/15/9.png",Sim,Sim,Sim,multiple_choice,Nenhum,Conteúdo preservado,Nenhuma,"PMP - BOOK 8/10. Escopo, requisitos, backlog e aceitação/15/Gabarito - 10.15.txt",alta
area10-s15-q10,"PMP - BOOK 8/10. Escopo, requisitos, backlog e aceitação/15/Gabarito - 10.15.txt","10. Escopo, requisitos, backlog e aceitação/15/10.png",Sim,Sim,Sim,multiple_choice,Nenhum,Conteúdo preservado,Nenhuma,"PMP - BOOK 8/10. Escopo, requisitos, backlog e aceitação/15/Gabarito - 10.15.txt",alta
area10-s15-q11,"PMP - BOOK 8/10. Escopo, requisitos, backlog e aceitação/15/Gabarito - 10.15.txt","10. Escopo, requisitos, backlog e aceitação/15/11.png",Sim,Sim,Sim,multiple_choice,Nenhum,Conteúdo preservado,Nenhuma,"PMP - BOOK 8/10. Escopo, requisitos, backlog e aceitação/15/Gabarito - 10.15.txt",alta
area10-s16-q1,"PMP - BOOK 8/10. Escopo, requisitos, backlog e aceitação/16/Gabarito - 10.16.txt","10. Escopo, requisitos, backlog e aceitação/16/1.png",Sim,Sim,Sim,multiple_choice,Nenhum,Conteúdo preservado,Nenhuma,"PMP - BOOK 8/10. Escopo, requisitos, backlog e aceitação/16/Gabarito - 10.16.txt",alta
area10-s16-q2,"PMP - BOOK 8/10. Escopo, requisitos, backlog e aceitação/16/Gabarito - 10.16.txt","10. Escopo, requisitos, backlog e aceitação/16/2.png",Sim,Sim,Sim,multiple_choice,Nenhum,Conteúdo preservado,Nenhuma,"PMP - BOOK 8/10. Escopo, requisitos, backlog e aceitação/16/Gabarito - 10.16.txt",alta
area10-s16-q3,"PMP - BOOK 8/10. Escopo, requisitos, backlog e aceitação/16/Gabarito - 10.16.txt","10. Escopo, requisitos, backlog e aceitação/16/3.png",Sim,Sim,Sim,multiple_choice,Nenhum,Conteúdo preservado,Nenhuma,"PMP - BOOK 8/10. Escopo, requisitos, backlog e aceitação/16/Gabarito - 10.16.txt",alta
area10-s16-q4,"PMP - BOOK 8/10. Escopo, requisitos, backlog e aceitação/16/Gabarito - 10.16.txt","10. Escopo, requisitos, backlog e aceitação/16/4.png",Sim,Sim,Sim,multiple_choice,Nenhum,Conteúdo preservado,Nenhuma,"PMP - BOOK 8/10. Escopo, requisitos, backlog e aceitação/16/Gabarito - 10.16.txt",alta
area10-s16-q5,"PMP - BOOK 8/10. Escopo, requisitos, backlog e aceitação/16/Gabarito - 10.16.txt","10. Escopo, requisitos, backlog e aceitação/16/5.png",Sim,Sim,Sim,multiple_choice,Nenhum,Conteúdo preservado,Nenhuma,"PMP - BOOK 8/10. Escopo, requisitos, backlog e aceitação/16/Gabarito - 10.16.txt",alta
area10-s16-q6,"PMP - BOOK 8/10. Escopo, requisitos, backlog e aceitação/16/Gabarito - 10.16.txt","10. Escopo, requisitos, backlog e aceitação/16/6.png",Sim,Sim,Sim,multiple_choice,Nenhum,Conteúdo preservado,Nenhuma,"PMP - BOOK 8/10. Escopo, requisitos, backlog e aceitação/16/Gabarito - 10.16.txt",alta
area10-s16-q7,"PMP - BOOK 8/10. Escopo, requisitos, backlog e aceitação/16/Gabarito - 10.16.txt","10. Escopo, requisitos, backlog e aceitação/16/7.png",Sim,Sim,Sim,multiple_choice,Nenhum,Conteúdo preservado,Nenhuma,"PMP - BOOK 8/10. Escopo, requisitos, backlog e aceitação/16/Gabarito - 10.16.txt",alta
area10-s16-q8,"PMP - BOOK 8/10. Escopo, requisitos, backlog e aceitação/16/Gabarito - 10.16.txt","10. Escopo, requisitos, backlog e aceitação/16/8.png",Sim,Sim,Sim,multiple_selection,Nenhum,Conteúdo preservado,Nenhuma,"PMP - BOOK 8/10. Escopo, requisitos, backlog e aceitação/16/Gabarito - 10.16.txt",alta
area10-s16-q9,"PMP - BOOK 8/10. Escopo, requisitos, backlog e aceitação/16/Gabarito - 10.16.txt","10. Escopo, requisitos, backlog e aceitação/16/9.png",Sim,Sim,Sim,multiple_choice,Nenhum,Conteúdo preservado,Nenhuma,"PMP - BOOK 8/10. Escopo, requisitos, backlog e aceitação/16/Gabarito - 10.16.txt",alta
area10-s16-q10,"PMP - BOOK 8/10. Escopo, requisitos, backlog e aceitação/16/Gabarito - 10.16.txt","10. Escopo, requisitos, backlog e aceitação/16/10.png",Sim,Sim,Sim,multiple_choice,Nenhum,Conteúdo preservado,Nenhuma,"PMP - BOOK 8/10. Escopo, requisitos, backlog e aceitação/16/Gabarito - 10.16.txt",alta
area11-s1-q1,PMP - BOOK 8/11. Qualidade incorporada a processos e entregas/1/Gabarito - 11.1.txt,11. Qualidade incorporada a processos e entregas/1/1.png,Sim,Sim,Sim,multiple_selection,Nenhum,Conteúdo preservado,Nenhuma,PMP - BOOK 8/11. Qualidade incorporada a processos e entregas/1/Gabarito - 11.1.txt,alta
area11-s1-q2,PMP - BOOK 8/11. Qualidade incorporada a processos e entregas/1/Gabarito - 11.1.txt,11. Qualidade incorporada a processos e entregas/1/2.png,Sim,Sim,Sim,multiple_choice,Nenhum,Conteúdo preservado,Nenhuma,PMP - BOOK 8/11. Qualidade incorporada a processos e entregas/1/Gabarito - 11.1.txt,alta
area11-s1-q3,PMP - BOOK 8/11. Qualidade incorporada a processos e entregas/1/Gabarito - 11.1.txt,11. Qualidade incorporada a processos e entregas/1/3.png,Sim,Sim,Sim,multiple_choice,Nenhum,Conteúdo preservado,Nenhuma,PMP - BOOK 8/11. Qualidade incorporada a processos e entregas/1/Gabarito - 11.1.txt,alta
area11-s1-q4,PMP - BOOK 8/11. Qualidade incorporada a processos e entregas/1/Gabarito - 11.1.txt,11. Qualidade incorporada a processos e entregas/1/4.png,Sim,Sim,Sim,image_hotspot,Captura continha interface e/ou marcação de gabarito imprópria para publicação,Diagrama recriado em HTML/CSS com zonas estáveis e acessíveis,Nenhuma,11. Qualidade incorporada a processos e entregas/1/4.png; 11. Qualidade incorporada a processos e entregas/1/Gabarito - 11.1.png,high
area11-s1-q5,PMP - BOOK 8/11. Qualidade incorporada a processos e entregas/1/Gabarito - 11.1.txt,11. Qualidade incorporada a processos e entregas/1/5.png,Sim,Sim,Sim,multiple_choice,Nenhum,Conteúdo preservado,Nenhuma,PMP - BOOK 8/11. Qualidade incorporada a processos e entregas/1/Gabarito - 11.1.txt,alta
area11-s1-q6,PMP - BOOK 8/11. Qualidade incorporada a processos e entregas/1/Gabarito - 11.1.txt,11. Qualidade incorporada a processos e entregas/1/6.png,Sim,Sim,Sim,matching,Nenhum,Associação estruturada a partir dos pares da fonte,Nenhuma,PMP - BOOK 8/11. Qualidade incorporada a processos e entregas/1/Gabarito - 11.1.txt,alta
area11-s1-q7,PMP - BOOK 8/11. Qualidade incorporada a processos e entregas/1/Gabarito - 11.1.txt,11. Qualidade incorporada a processos e entregas/1/7.png,Sim,Sim,Sim,multiple_choice,Nenhum,Conteúdo preservado,Nenhuma,PMP - BOOK 8/11. Qualidade incorporada a processos e entregas/1/Gabarito - 11.1.txt,alta
area11-s1-q8,PMP - BOOK 8/11. Qualidade incorporada a processos e entregas/1/Gabarito - 11.1.txt,11. Qualidade incorporada a processos e entregas/1/8.png,Sim,Sim,Sim,multiple_choice,Nenhum,Conteúdo preservado,Nenhuma,PMP - BOOK 8/11. Qualidade incorporada a processos e entregas/1/Gabarito - 11.1.txt,alta
area11-s1-q9,PMP - BOOK 8/11. Qualidade incorporada a processos e entregas/1/Gabarito - 11.1.txt,11. Qualidade incorporada a processos e entregas/1/9.png,Sim,Sim,Sim,multiple_choice,Nenhum,Conteúdo preservado,Nenhuma,PMP - BOOK 8/11. Qualidade incorporada a processos e entregas/1/Gabarito - 11.1.txt,alta
area11-s2-q1,PMP - BOOK 8/11. Qualidade incorporada a processos e entregas/2/Gabarito - 11.2.txt,11. Qualidade incorporada a processos e entregas/2/1.png,Sim,Sim,Sim,matching,Nenhum,Associação estruturada a partir dos pares da fonte,Nenhuma,PMP - BOOK 8/11. Qualidade incorporada a processos e entregas/2/Gabarito - 11.2.txt,alta
area11-s2-q2,PMP - BOOK 8/11. Qualidade incorporada a processos e entregas/2/Gabarito - 11.2.txt,11. Qualidade incorporada a processos e entregas/2/2.png,Sim,Sim,Sim,multiple_choice,Nenhum,Conteúdo preservado,Nenhuma,PMP - BOOK 8/11. Qualidade incorporada a processos e entregas/2/Gabarito - 11.2.txt,alta
area11-s2-q3,PMP - BOOK 8/11. Qualidade incorporada a processos e entregas/2/Gabarito - 11.2.txt,11. Qualidade incorporada a processos e entregas/2/3.png,Sim,Sim,Sim,multiple_choice,Nenhum,Conteúdo preservado,Nenhuma,PMP - BOOK 8/11. Qualidade incorporada a processos e entregas/2/Gabarito - 11.2.txt,alta
area11-s2-q4,PMP - BOOK 8/11. Qualidade incorporada a processos e entregas/2/Gabarito - 11.2.txt,11. Qualidade incorporada a processos e entregas/2/4.png,Sim,Sim,Sim,multiple_choice,Nenhum,Conteúdo preservado,Nenhuma,PMP - BOOK 8/11. Qualidade incorporada a processos e entregas/2/Gabarito - 11.2.txt,alta
area11-s2-q5,PMP - BOOK 8/11. Qualidade incorporada a processos e entregas/2/Gabarito - 11.2.txt,11. Qualidade incorporada a processos e entregas/2/5.png,Sim,Sim,Sim,multiple_choice,Nenhum,Conteúdo preservado,Nenhuma,PMP - BOOK 8/11. Qualidade incorporada a processos e entregas/2/Gabarito - 11.2.txt,alta
area11-s2-q6,PMP - BOOK 8/11. Qualidade incorporada a processos e entregas/2/Gabarito - 11.2.txt,11. Qualidade incorporada a processos e entregas/2/6.png,Sim,Sim,Sim,multiple_choice,Nenhum,Conteúdo preservado,Nenhuma,PMP - BOOK 8/11. Qualidade incorporada a processos e entregas/2/Gabarito - 11.2.txt,alta
area11-s2-q7,PMP - BOOK 8/11. Qualidade incorporada a processos e entregas/2/Gabarito - 11.2.txt,11. Qualidade incorporada a processos e entregas/2/7.png,Sim,Sim,Sim,multiple_choice,Nenhum,Conteúdo preservado,Nenhuma,PMP - BOOK 8/11. Qualidade incorporada a processos e entregas/2/Gabarito - 11.2.txt,alta
area11-s2-q8,PMP - BOOK 8/11. Qualidade incorporada a processos e entregas/2/Gabarito - 11.2.txt,11. Qualidade incorporada a processos e entregas/2/8.png,Sim,Sim,Sim,multiple_choice,Nenhum,Conteúdo preservado,Nenhuma,PMP - BOOK 8/11. Qualidade incorporada a processos e entregas/2/Gabarito - 11.2.txt,alta
area11-s2-q9,PMP - BOOK 8/11. Qualidade incorporada a processos e entregas/2/Gabarito - 11.2.txt,11. Qualidade incorporada a processos e entregas/2/9.png,Sim,Sim,Sim,multiple_choice,Nenhum,Conteúdo preservado,Nenhuma,PMP - BOOK 8/11. Qualidade incorporada a processos e entregas/2/Gabarito - 11.2.txt,alta
area11-s3-q1,PMP - BOOK 8/11. Qualidade incorporada a processos e entregas/3/Gabarito - 11.3.txt,11. Qualidade incorporada a processos e entregas/3/1.png,Sim,Sim,Sim,multiple_choice,Nenhum,Conteúdo preservado,Nenhuma,PMP - BOOK 8/11. Qualidade incorporada a processos e entregas/3/Gabarito - 11.3.txt,alta
area11-s3-q2,PMP - BOOK 8/11. Qualidade incorporada a processos e entregas/3/Gabarito - 11.3.txt,11. Qualidade incorporada a processos e entregas/3/2.png,Sim,Sim,Sim,multiple_choice,Nenhum,Conteúdo preservado,Nenhuma,PMP - BOOK 8/11. Qualidade incorporada a processos e entregas/3/Gabarito - 11.3.txt,alta
area11-s3-q3,PMP - BOOK 8/11. Qualidade incorporada a processos e entregas/3/Gabarito - 11.3.txt,11. Qualidade incorporada a processos e entregas/3/3.png,Sim,Sim,Sim,multiple_choice,Nenhum,Conteúdo preservado,Nenhuma,PMP - BOOK 8/11. Qualidade incorporada a processos e entregas/3/Gabarito - 11.3.txt,alta
area11-s3-q4,PMP - BOOK 8/11. Qualidade incorporada a processos e entregas/3/Gabarito - 11.3.txt,11. Qualidade incorporada a processos e entregas/3/4.png,Sim,Sim,Sim,multiple_choice,Nenhum,Conteúdo preservado,Nenhuma,PMP - BOOK 8/11. Qualidade incorporada a processos e entregas/3/Gabarito - 11.3.txt,alta
area11-s3-q5,PMP - BOOK 8/11. Qualidade incorporada a processos e entregas/3/Gabarito - 11.3.txt,11. Qualidade incorporada a processos e entregas/3/5.png,Sim,Sim,Sim,multiple_choice,Nenhum,Conteúdo preservado,Nenhuma,PMP - BOOK 8/11. Qualidade incorporada a processos e entregas/3/Gabarito - 11.3.txt,alta
area11-s3-q6,PMP - BOOK 8/11. Qualidade incorporada a processos e entregas/3/Gabarito - 11.3.txt,11. Qualidade incorporada a processos e entregas/3/6.png,Sim,Sim,Sim,multiple_choice,Nenhum,Conteúdo preservado,Nenhuma,PMP - BOOK 8/11. Qualidade incorporada a processos e entregas/3/Gabarito - 11.3.txt,alta
area11-s3-q7,PMP - BOOK 8/11. Qualidade incorporada a processos e entregas/3/Gabarito - 11.3.txt,11. Qualidade incorporada a processos e entregas/3/7.png,Sim,Sim,Sim,multiple_choice,Nenhum,Conteúdo preservado,Nenhuma,PMP - BOOK 8/11. Qualidade incorporada a processos e entregas/3/Gabarito - 11.3.txt,alta
area11-s3-q8,PMP - BOOK 8/11. Qualidade incorporada a processos e entregas/3/Gabarito - 11.3.txt,11. Qualidade incorporada a processos e entregas/3/8.png,Sim,Sim,Sim,multiple_choice,Nenhum,Conteúdo preservado,Nenhuma,PMP - BOOK 8/11. Qualidade incorporada a processos e entregas/3/Gabarito - 11.3.txt,alta
area11-s3-q9,PMP - BOOK 8/11. Qualidade incorporada a processos e entregas/3/Gabarito - 11.3.txt,11. Qualidade incorporada a processos e entregas/3/9.png,Sim,Sim,Sim,multiple_choice,Nenhum,Conteúdo preservado,Nenhuma,PMP - BOOK 8/11. Qualidade incorporada a processos e entregas/3/Gabarito - 11.3.txt,alta
area11-s4-q1,PMP - BOOK 8/11. Qualidade incorporada a processos e entregas/4/Gabarito - 11.4.txt,11. Qualidade incorporada a processos e entregas/4/1.png,Sim,Sim,Sim,multiple_choice,Nenhum,Conteúdo preservado,Nenhuma,PMP - BOOK 8/11. Qualidade incorporada a processos e entregas/4/Gabarito - 11.4.txt,alta
area11-s4-q2,PMP - BOOK 8/11. Qualidade incorporada a processos e entregas/4/Gabarito - 11.4.txt,11. Qualidade incorporada a processos e entregas/4/2.png,Sim,Sim,Sim,multiple_choice,Nenhum,Conteúdo preservado,Nenhuma,PMP - BOOK 8/11. Qualidade incorporada a processos e entregas/4/Gabarito - 11.4.txt,alta
area11-s4-q3,PMP - BOOK 8/11. Qualidade incorporada a processos e entregas/4/Gabarito - 11.4.txt,11. Qualidade incorporada a processos e entregas/4/3.png,Sim,Sim,Sim,multiple_choice,Nenhum,Conteúdo preservado,Nenhuma,PMP - BOOK 8/11. Qualidade incorporada a processos e entregas/4/Gabarito - 11.4.txt,alta
area11-s4-q4,PMP - BOOK 8/11. Qualidade incorporada a processos e entregas/4/Gabarito - 11.4.txt,11. Qualidade incorporada a processos e entregas/4/4.png,Sim,Sim,Sim,multiple_choice,Nenhum,Conteúdo preservado,Nenhuma,PMP - BOOK 8/11. Qualidade incorporada a processos e entregas/4/Gabarito - 11.4.txt,alta
area11-s4-q5,PMP - BOOK 8/11. Qualidade incorporada a processos e entregas/4/Gabarito - 11.4.txt,11. Qualidade incorporada a processos e entregas/4/5.png,Sim,Sim,Sim,multiple_choice,Nenhum,Conteúdo preservado,Nenhuma,PMP - BOOK 8/11. Qualidade incorporada a processos e entregas/4/Gabarito - 11.4.txt,alta
area11-s4-q6,PMP - BOOK 8/11. Qualidade incorporada a processos e entregas/4/Gabarito - 11.4.txt,11. Qualidade incorporada a processos e entregas/4/6.png,Sim,Sim,Sim,multiple_choice,Nenhum,Conteúdo preservado,Nenhuma,PMP - BOOK 8/11. Qualidade incorporada a processos e entregas/4/Gabarito - 11.4.txt,alta
area11-s4-q7,PMP - BOOK 8/11. Qualidade incorporada a processos e entregas/4/Gabarito - 11.4.txt,11. Qualidade incorporada a processos e entregas/4/7.png,Sim,Sim,Sim,multiple_selection,Nenhum,Conteúdo preservado,Nenhuma,PMP - BOOK 8/11. Qualidade incorporada a processos e entregas/4/Gabarito - 11.4.txt,alta
area11-s4-q8,PMP - BOOK 8/11. Qualidade incorporada a processos e entregas/4/Gabarito - 11.4.txt,11. Qualidade incorporada a processos e entregas/4/8.png,Sim,Sim,Sim,multiple_choice,Nenhum,Conteúdo preservado,Nenhuma,PMP - BOOK 8/11. Qualidade incorporada a processos e entregas/4/Gabarito - 11.4.txt,alta
area11-s4-q9,PMP - BOOK 8/11. Qualidade incorporada a processos e entregas/4/Gabarito - 11.4.txt,11. Qualidade incorporada a processos e entregas/4/9.png,Sim,Sim,Sim,multiple_choice,Nenhum,Conteúdo preservado,Nenhuma,PMP - BOOK 8/11. Qualidade incorporada a processos e entregas/4/Gabarito - 11.4.txt,alta
area11-s5-q1,PMP - BOOK 8/11. Qualidade incorporada a processos e entregas/5/Gabarito - 10.5.txt,11. Qualidade incorporada a processos e entregas/5/1.png,Sim,Sim,Sim,multiple_choice,Nenhum,Conteúdo preservado,Nenhuma,PMP - BOOK 8/11. Qualidade incorporada a processos e entregas/5/Gabarito - 10.5.txt,alta
area11-s5-q2,PMP - BOOK 8/11. Qualidade incorporada a processos e entregas/5/Gabarito - 10.5.txt,11. Qualidade incorporada a processos e entregas/5/2.png,Sim,Sim,Sim,multiple_choice,Nenhum,Conteúdo preservado,Nenhuma,PMP - BOOK 8/11. Qualidade incorporada a processos e entregas/5/Gabarito - 10.5.txt,alta
area11-s5-q3,PMP - BOOK 8/11. Qualidade incorporada a processos e entregas/5/Gabarito - 10.5.txt,11. Qualidade incorporada a processos e entregas/5/3.png,Sim,Sim,Sim,multiple_choice,Nenhum,Conteúdo preservado,Nenhuma,PMP - BOOK 8/11. Qualidade incorporada a processos e entregas/5/Gabarito - 10.5.txt,alta
area11-s5-q4,PMP - BOOK 8/11. Qualidade incorporada a processos e entregas/5/Gabarito - 10.5.txt,11. Qualidade incorporada a processos e entregas/5/4.png,Sim,Sim,Sim,multiple_choice,Nenhum,Conteúdo preservado,Nenhuma,PMP - BOOK 8/11. Qualidade incorporada a processos e entregas/5/Gabarito - 10.5.txt,alta
area11-s5-q5,PMP - BOOK 8/11. Qualidade incorporada a processos e entregas/5/Gabarito - 10.5.txt,11. Qualidade incorporada a processos e entregas/5/5.png,Sim,Sim,Sim,multiple_choice,Nenhum,Conteúdo preservado,Nenhuma,PMP - BOOK 8/11. Qualidade incorporada a processos e entregas/5/Gabarito - 10.5.txt,alta
area11-s5-q6,PMP - BOOK 8/11. Qualidade incorporada a processos e entregas/5/Gabarito - 10.5.txt,11. Qualidade incorporada a processos e entregas/5/6.png,Sim,Sim,Sim,multiple_choice,Nenhum,Conteúdo preservado,Nenhuma,PMP - BOOK 8/11. Qualidade incorporada a processos e entregas/5/Gabarito - 10.5.txt,alta
area11-s5-q7,PMP - BOOK 8/11. Qualidade incorporada a processos e entregas/5/Gabarito - 10.5.txt,11. Qualidade incorporada a processos e entregas/5/7.png,Sim,Sim,Sim,matching,Nenhum,Associação estruturada a partir dos pares da fonte,Nenhuma,PMP - BOOK 8/11. Qualidade incorporada a processos e entregas/5/Gabarito - 10.5.txt,alta
area11-s5-q8,PMP - BOOK 8/11. Qualidade incorporada a processos e entregas/5/Gabarito - 10.5.txt,11. Qualidade incorporada a processos e entregas/5/8.png,Sim,Sim,Sim,multiple_choice,Nenhum,Conteúdo preservado,Nenhuma,PMP - BOOK 8/11. Qualidade incorporada a processos e entregas/5/Gabarito - 10.5.txt,alta
area11-s5-q9,PMP - BOOK 8/11. Qualidade incorporada a processos e entregas/5/Gabarito - 10.5.txt,11. Qualidade incorporada a processos e entregas/5/9.png,Sim,Sim,Sim,multiple_choice,Nenhum,Conteúdo preservado,Nenhuma,PMP - BOOK 8/11. Qualidade incorporada a processos e entregas/5/Gabarito - 10.5.txt,alta
area11-s5-q10,PMP - BOOK 8/11. Qualidade incorporada a processos e entregas/5/Gabarito - 10.5.txt,11. Qualidade incorporada a processos e entregas/5/10.png,Sim,Sim,Sim,multiple_choice,Nenhum,Conteúdo preservado,Nenhuma,PMP - BOOK 8/11. Qualidade incorporada a processos e entregas/5/Gabarito - 10.5.txt,alta
area11-s6-q1,PMP - BOOK 8/11. Qualidade incorporada a processos e entregas/6/Gabarito - 11.6.txt,11. Qualidade incorporada a processos e entregas/6/1.png,Sim,Sim,Sim,multiple_choice,Nenhum,Conteúdo preservado,Nenhuma,PMP - BOOK 8/11. Qualidade incorporada a processos e entregas/6/Gabarito - 11.6.txt,alta
area11-s6-q2,PMP - BOOK 8/11. Qualidade incorporada a processos e entregas/6/Gabarito - 11.6.txt,11. Qualidade incorporada a processos e entregas/6/2.png,Sim,Sim,Sim,multiple_choice,Nenhum,Conteúdo preservado,Nenhuma,PMP - BOOK 8/11. Qualidade incorporada a processos e entregas/6/Gabarito - 11.6.txt,alta
area11-s6-q3,PMP - BOOK 8/11. Qualidade incorporada a processos e entregas/6/Gabarito - 11.6.txt,11. Qualidade incorporada a processos e entregas/6/3.png,Sim,Sim,Sim,multiple_choice,Nenhum,Conteúdo preservado,Nenhuma,PMP - BOOK 8/11. Qualidade incorporada a processos e entregas/6/Gabarito - 11.6.txt,alta
area11-s6-q4,PMP - BOOK 8/11. Qualidade incorporada a processos e entregas/6/Gabarito - 11.6.txt,11. Qualidade incorporada a processos e entregas/6/4.png,Sim,Sim,Sim,multiple_choice,Nenhum,Conteúdo preservado,Nenhuma,PMP - BOOK 8/11. Qualidade incorporada a processos e entregas/6/Gabarito - 11.6.txt,alta
area11-s6-q5,PMP - BOOK 8/11. Qualidade incorporada a processos e entregas/6/Gabarito - 11.6.txt,11. Qualidade incorporada a processos e entregas/6/5.png,Sim,Sim,Sim,multiple_choice,Nenhum,Conteúdo preservado,Nenhuma,PMP - BOOK 8/11. Qualidade incorporada a processos e entregas/6/Gabarito - 11.6.txt,alta
area11-s6-q6,PMP - BOOK 8/11. Qualidade incorporada a processos e entregas/6/Gabarito - 11.6.txt,11. Qualidade incorporada a processos e entregas/6/6.png,Sim,Sim,Sim,multiple_choice,Nenhum,Conteúdo preservado,Nenhuma,PMP - BOOK 8/11. Qualidade incorporada a processos e entregas/6/Gabarito - 11.6.txt,alta
area11-s6-q7,PMP - BOOK 8/11. Qualidade incorporada a processos e entregas/6/Gabarito - 11.6.txt,11. Qualidade incorporada a processos e entregas/6/7.png,Sim,Sim,Sim,multiple_choice,Nenhum,Conteúdo preservado,Nenhuma,PMP - BOOK 8/11. Qualidade incorporada a processos e entregas/6/Gabarito - 11.6.txt,alta
area11-s6-q8,PMP - BOOK 8/11. Qualidade incorporada a processos e entregas/6/Gabarito - 11.6.txt,11. Qualidade incorporada a processos e entregas/6/8.png,Sim,Sim,Sim,multiple_choice,Nenhum,Conteúdo preservado,Nenhuma,PMP - BOOK 8/11. Qualidade incorporada a processos e entregas/6/Gabarito - 11.6.txt,alta
area11-s6-q9,PMP - BOOK 8/11. Qualidade incorporada a processos e entregas/6/Gabarito - 11.6.txt,11. Qualidade incorporada a processos e entregas/6/9.png,Sim,Sim,Sim,multiple_choice,Nenhum,Conteúdo preservado,Nenhuma,PMP - BOOK 8/11. Qualidade incorporada a processos e entregas/6/Gabarito - 11.6.txt,alta
area11-s7-q1,PMP - BOOK 8/11. Qualidade incorporada a processos e entregas/7/Gabarito - 11.7.txt,11. Qualidade incorporada a processos e entregas/7/1.png,Sim,Sim,Sim,multiple_choice,Nenhum,Conteúdo preservado,Nenhuma,PMP - BOOK 8/11. Qualidade incorporada a processos e entregas/7/Gabarito - 11.7.txt,alta
area11-s7-q2,PMP - BOOK 8/11. Qualidade incorporada a processos e entregas/7/Gabarito - 11.7.txt,11. Qualidade incorporada a processos e entregas/7/2.png,Sim,Sim,Sim,multiple_choice,Nenhum,Conteúdo preservado,Nenhuma,PMP - BOOK 8/11. Qualidade incorporada a processos e entregas/7/Gabarito - 11.7.txt,alta
area11-s7-q3,PMP - BOOK 8/11. Qualidade incorporada a processos e entregas/7/Gabarito - 11.7.txt,11. Qualidade incorporada a processos e entregas/7/3.png,Sim,Sim,Sim,multiple_choice,Nenhum,Conteúdo preservado,Nenhuma,PMP - BOOK 8/11. Qualidade incorporada a processos e entregas/7/Gabarito - 11.7.txt,alta
area11-s7-q4,PMP - BOOK 8/11. Qualidade incorporada a processos e entregas/7/Gabarito - 11.7.txt,11. Qualidade incorporada a processos e entregas/7/4.png,Sim,Sim,Sim,multiple_choice,Nenhum,Conteúdo preservado,Nenhuma,PMP - BOOK 8/11. Qualidade incorporada a processos e entregas/7/Gabarito - 11.7.txt,alta
area11-s7-q5,PMP - BOOK 8/11. Qualidade incorporada a processos e entregas/7/Gabarito - 11.7.txt,11. Qualidade incorporada a processos e entregas/7/5.png,Sim,Sim,Sim,multiple_choice,Nenhum,Conteúdo preservado,Nenhuma,PMP - BOOK 8/11. Qualidade incorporada a processos e entregas/7/Gabarito - 11.7.txt,alta
area11-s7-q6,PMP - BOOK 8/11. Qualidade incorporada a processos e entregas/7/Gabarito - 11.7.txt,11. Qualidade incorporada a processos e entregas/7/6.png,Sim,Sim,Sim,multiple_choice,Nenhum,Conteúdo preservado,Nenhuma,PMP - BOOK 8/11. Qualidade incorporada a processos e entregas/7/Gabarito - 11.7.txt,alta
area11-s7-q7,PMP - BOOK 8/11. Qualidade incorporada a processos e entregas/7/Gabarito - 11.7.txt,11. Qualidade incorporada a processos e entregas/7/7.png,Sim,Sim,Sim,multiple_choice,Nenhum,Conteúdo preservado,Nenhuma,PMP - BOOK 8/11. Qualidade incorporada a processos e entregas/7/Gabarito - 11.7.txt,alta
area11-s7-q8,PMP - BOOK 8/11. Qualidade incorporada a processos e entregas/7/Gabarito - 11.7.txt,11. Qualidade incorporada a processos e entregas/7/8.png,Sim,Sim,Sim,multiple_choice,Nenhum,Conteúdo preservado,Nenhuma,PMP - BOOK 8/11. Qualidade incorporada a processos e entregas/7/Gabarito - 11.7.txt,alta
area11-s8-q1,PMP - BOOK 8/11. Qualidade incorporada a processos e entregas/8/Gabarito - 11.8.txt,11. Qualidade incorporada a processos e entregas/8/1.png,Sim,Sim,Sim,multiple_choice,Nenhum,Conteúdo preservado,Nenhuma,PMP - BOOK 8/11. Qualidade incorporada a processos e entregas/8/Gabarito - 11.8.txt,alta
area11-s8-q2,PMP - BOOK 8/11. Qualidade incorporada a processos e entregas/8/Gabarito - 11.8.txt,11. Qualidade incorporada a processos e entregas/8/2.png,Sim,Sim,Sim,multiple_choice,Nenhum,Conteúdo preservado,Nenhuma,PMP - BOOK 8/11. Qualidade incorporada a processos e entregas/8/Gabarito - 11.8.txt,alta
area11-s8-q3,PMP - BOOK 8/11. Qualidade incorporada a processos e entregas/8/Gabarito - 11.8.txt,11. Qualidade incorporada a processos e entregas/8/3.png,Sim,Sim,Sim,multiple_choice,Nenhum,Conteúdo preservado,Nenhuma,PMP - BOOK 8/11. Qualidade incorporada a processos e entregas/8/Gabarito - 11.8.txt,alta
area11-s8-q4,PMP - BOOK 8/11. Qualidade incorporada a processos e entregas/8/Gabarito - 11.8.txt,11. Qualidade incorporada a processos e entregas/8/4.png,Sim,Sim,Sim,multiple_choice,Nenhum,Conteúdo preservado,Nenhuma,PMP - BOOK 8/11. Qualidade incorporada a processos e entregas/8/Gabarito - 11.8.txt,alta
area11-s8-q5,PMP - BOOK 8/11. Qualidade incorporada a processos e entregas/8/Gabarito - 11.8.txt,11. Qualidade incorporada a processos e entregas/8/5.png,Sim,Sim,Sim,multiple_choice,Nenhum,Conteúdo preservado,Nenhuma,PMP - BOOK 8/11. Qualidade incorporada a processos e entregas/8/Gabarito - 11.8.txt,alta
area11-s8-q6,PMP - BOOK 8/11. Qualidade incorporada a processos e entregas/8/Gabarito - 11.8.txt,11. Qualidade incorporada a processos e entregas/8/6.png,Sim,Sim,Sim,multiple_choice,Nenhum,Conteúdo preservado,Nenhuma,PMP - BOOK 8/11. Qualidade incorporada a processos e entregas/8/Gabarito - 11.8.txt,alta
area11-s8-q7,PMP - BOOK 8/11. Qualidade incorporada a processos e entregas/8/Gabarito - 11.8.txt,11. Qualidade incorporada a processos e entregas/8/7.png,Sim,Sim,Sim,multiple_choice,Nenhum,Conteúdo preservado,Nenhuma,PMP - BOOK 8/11. Qualidade incorporada a processos e entregas/8/Gabarito - 11.8.txt,alta
area11-s8-q8,PMP - BOOK 8/11. Qualidade incorporada a processos e entregas/8/Gabarito - 11.8.txt,11. Qualidade incorporada a processos e entregas/8/8.png,Sim,Sim,Sim,multiple_choice,Nenhum,Conteúdo preservado,Nenhuma,PMP - BOOK 8/11. Qualidade incorporada a processos e entregas/8/Gabarito - 11.8.txt,alta
area11-s9-q1,PMP - BOOK 8/11. Qualidade incorporada a processos e entregas/9/Gabarito - 11.9.txt,11. Qualidade incorporada a processos e entregas/9/1.png,Sim,Sim,Sim,multiple_choice,Nenhum,Conteúdo preservado,Nenhuma,PMP - BOOK 8/11. Qualidade incorporada a processos e entregas/9/Gabarito - 11.9.txt,alta
area11-s9-q2,PMP - BOOK 8/11. Qualidade incorporada a processos e entregas/9/Gabarito - 11.9.txt,11. Qualidade incorporada a processos e entregas/9/2.png,Sim,Sim,Sim,multiple_choice,Nenhum,Conteúdo preservado,Nenhuma,PMP - BOOK 8/11. Qualidade incorporada a processos e entregas/9/Gabarito - 11.9.txt,alta
area11-s9-q3,PMP - BOOK 8/11. Qualidade incorporada a processos e entregas/9/Gabarito - 11.9.txt,11. Qualidade incorporada a processos e entregas/9/3.png,Sim,Sim,Sim,multiple_choice,Nenhum,Conteúdo preservado,Nenhuma,PMP - BOOK 8/11. Qualidade incorporada a processos e entregas/9/Gabarito - 11.9.txt,alta
area11-s9-q4,PMP - BOOK 8/11. Qualidade incorporada a processos e entregas/9/Gabarito - 11.9.txt,11. Qualidade incorporada a processos e entregas/9/4.png,Sim,Sim,Sim,multiple_choice,Nenhum,Conteúdo preservado,Nenhuma,PMP - BOOK 8/11. Qualidade incorporada a processos e entregas/9/Gabarito - 11.9.txt,alta
area11-s9-q5,PMP - BOOK 8/11. Qualidade incorporada a processos e entregas/9/Gabarito - 11.9.txt,11. Qualidade incorporada a processos e entregas/9/5.png,Sim,Sim,Sim,multiple_choice,Nenhum,Conteúdo preservado,Nenhuma,PMP - BOOK 8/11. Qualidade incorporada a processos e entregas/9/Gabarito - 11.9.txt,alta
area11-s9-q6,PMP - BOOK 8/11. Qualidade incorporada a processos e entregas/9/Gabarito - 11.9.txt,11. Qualidade incorporada a processos e entregas/9/6.png,Sim,Sim,Sim,multiple_choice,Nenhum,Conteúdo preservado,Nenhuma,PMP - BOOK 8/11. Qualidade incorporada a processos e entregas/9/Gabarito - 11.9.txt,alta
area11-s9-q7,PMP - BOOK 8/11. Qualidade incorporada a processos e entregas/9/Gabarito - 11.9.txt,11. Qualidade incorporada a processos e entregas/9/7.png,Sim,Sim,Sim,multiple_choice,Nenhum,Conteúdo preservado,Nenhuma,PMP - BOOK 8/11. Qualidade incorporada a processos e entregas/9/Gabarito - 11.9.txt,alta
area11-s9-q8,PMP - BOOK 8/11. Qualidade incorporada a processos e entregas/9/Gabarito - 11.9.txt,11. Qualidade incorporada a processos e entregas/9/8.png,Sim,Sim,Sim,multiple_choice,Nenhum,Conteúdo preservado,Nenhuma,PMP - BOOK 8/11. Qualidade incorporada a processos e entregas/9/Gabarito - 11.9.txt,alta
area11-s9-q9,PMP - BOOK 8/11. Qualidade incorporada a processos e entregas/9/Gabarito - 11.9.txt,11. Qualidade incorporada a processos e entregas/9/9.png,Sim,Sim,Sim,multiple_choice,Nenhum,Conteúdo preservado,Nenhuma,PMP - BOOK 8/11. Qualidade incorporada a processos e entregas/9/Gabarito - 11.9.txt,alta
area11-s10-q1,PMP - BOOK 8/11. Qualidade incorporada a processos e entregas/10/Gabarito - 11.10.txt,11. Qualidade incorporada a processos e entregas/10/1.png,Sim,Sim,Sim,multiple_choice,Nenhum,Conteúdo preservado,Nenhuma,PMP - BOOK 8/11. Qualidade incorporada a processos e entregas/10/Gabarito - 11.10.txt,alta
area11-s10-q2,PMP - BOOK 8/11. Qualidade incorporada a processos e entregas/10/Gabarito - 11.10.txt,11. Qualidade incorporada a processos e entregas/10/2.png,Sim,Sim,Sim,multiple_choice,Nenhum,Conteúdo preservado,Nenhuma,PMP - BOOK 8/11. Qualidade incorporada a processos e entregas/10/Gabarito - 11.10.txt,alta
area11-s10-q3,PMP - BOOK 8/11. Qualidade incorporada a processos e entregas/10/Gabarito - 11.10.txt,11. Qualidade incorporada a processos e entregas/10/3.png,Sim,Sim,Sim,multiple_choice,Nenhum,Conteúdo preservado,Nenhuma,PMP - BOOK 8/11. Qualidade incorporada a processos e entregas/10/Gabarito - 11.10.txt,alta
area11-s10-q4,PMP - BOOK 8/11. Qualidade incorporada a processos e entregas/10/Gabarito - 11.10.txt,11. Qualidade incorporada a processos e entregas/10/4.png,Sim,Sim,Sim,multiple_choice,Nenhum,Conteúdo preservado,Nenhuma,PMP - BOOK 8/11. Qualidade incorporada a processos e entregas/10/Gabarito - 11.10.txt,alta
area11-s10-q5,PMP - BOOK 8/11. Qualidade incorporada a processos e entregas/10/Gabarito - 11.10.txt,11. Qualidade incorporada a processos e entregas/10/5.png,Sim,Sim,Sim,multiple_choice,Nenhum,Conteúdo preservado,Nenhuma,PMP - BOOK 8/11. Qualidade incorporada a processos e entregas/10/Gabarito - 11.10.txt,alta
area11-s10-q6,PMP - BOOK 8/11. Qualidade incorporada a processos e entregas/10/Gabarito - 11.10.txt,11. Qualidade incorporada a processos e entregas/10/6.png,Sim,Sim,Sim,multiple_selection,Nenhum,Conteúdo preservado,Nenhuma,PMP - BOOK 8/11. Qualidade incorporada a processos e entregas/10/Gabarito - 11.10.txt,alta
area11-s10-q7,PMP - BOOK 8/11. Qualidade incorporada a processos e entregas/10/Gabarito - 11.10.txt,11. Qualidade incorporada a processos e entregas/10/7.png,Sim,Sim,Sim,multiple_choice,Nenhum,Conteúdo preservado,Nenhuma,PMP - BOOK 8/11. Qualidade incorporada a processos e entregas/10/Gabarito - 11.10.txt,alta
area11-s10-q8,PMP - BOOK 8/11. Qualidade incorporada a processos e entregas/10/Gabarito - 11.10.txt,11. Qualidade incorporada a processos e entregas/10/8.png,Sim,Sim,Sim,multiple_choice,Nenhum,Conteúdo preservado,Nenhuma,PMP - BOOK 8/11. Qualidade incorporada a processos e entregas/10/Gabarito - 11.10.txt,alta
area11-s11-q1,PMP - BOOK 8/11. Qualidade incorporada a processos e entregas/11/Gabarito - 11.11.txt,11. Qualidade incorporada a processos e entregas/11/1.png,Sim,Sim,Sim,multiple_choice,Nenhum,Conteúdo preservado,Nenhuma,PMP - BOOK 8/11. Qualidade incorporada a processos e entregas/11/Gabarito - 11.11.txt,alta
area11-s11-q2,PMP - BOOK 8/11. Qualidade incorporada a processos e entregas/11/Gabarito - 11.11.txt,11. Qualidade incorporada a processos e entregas/11/2.png,Sim,Sim,Sim,matching,Nenhum,Associação estruturada a partir dos pares da fonte,Nenhuma,PMP - BOOK 8/11. Qualidade incorporada a processos e entregas/11/Gabarito - 11.11.txt,alta
area11-s11-q3,PMP - BOOK 8/11. Qualidade incorporada a processos e entregas/11/Gabarito - 11.11.txt,11. Qualidade incorporada a processos e entregas/11/3.png,Sim,Sim,Sim,multiple_choice,Nenhum,Conteúdo preservado,Nenhuma,PMP - BOOK 8/11. Qualidade incorporada a processos e entregas/11/Gabarito - 11.11.txt,alta
area11-s11-q4,PMP - BOOK 8/11. Qualidade incorporada a processos e entregas/11/Gabarito - 11.11.txt,11. Qualidade incorporada a processos e entregas/11/4.png,Sim,Sim,Sim,multiple_choice,Nenhum,Conteúdo preservado,Nenhuma,PMP - BOOK 8/11. Qualidade incorporada a processos e entregas/11/Gabarito - 11.11.txt,alta
area11-s11-q5,PMP - BOOK 8/11. Qualidade incorporada a processos e entregas/11/Gabarito - 11.11.txt,11. Qualidade incorporada a processos e entregas/11/5.png,Sim,Sim,Sim,multiple_choice,Nenhum,Conteúdo preservado,Nenhuma,PMP - BOOK 8/11. Qualidade incorporada a processos e entregas/11/Gabarito - 11.11.txt,alta
area11-s11-q6,PMP - BOOK 8/11. Qualidade incorporada a processos e entregas/11/Gabarito - 11.11.txt,11. Qualidade incorporada a processos e entregas/11/6.png,Sim,Sim,Sim,multiple_choice,Nenhum,Conteúdo preservado,Nenhuma,PMP - BOOK 8/11. Qualidade incorporada a processos e entregas/11/Gabarito - 11.11.txt,alta
area11-s12-q1,PMP - BOOK 8/11. Qualidade incorporada a processos e entregas/12/Gabarito - 11.12.txt,11. Qualidade incorporada a processos e entregas/12/1.png,Sim,Sim,Sim,multiple_choice,Nenhum,Conteúdo preservado,Nenhuma,PMP - BOOK 8/11. Qualidade incorporada a processos e entregas/12/Gabarito - 11.12.txt,alta
area11-s12-q2,PMP - BOOK 8/11. Qualidade incorporada a processos e entregas/12/Gabarito - 11.12.txt,11. Qualidade incorporada a processos e entregas/12/2.png,Sim,Sim,Sim,multiple_choice,Nenhum,Conteúdo preservado,Nenhuma,PMP - BOOK 8/11. Qualidade incorporada a processos e entregas/12/Gabarito - 11.12.txt,alta
area11-s12-q3,PMP - BOOK 8/11. Qualidade incorporada a processos e entregas/12/Gabarito - 11.12.txt,11. Qualidade incorporada a processos e entregas/12/3.png,Sim,Sim,Sim,multiple_selection,Nenhum,Conteúdo preservado,Nenhuma,PMP - BOOK 8/11. Qualidade incorporada a processos e entregas/12/Gabarito - 11.12.txt,alta
area11-s12-q4,PMP - BOOK 8/11. Qualidade incorporada a processos e entregas/12/Gabarito - 11.12.txt,11. Qualidade incorporada a processos e entregas/12/4.png,Sim,Sim,Sim,multiple_choice,Nenhum,Conteúdo preservado,Nenhuma,PMP - BOOK 8/11. Qualidade incorporada a processos e entregas/12/Gabarito - 11.12.txt,alta
area11-s12-q5,PMP - BOOK 8/11. Qualidade incorporada a processos e entregas/12/Gabarito - 11.12.txt,11. Qualidade incorporada a processos e entregas/12/5.png,Sim,Sim,Sim,multiple_choice,Nenhum,Conteúdo preservado,Nenhuma,PMP - BOOK 8/11. Qualidade incorporada a processos e entregas/12/Gabarito - 11.12.txt,alta
area11-s12-q6,PMP - BOOK 8/11. Qualidade incorporada a processos e entregas/12/Gabarito - 11.12.txt,11. Qualidade incorporada a processos e entregas/12/6.png,Sim,Sim,Sim,multiple_choice,Nenhum,Conteúdo preservado,Nenhuma,PMP - BOOK 8/11. Qualidade incorporada a processos e entregas/12/Gabarito - 11.12.txt,alta
area11-s12-q7,PMP - BOOK 8/11. Qualidade incorporada a processos e entregas/12/Gabarito - 11.12.txt,11. Qualidade incorporada a processos e entregas/12/7.png,Sim,Sim,Sim,multiple_choice,Nenhum,Conteúdo preservado,Nenhuma,PMP - BOOK 8/11. Qualidade incorporada a processos e entregas/12/Gabarito - 11.12.txt,alta
area11-s12-q8,PMP - BOOK 8/11. Qualidade incorporada a processos e entregas/12/Gabarito - 11.12.txt,11. Qualidade incorporada a processos e entregas/12/8.png,Sim,Sim,Sim,multiple_choice,Nenhum,Conteúdo preservado,Nenhuma,PMP - BOOK 8/11. Qualidade incorporada a processos e entregas/12/Gabarito - 11.12.txt,alta
area11-s12-q9,PMP - BOOK 8/11. Qualidade incorporada a processos e entregas/12/Gabarito - 11.12.txt,11. Qualidade incorporada a processos e entregas/12/9.png,Sim,Sim,Sim,multiple_choice,Nenhum,Conteúdo preservado,Nenhuma,PMP - BOOK 8/11. Qualidade incorporada a processos e entregas/12/Gabarito - 11.12.txt,alta
area11-s13-q1,PMP - BOOK 8/11. Qualidade incorporada a processos e entregas/13/Gabarito - 11.13.txt,11. Qualidade incorporada a processos e entregas/13/1.png,Sim,Sim,Sim,multiple_choice,Nenhum,Conteúdo preservado,Nenhuma,PMP - BOOK 8/11. Qualidade incorporada a processos e entregas/13/Gabarito - 11.13.txt,alta
area11-s13-q2,PMP - BOOK 8/11. Qualidade incorporada a processos e entregas/13/Gabarito - 11.13.txt,11. Qualidade incorporada a processos e entregas/13/2.png,Sim,Sim,Sim,multiple_choice,Nenhum,Conteúdo preservado,Nenhuma,PMP - BOOK 8/11. Qualidade incorporada a processos e entregas/13/Gabarito - 11.13.txt,alta
area11-s13-q3,PMP - BOOK 8/11. Qualidade incorporada a processos e entregas/13/Gabarito - 11.13.txt,11. Qualidade incorporada a processos e entregas/13/3.png,Sim,Sim,Sim,multiple_choice,Nenhum,Conteúdo preservado,Nenhuma,PMP - BOOK 8/11. Qualidade incorporada a processos e entregas/13/Gabarito - 11.13.txt,alta
area11-s13-q4,PMP - BOOK 8/11. Qualidade incorporada a processos e entregas/13/Gabarito - 11.13.txt,11. Qualidade incorporada a processos e entregas/13/4.png,Sim,Sim,Sim,multiple_choice,Nenhum,Conteúdo preservado,Nenhuma,PMP - BOOK 8/11. Qualidade incorporada a processos e entregas/13/Gabarito - 11.13.txt,alta
area11-s13-q5,PMP - BOOK 8/11. Qualidade incorporada a processos e entregas/13/Gabarito - 11.13.txt,11. Qualidade incorporada a processos e entregas/13/5.png,Sim,Sim,Sim,multiple_choice,Nenhum,Conteúdo preservado,Nenhuma,PMP - BOOK 8/11. Qualidade incorporada a processos e entregas/13/Gabarito - 11.13.txt,alta
area11-s13-q6,PMP - BOOK 8/11. Qualidade incorporada a processos e entregas/13/Gabarito - 11.13.txt,11. Qualidade incorporada a processos e entregas/13/6.png,Sim,Sim,Sim,multiple_choice,Nenhum,Conteúdo preservado,Nenhuma,PMP - BOOK 8/11. Qualidade incorporada a processos e entregas/13/Gabarito - 11.13.txt,alta
area11-s13-q7,PMP - BOOK 8/11. Qualidade incorporada a processos e entregas/13/Gabarito - 11.13.txt,11. Qualidade incorporada a processos e entregas/13/7.png,Sim,Sim,Sim,multiple_choice,Nenhum,Conteúdo preservado,Nenhuma,PMP - BOOK 8/11. Qualidade incorporada a processos e entregas/13/Gabarito - 11.13.txt,alta
area11-s14-q1,PMP - BOOK 8/11. Qualidade incorporada a processos e entregas/14/Gabarito - 11.14.txt,11. Qualidade incorporada a processos e entregas/14/1.png,Sim,Sim,Sim,multiple_choice,Nenhum,Conteúdo preservado,Nenhuma,PMP - BOOK 8/11. Qualidade incorporada a processos e entregas/14/Gabarito - 11.14.txt,alta
area11-s14-q2,PMP - BOOK 8/11. Qualidade incorporada a processos e entregas/14/Gabarito - 11.14.txt,11. Qualidade incorporada a processos e entregas/14/2.png,Sim,Sim,Sim,multiple_choice,Nenhum,Conteúdo preservado,Nenhuma,PMP - BOOK 8/11. Qualidade incorporada a processos e entregas/14/Gabarito - 11.14.txt,alta
area11-s14-q3,PMP - BOOK 8/11. Qualidade incorporada a processos e entregas/14/Gabarito - 11.14.txt,11. Qualidade incorporada a processos e entregas/14/3.png,Sim,Sim,Sim,multiple_choice,Nenhum,Conteúdo preservado,Nenhuma,PMP - BOOK 8/11. Qualidade incorporada a processos e entregas/14/Gabarito - 11.14.txt,alta
area11-s14-q4,PMP - BOOK 8/11. Qualidade incorporada a processos e entregas/14/Gabarito - 11.14.txt,11. Qualidade incorporada a processos e entregas/14/4.png,Sim,Sim,Sim,multiple_choice,Nenhum,Conteúdo preservado,Nenhuma,PMP - BOOK 8/11. Qualidade incorporada a processos e entregas/14/Gabarito - 11.14.txt,alta
area11-s14-q5,PMP - BOOK 8/11. Qualidade incorporada a processos e entregas/14/Gabarito - 11.14.txt,11. Qualidade incorporada a processos e entregas/14/5.png,Sim,Sim,Sim,multiple_choice,Nenhum,Conteúdo preservado,Nenhuma,PMP - BOOK 8/11. Qualidade incorporada a processos e entregas/14/Gabarito - 11.14.txt,alta
area11-s14-q6,PMP - BOOK 8/11. Qualidade incorporada a processos e entregas/14/Gabarito - 11.14.txt,11. Qualidade incorporada a processos e entregas/14/6.png,Sim,Sim,Sim,multiple_choice,Nenhum,Conteúdo preservado,Nenhuma,PMP - BOOK 8/11. Qualidade incorporada a processos e entregas/14/Gabarito - 11.14.txt,alta
area11-s14-q7,PMP - BOOK 8/11. Qualidade incorporada a processos e entregas/14/Gabarito - 11.14.txt,11. Qualidade incorporada a processos e entregas/14/7.png,Sim,Sim,Sim,multiple_choice,Nenhum,Conteúdo preservado,Nenhuma,PMP - BOOK 8/11. Qualidade incorporada a processos e entregas/14/Gabarito - 11.14.txt,alta
area11-s14-q8,PMP - BOOK 8/11. Qualidade incorporada a processos e entregas/14/Gabarito - 11.14.txt,11. Qualidade incorporada a processos e entregas/14/8.png,Sim,Sim,Sim,multiple_choice,Nenhum,Conteúdo preservado,Nenhuma,PMP - BOOK 8/11. Qualidade incorporada a processos e entregas/14/Gabarito - 11.14.txt,alta
area11-s15-q1,PMP - BOOK 8/11. Qualidade incorporada a processos e entregas/15/Gabarito - 11.15.txt,11. Qualidade incorporada a processos e entregas/15/1.png,Sim,Sim,Sim,multiple_choice,Nenhum,Conteúdo preservado,Nenhuma,PMP - BOOK 8/11. Qualidade incorporada a processos e entregas/15/Gabarito - 11.15.txt,alta
area11-s15-q2,PMP - BOOK 8/11. Qualidade incorporada a processos e entregas/15/Gabarito - 11.15.txt,11. Qualidade incorporada a processos e entregas/15/2.png,Sim,Sim,Sim,multiple_choice,Nenhum,Conteúdo preservado,Nenhuma,PMP - BOOK 8/11. Qualidade incorporada a processos e entregas/15/Gabarito - 11.15.txt,alta
area11-s15-q3,PMP - BOOK 8/11. Qualidade incorporada a processos e entregas/15/Gabarito - 11.15.txt,11. Qualidade incorporada a processos e entregas/15/3.png,Sim,Sim,Sim,multiple_choice,Nenhum,Conteúdo preservado,Nenhuma,PMP - BOOK 8/11. Qualidade incorporada a processos e entregas/15/Gabarito - 11.15.txt,alta
area11-s15-q4,PMP - BOOK 8/11. Qualidade incorporada a processos e entregas/15/Gabarito - 11.15.txt,11. Qualidade incorporada a processos e entregas/15/4.png,Sim,Sim,Sim,multiple_choice,Nenhum,Conteúdo preservado,Nenhuma,PMP - BOOK 8/11. Qualidade incorporada a processos e entregas/15/Gabarito - 11.15.txt,alta
area11-s15-q5,PMP - BOOK 8/11. Qualidade incorporada a processos e entregas/15/Gabarito - 11.15.txt,11. Qualidade incorporada a processos e entregas/15/5.png,Sim,Sim,Sim,multiple_choice,Nenhum,Conteúdo preservado,Nenhuma,PMP - BOOK 8/11. Qualidade incorporada a processos e entregas/15/Gabarito - 11.15.txt,alta
area11-s15-q6,PMP - BOOK 8/11. Qualidade incorporada a processos e entregas/15/Gabarito - 11.15.txt,11. Qualidade incorporada a processos e entregas/15/6.png,Sim,Sim,Sim,multiple_choice,Nenhum,Conteúdo preservado,Nenhuma,PMP - BOOK 8/11. Qualidade incorporada a processos e entregas/15/Gabarito - 11.15.txt,alta
area11-s15-q7,PMP - BOOK 8/11. Qualidade incorporada a processos e entregas/15/Gabarito - 11.15.txt,11. Qualidade incorporada a processos e entregas/15/7.png,Sim,Sim,Sim,multiple_choice,Nenhum,Conteúdo preservado,Nenhuma,PMP - BOOK 8/11. Qualidade incorporada a processos e entregas/15/Gabarito - 11.15.txt,alta
area11-s15-q8,PMP - BOOK 8/11. Qualidade incorporada a processos e entregas/15/Gabarito - 11.15.txt,11. Qualidade incorporada a processos e entregas/15/8.png,Sim,Sim,Sim,multiple_selection,Nenhum,Conteúdo preservado,Nenhuma,PMP - BOOK 8/11. Qualidade incorporada a processos e entregas/15/Gabarito - 11.15.txt,alta
area11-s15-q9,PMP - BOOK 8/11. Qualidade incorporada a processos e entregas/15/Gabarito - 11.15.txt,11. Qualidade incorporada a processos e entregas/15/9.png,Sim,Sim,Sim,multiple_choice,Nenhum,Conteúdo preservado,Nenhuma,PMP - BOOK 8/11. Qualidade incorporada a processos e entregas/15/Gabarito - 11.15.txt,alta
area12-s1-q1,"PMP - BOOK 8/12. Cronograma, estimativas, capacidade e fluxo/1/Gabarito - 12.1.txt","12. Cronograma, estimativas, capacidade e fluxo/1/1.png",Sim,Sim,Sim,multiple_choice,Nenhum,Conteúdo preservado,Nenhuma,"PMP - BOOK 8/12. Cronograma, estimativas, capacidade e fluxo/1/Gabarito - 12.1.txt",alta
area12-s1-q2,"PMP - BOOK 8/12. Cronograma, estimativas, capacidade e fluxo/1/Gabarito - 12.1.txt","12. Cronograma, estimativas, capacidade e fluxo/1/2.png",Sim,Sim,Sim,multiple_choice,Nenhum,Conteúdo preservado,Nenhuma,"PMP - BOOK 8/12. Cronograma, estimativas, capacidade e fluxo/1/Gabarito - 12.1.txt",alta
area12-s1-q3,"PMP - BOOK 8/12. Cronograma, estimativas, capacidade e fluxo/1/Gabarito - 12.1.txt","12. Cronograma, estimativas, capacidade e fluxo/1/3.png",Sim,Sim,Sim,multiple_choice,Nenhum,Conteúdo preservado,Nenhuma,"PMP - BOOK 8/12. Cronograma, estimativas, capacidade e fluxo/1/Gabarito - 12.1.txt",alta
area12-s1-q4,"PMP - BOOK 8/12. Cronograma, estimativas, capacidade e fluxo/1/Gabarito - 12.1.txt","12. Cronograma, estimativas, capacidade e fluxo/1/4.png",Sim,Sim,Sim,multiple_choice,Nenhum,Conteúdo preservado,Nenhuma,"PMP - BOOK 8/12. Cronograma, estimativas, capacidade e fluxo/1/Gabarito - 12.1.txt",alta
area12-s1-q5,"PMP - BOOK 8/12. Cronograma, estimativas, capacidade e fluxo/1/Gabarito - 12.1.txt","12. Cronograma, estimativas, capacidade e fluxo/1/5.png",Sim,Sim,Sim,multiple_choice,Nenhum,Conteúdo preservado,Nenhuma,"PMP - BOOK 8/12. Cronograma, estimativas, capacidade e fluxo/1/Gabarito - 12.1.txt",alta
area12-s1-q6,"PMP - BOOK 8/12. Cronograma, estimativas, capacidade e fluxo/1/Gabarito - 12.1.txt","12. Cronograma, estimativas, capacidade e fluxo/1/6.png",Sim,Sim,Sim,multiple_choice,Nenhum,Conteúdo preservado,Nenhuma,"PMP - BOOK 8/12. Cronograma, estimativas, capacidade e fluxo/1/Gabarito - 12.1.txt",alta
area12-s1-q7,"PMP - BOOK 8/12. Cronograma, estimativas, capacidade e fluxo/1/Gabarito - 12.1.txt","12. Cronograma, estimativas, capacidade e fluxo/1/7.png",Sim,Sim,Sim,multiple_choice,Nenhum,Conteúdo preservado,Nenhuma,"PMP - BOOK 8/12. Cronograma, estimativas, capacidade e fluxo/1/Gabarito - 12.1.txt",alta
area12-s1-q8,"PMP - BOOK 8/12. Cronograma, estimativas, capacidade e fluxo/1/Gabarito - 12.1.txt","12. Cronograma, estimativas, capacidade e fluxo/1/8.png",Sim,Sim,Sim,multiple_choice,Nenhum,Conteúdo preservado,Nenhuma,"PMP - BOOK 8/12. Cronograma, estimativas, capacidade e fluxo/1/Gabarito - 12.1.txt",alta
area12-s2-q1,"PMP - BOOK 8/12. Cronograma, estimativas, capacidade e fluxo/2/Gabarito - 12.2.txt","12. Cronograma, estimativas, capacidade e fluxo/2/1.png",Sim,Sim,Sim,multiple_choice,Nenhum,Conteúdo preservado,Nenhuma,"PMP - BOOK 8/12. Cronograma, estimativas, capacidade e fluxo/2/Gabarito - 12.2.txt",alta
area12-s2-q2,"PMP - BOOK 8/12. Cronograma, estimativas, capacidade e fluxo/2/Gabarito - 12.2.txt","12. Cronograma, estimativas, capacidade e fluxo/2/2.png",Sim,Sim,Sim,multiple_choice,Nenhum,Conteúdo preservado,Nenhuma,"PMP - BOOK 8/12. Cronograma, estimativas, capacidade e fluxo/2/Gabarito - 12.2.txt",alta
area12-s2-q3,"PMP - BOOK 8/12. Cronograma, estimativas, capacidade e fluxo/2/Gabarito - 12.2.txt","12. Cronograma, estimativas, capacidade e fluxo/2/3.png",Sim,Sim,Sim,multiple_selection,Nenhum,Conteúdo preservado,Nenhuma,"PMP - BOOK 8/12. Cronograma, estimativas, capacidade e fluxo/2/Gabarito - 12.2.txt",alta
area12-s2-q4,"PMP - BOOK 8/12. Cronograma, estimativas, capacidade e fluxo/2/Gabarito - 12.2.txt","12. Cronograma, estimativas, capacidade e fluxo/2/4.png",Sim,Sim,Sim,multiple_choice,Nenhum,Conteúdo preservado,Nenhuma,"PMP - BOOK 8/12. Cronograma, estimativas, capacidade e fluxo/2/Gabarito - 12.2.txt",alta
area12-s2-q5,"PMP - BOOK 8/12. Cronograma, estimativas, capacidade e fluxo/2/Gabarito - 12.2.txt","12. Cronograma, estimativas, capacidade e fluxo/2/5.png",Sim,Sim,Sim,multiple_choice,Nenhum,Conteúdo preservado,Nenhuma,"PMP - BOOK 8/12. Cronograma, estimativas, capacidade e fluxo/2/Gabarito - 12.2.txt",alta
area12-s2-q6,"PMP - BOOK 8/12. Cronograma, estimativas, capacidade e fluxo/2/Gabarito - 12.2.txt","12. Cronograma, estimativas, capacidade e fluxo/2/6.png",Sim,Sim,Sim,multiple_choice,Nenhum,Conteúdo preservado,Nenhuma,"PMP - BOOK 8/12. Cronograma, estimativas, capacidade e fluxo/2/Gabarito - 12.2.txt",alta
area12-s2-q7,"PMP - BOOK 8/12. Cronograma, estimativas, capacidade e fluxo/2/Gabarito - 12.2.txt","12. Cronograma, estimativas, capacidade e fluxo/2/7.png",Sim,Sim,Sim,multiple_choice,Nenhum,Conteúdo preservado,Nenhuma,"PMP - BOOK 8/12. Cronograma, estimativas, capacidade e fluxo/2/Gabarito - 12.2.txt",alta
area12-s2-q8,"PMP - BOOK 8/12. Cronograma, estimativas, capacidade e fluxo/2/Gabarito - 12.2.txt","12. Cronograma, estimativas, capacidade e fluxo/2/8.png",Sim,Sim,Sim,multiple_choice,Nenhum,Conteúdo preservado,Nenhuma,"PMP - BOOK 8/12. Cronograma, estimativas, capacidade e fluxo/2/Gabarito - 12.2.txt",alta
area12-s3-q1,"PMP - BOOK 8/12. Cronograma, estimativas, capacidade e fluxo/3/Gabarito - 12.3.txt","12. Cronograma, estimativas, capacidade e fluxo/3/1.png",Sim,Sim,Sim,multiple_choice,Nenhum,Conteúdo preservado,Nenhuma,"PMP - BOOK 8/12. Cronograma, estimativas, capacidade e fluxo/3/Gabarito - 12.3.txt",alta
area12-s3-q2,"PMP - BOOK 8/12. Cronograma, estimativas, capacidade e fluxo/3/Gabarito - 12.3.txt","12. Cronograma, estimativas, capacidade e fluxo/3/2.png",Sim,Sim,Sim,multiple_selection,Nenhum,Conteúdo preservado,Nenhuma,"PMP - BOOK 8/12. Cronograma, estimativas, capacidade e fluxo/3/Gabarito - 12.3.txt",alta
area12-s3-q3,"PMP - BOOK 8/12. Cronograma, estimativas, capacidade e fluxo/3/Gabarito - 12.3.txt","12. Cronograma, estimativas, capacidade e fluxo/3/3.png",Sim,Sim,Sim,multiple_choice,Nenhum,Conteúdo preservado,Nenhuma,"PMP - BOOK 8/12. Cronograma, estimativas, capacidade e fluxo/3/Gabarito - 12.3.txt",alta
area12-s3-q4,"PMP - BOOK 8/12. Cronograma, estimativas, capacidade e fluxo/3/Gabarito - 12.3.txt","12. Cronograma, estimativas, capacidade e fluxo/3/4.png",Sim,Sim,Sim,matching,Nenhum,Associação estruturada a partir dos pares da fonte,Nenhuma,"PMP - BOOK 8/12. Cronograma, estimativas, capacidade e fluxo/3/Gabarito - 12.3.txt",alta
area12-s3-q5,"PMP - BOOK 8/12. Cronograma, estimativas, capacidade e fluxo/3/Gabarito - 12.3.txt","12. Cronograma, estimativas, capacidade e fluxo/3/5.png",Sim,Sim,Sim,multiple_choice,Nenhum,Conteúdo preservado,Nenhuma,"PMP - BOOK 8/12. Cronograma, estimativas, capacidade e fluxo/3/Gabarito - 12.3.txt",alta
area12-s3-q6,"PMP - BOOK 8/12. Cronograma, estimativas, capacidade e fluxo/3/Gabarito - 12.3.txt","12. Cronograma, estimativas, capacidade e fluxo/3/6.png",Sim,Sim,Sim,multiple_choice,Nenhum,Conteúdo preservado,Nenhuma,"PMP - BOOK 8/12. Cronograma, estimativas, capacidade e fluxo/3/Gabarito - 12.3.txt",alta
area12-s3-q7,"PMP - BOOK 8/12. Cronograma, estimativas, capacidade e fluxo/3/Gabarito - 12.3.txt","12. Cronograma, estimativas, capacidade e fluxo/3/7.png",Sim,Sim,Sim,matching,Nenhum,Associação estruturada a partir dos pares da fonte,Nenhuma,"PMP - BOOK 8/12. Cronograma, estimativas, capacidade e fluxo/3/Gabarito - 12.3.txt",alta
area12-s3-q8,"PMP - BOOK 8/12. Cronograma, estimativas, capacidade e fluxo/3/Gabarito - 12.3.txt","12. Cronograma, estimativas, capacidade e fluxo/3/8.png",Sim,Sim,Sim,multiple_choice,Nenhum,Conteúdo preservado,Nenhuma,"PMP - BOOK 8/12. Cronograma, estimativas, capacidade e fluxo/3/Gabarito - 12.3.txt",alta
area12-s4-q1,"PMP - BOOK 8/12. Cronograma, estimativas, capacidade e fluxo/4/Gabarito - 12.4.txt","12. Cronograma, estimativas, capacidade e fluxo/4/1.png",Sim,Sim,Sim,multiple_choice,Nenhum,Conteúdo preservado,Nenhuma,"PMP - BOOK 8/12. Cronograma, estimativas, capacidade e fluxo/4/Gabarito - 12.4.txt",alta
area12-s4-q2,"PMP - BOOK 8/12. Cronograma, estimativas, capacidade e fluxo/4/Gabarito - 12.4.txt","12. Cronograma, estimativas, capacidade e fluxo/4/2.png",Sim,Sim,Sim,multiple_choice,Nenhum,Conteúdo preservado,Nenhuma,"PMP - BOOK 8/12. Cronograma, estimativas, capacidade e fluxo/4/Gabarito - 12.4.txt",alta
area12-s4-q3,"PMP - BOOK 8/12. Cronograma, estimativas, capacidade e fluxo/4/Gabarito - 12.4.txt","12. Cronograma, estimativas, capacidade e fluxo/4/3.png",Sim,Sim,Sim,multiple_choice,Nenhum,Conteúdo preservado,Nenhuma,"PMP - BOOK 8/12. Cronograma, estimativas, capacidade e fluxo/4/Gabarito - 12.4.txt",alta
area12-s4-q4,"PMP - BOOK 8/12. Cronograma, estimativas, capacidade e fluxo/4/Gabarito - 12.4.txt","12. Cronograma, estimativas, capacidade e fluxo/4/4.png",Sim,Sim,Sim,multiple_choice,Nenhum,Conteúdo preservado,Nenhuma,"PMP - BOOK 8/12. Cronograma, estimativas, capacidade e fluxo/4/Gabarito - 12.4.txt",alta
area12-s4-q5,"PMP - BOOK 8/12. Cronograma, estimativas, capacidade e fluxo/4/Gabarito - 12.4.txt","12. Cronograma, estimativas, capacidade e fluxo/4/5.png",Sim,Sim,Sim,multiple_choice,Nenhum,Conteúdo preservado,Nenhuma,"PMP - BOOK 8/12. Cronograma, estimativas, capacidade e fluxo/4/Gabarito - 12.4.txt",alta
area12-s4-q6,"PMP - BOOK 8/12. Cronograma, estimativas, capacidade e fluxo/4/Gabarito - 12.4.txt","12. Cronograma, estimativas, capacidade e fluxo/4/6.png",Sim,Sim,Sim,multiple_choice,Nenhum,Conteúdo preservado,Nenhuma,"PMP - BOOK 8/12. Cronograma, estimativas, capacidade e fluxo/4/Gabarito - 12.4.txt",alta
area12-s4-q7,"PMP - BOOK 8/12. Cronograma, estimativas, capacidade e fluxo/4/Gabarito - 12.4.txt","12. Cronograma, estimativas, capacidade e fluxo/4/7.png",Sim,Sim,Sim,multiple_choice,Nenhum,Conteúdo preservado,Nenhuma,"PMP - BOOK 8/12. Cronograma, estimativas, capacidade e fluxo/4/Gabarito - 12.4.txt",alta
area12-s4-q8,"PMP - BOOK 8/12. Cronograma, estimativas, capacidade e fluxo/4/Gabarito - 12.4.txt","12. Cronograma, estimativas, capacidade e fluxo/4/8.png",Sim,Sim,Sim,multiple_choice,Nenhum,Conteúdo preservado,Nenhuma,"PMP - BOOK 8/12. Cronograma, estimativas, capacidade e fluxo/4/Gabarito - 12.4.txt",alta
area12-s4-q9,"PMP - BOOK 8/12. Cronograma, estimativas, capacidade e fluxo/4/Gabarito - 12.4.txt","12. Cronograma, estimativas, capacidade e fluxo/4/9.png",Sim,Sim,Sim,multiple_choice,Nenhum,Conteúdo preservado,Nenhuma,"PMP - BOOK 8/12. Cronograma, estimativas, capacidade e fluxo/4/Gabarito - 12.4.txt",alta
area12-s5-q1,"PMP - BOOK 8/12. Cronograma, estimativas, capacidade e fluxo/5/Gabarito - 12.5.txt","12. Cronograma, estimativas, capacidade e fluxo/5/1.png",Sim,Sim,Sim,multiple_choice,Nenhum,Conteúdo preservado,Nenhuma,"PMP - BOOK 8/12. Cronograma, estimativas, capacidade e fluxo/5/Gabarito - 12.5.txt",alta
area12-s5-q2,"PMP - BOOK 8/12. Cronograma, estimativas, capacidade e fluxo/5/Gabarito - 12.5.txt","12. Cronograma, estimativas, capacidade e fluxo/5/2.png",Sim,Sim,Sim,multiple_selection,Nenhum,Conteúdo preservado,Nenhuma,"PMP - BOOK 8/12. Cronograma, estimativas, capacidade e fluxo/5/Gabarito - 12.5.txt",alta
area12-s5-q3,"PMP - BOOK 8/12. Cronograma, estimativas, capacidade e fluxo/5/Gabarito - 12.5.txt","12. Cronograma, estimativas, capacidade e fluxo/5/3.png",Sim,Sim,Sim,multiple_selection,Nenhum,Conteúdo preservado,Nenhuma,"PMP - BOOK 8/12. Cronograma, estimativas, capacidade e fluxo/5/Gabarito - 12.5.txt",alta
area12-s5-q4,"PMP - BOOK 8/12. Cronograma, estimativas, capacidade e fluxo/5/Gabarito - 12.5.txt","12. Cronograma, estimativas, capacidade e fluxo/5/4.png",Sim,Sim,Sim,multiple_choice,Nenhum,Conteúdo preservado,Nenhuma,"PMP - BOOK 8/12. Cronograma, estimativas, capacidade e fluxo/5/Gabarito - 12.5.txt",alta
area12-s5-q5,"PMP - BOOK 8/12. Cronograma, estimativas, capacidade e fluxo/5/Gabarito - 12.5.txt","12. Cronograma, estimativas, capacidade e fluxo/5/5.png",Sim,Sim,Sim,matching,Nenhum,Associação estruturada a partir dos pares da fonte,Nenhuma,"PMP - BOOK 8/12. Cronograma, estimativas, capacidade e fluxo/5/Gabarito - 12.5.txt",alta
area12-s5-q6,"PMP - BOOK 8/12. Cronograma, estimativas, capacidade e fluxo/5/Gabarito - 12.5.txt","12. Cronograma, estimativas, capacidade e fluxo/5/6.png",Sim,Sim,Sim,multiple_selection,Nenhum,Conteúdo preservado,Nenhuma,"PMP - BOOK 8/12. Cronograma, estimativas, capacidade e fluxo/5/Gabarito - 12.5.txt",alta
area12-s5-q7,"PMP - BOOK 8/12. Cronograma, estimativas, capacidade e fluxo/5/Gabarito - 12.5.txt","12. Cronograma, estimativas, capacidade e fluxo/5/7.png",Sim,Sim,Sim,multiple_choice,Nenhum,Conteúdo preservado,Nenhuma,"PMP - BOOK 8/12. Cronograma, estimativas, capacidade e fluxo/5/Gabarito - 12.5.txt",alta
area12-s6-q1,"PMP - BOOK 8/12. Cronograma, estimativas, capacidade e fluxo/6/Gabarito - 12.6.txt","12. Cronograma, estimativas, capacidade e fluxo/6/1.png",Sim,Sim,Sim,multiple_choice,Nenhum,Conteúdo preservado,Nenhuma,"PMP - BOOK 8/12. Cronograma, estimativas, capacidade e fluxo/6/Gabarito - 12.6.txt",alta
area12-s6-q2,"PMP - BOOK 8/12. Cronograma, estimativas, capacidade e fluxo/6/Gabarito - 12.6.txt","12. Cronograma, estimativas, capacidade e fluxo/6/2.png",Sim,Sim,Sim,multiple_choice,Nenhum,Conteúdo preservado,Nenhuma,"PMP - BOOK 8/12. Cronograma, estimativas, capacidade e fluxo/6/Gabarito - 12.6.txt",alta
area12-s6-q3,"PMP - BOOK 8/12. Cronograma, estimativas, capacidade e fluxo/6/Gabarito - 12.6.txt","12. Cronograma, estimativas, capacidade e fluxo/6/3.png",Sim,Sim,Sim,multiple_choice,Nenhum,Conteúdo preservado,Nenhuma,"PMP - BOOK 8/12. Cronograma, estimativas, capacidade e fluxo/6/Gabarito - 12.6.txt",alta
area12-s6-q4,"PMP - BOOK 8/12. Cronograma, estimativas, capacidade e fluxo/6/Gabarito - 12.6.txt","12. Cronograma, estimativas, capacidade e fluxo/6/4.png",Sim,Sim,Sim,multiple_choice,Nenhum,Conteúdo preservado,Nenhuma,"PMP - BOOK 8/12. Cronograma, estimativas, capacidade e fluxo/6/Gabarito - 12.6.txt",alta
area12-s6-q5,"PMP - BOOK 8/12. Cronograma, estimativas, capacidade e fluxo/6/Gabarito - 12.6.txt","12. Cronograma, estimativas, capacidade e fluxo/6/5.png",Sim,Sim,Sim,multiple_choice,Nenhum,Conteúdo preservado,Nenhuma,"PMP - BOOK 8/12. Cronograma, estimativas, capacidade e fluxo/6/Gabarito - 12.6.txt",alta
area12-s6-q6,"PMP - BOOK 8/12. Cronograma, estimativas, capacidade e fluxo/6/Gabarito - 12.6.txt","12. Cronograma, estimativas, capacidade e fluxo/6/6.png",Sim,Sim,Sim,multiple_choice,Nenhum,Conteúdo preservado,Nenhuma,"PMP - BOOK 8/12. Cronograma, estimativas, capacidade e fluxo/6/Gabarito - 12.6.txt",alta
area12-s6-q7,"PMP - BOOK 8/12. Cronograma, estimativas, capacidade e fluxo/6/Gabarito - 12.6.txt","12. Cronograma, estimativas, capacidade e fluxo/6/7.png",Sim,Sim,Sim,multiple_choice,Nenhum,Conteúdo preservado,Nenhuma,"PMP - BOOK 8/12. Cronograma, estimativas, capacidade e fluxo/6/Gabarito - 12.6.txt",alta
area12-s7-q1,"PMP - BOOK 8/12. Cronograma, estimativas, capacidade e fluxo/7/Gabarito - 12.7.txt","12. Cronograma, estimativas, capacidade e fluxo/7/1.png",Sim,Sim,Sim,multiple_choice,Nenhum,Conteúdo preservado,Nenhuma,"PMP - BOOK 8/12. Cronograma, estimativas, capacidade e fluxo/7/Gabarito - 12.7.txt",alta
area12-s7-q2,"PMP - BOOK 8/12. Cronograma, estimativas, capacidade e fluxo/7/Gabarito - 12.7.txt","12. Cronograma, estimativas, capacidade e fluxo/7/2.png",Sim,Sim,Sim,multiple_choice,Nenhum,Conteúdo preservado,Nenhuma,"PMP - BOOK 8/12. Cronograma, estimativas, capacidade e fluxo/7/Gabarito - 12.7.txt",alta
area12-s7-q3,"PMP - BOOK 8/12. Cronograma, estimativas, capacidade e fluxo/7/Gabarito - 12.7.txt","12. Cronograma, estimativas, capacidade e fluxo/7/3.png",Sim,Sim,Sim,multiple_choice,Nenhum,Conteúdo preservado,Nenhuma,"PMP - BOOK 8/12. Cronograma, estimativas, capacidade e fluxo/7/Gabarito - 12.7.txt",alta
area12-s7-q4,"PMP - BOOK 8/12. Cronograma, estimativas, capacidade e fluxo/7/Gabarito - 12.7.txt","12. Cronograma, estimativas, capacidade e fluxo/7/4.png",Sim,Sim,Sim,multiple_choice,Nenhum,Conteúdo preservado,Nenhuma,"PMP - BOOK 8/12. Cronograma, estimativas, capacidade e fluxo/7/Gabarito - 12.7.txt",alta
area12-s7-q5,"PMP - BOOK 8/12. Cronograma, estimativas, capacidade e fluxo/7/Gabarito - 12.7.txt","12. Cronograma, estimativas, capacidade e fluxo/7/5.png",Sim,Sim,Sim,multiple_choice,Nenhum,Conteúdo preservado,Nenhuma,"PMP - BOOK 8/12. Cronograma, estimativas, capacidade e fluxo/7/Gabarito - 12.7.txt",alta
area12-s7-q6,"PMP - BOOK 8/12. Cronograma, estimativas, capacidade e fluxo/7/Gabarito - 12.7.txt","12. Cronograma, estimativas, capacidade e fluxo/7/6.png",Sim,Sim,Sim,multiple_choice,Nenhum,Conteúdo preservado,Nenhuma,"PMP - BOOK 8/12. Cronograma, estimativas, capacidade e fluxo/7/Gabarito - 12.7.txt",alta
area12-s7-q7,"PMP - BOOK 8/12. Cronograma, estimativas, capacidade e fluxo/7/Gabarito - 12.7.txt","12. Cronograma, estimativas, capacidade e fluxo/7/7.png",Sim,Sim,Sim,multiple_choice,Nenhum,Conteúdo preservado,Nenhuma,"PMP - BOOK 8/12. Cronograma, estimativas, capacidade e fluxo/7/Gabarito - 12.7.txt",alta
area12-s8-q1,"PMP - BOOK 8/12. Cronograma, estimativas, capacidade e fluxo/8/Gabarito - 12.8.txt","12. Cronograma, estimativas, capacidade e fluxo/8/1.png",Sim,Sim,Sim,multiple_choice,Nenhum,Conteúdo preservado,Nenhuma,"PMP - BOOK 8/12. Cronograma, estimativas, capacidade e fluxo/8/Gabarito - 12.8.txt",alta
area12-s8-q2,"PMP - BOOK 8/12. Cronograma, estimativas, capacidade e fluxo/8/Gabarito - 12.8.txt","12. Cronograma, estimativas, capacidade e fluxo/8/2.png",Sim,Sim,Sim,multiple_choice,Nenhum,Conteúdo preservado,Nenhuma,"PMP - BOOK 8/12. Cronograma, estimativas, capacidade e fluxo/8/Gabarito - 12.8.txt",alta
area12-s8-q3,"PMP - BOOK 8/12. Cronograma, estimativas, capacidade e fluxo/8/Gabarito - 12.8.txt","12. Cronograma, estimativas, capacidade e fluxo/8/3.png",Sim,Sim,Sim,multiple_choice,Nenhum,Conteúdo preservado,Nenhuma,"PMP - BOOK 8/12. Cronograma, estimativas, capacidade e fluxo/8/Gabarito - 12.8.txt",alta
area12-s8-q4,"PMP - BOOK 8/12. Cronograma, estimativas, capacidade e fluxo/8/Gabarito - 12.8.txt","12. Cronograma, estimativas, capacidade e fluxo/8/4.png",Sim,Sim,Sim,multiple_choice,Nenhum,Conteúdo preservado,Nenhuma,"PMP - BOOK 8/12. Cronograma, estimativas, capacidade e fluxo/8/Gabarito - 12.8.txt",alta
area12-s8-q5,"PMP - BOOK 8/12. Cronograma, estimativas, capacidade e fluxo/8/Gabarito - 12.8.txt","12. Cronograma, estimativas, capacidade e fluxo/8/5.png",Sim,Sim,Sim,multiple_choice,Nenhum,Conteúdo preservado,Nenhuma,"PMP - BOOK 8/12. Cronograma, estimativas, capacidade e fluxo/8/Gabarito - 12.8.txt",alta
area12-s8-q6,"PMP - BOOK 8/12. Cronograma, estimativas, capacidade e fluxo/8/Gabarito - 12.8.txt","12. Cronograma, estimativas, capacidade e fluxo/8/6.png",Sim,Sim,Sim,multiple_selection,Nenhum,Conteúdo preservado,Nenhuma,"PMP - BOOK 8/12. Cronograma, estimativas, capacidade e fluxo/8/Gabarito - 12.8.txt",alta
area12-s8-q7,"PMP - BOOK 8/12. Cronograma, estimativas, capacidade e fluxo/8/Gabarito - 12.8.txt","12. Cronograma, estimativas, capacidade e fluxo/8/7.png",Sim,Sim,Sim,multiple_choice,Nenhum,Conteúdo preservado,Nenhuma,"PMP - BOOK 8/12. Cronograma, estimativas, capacidade e fluxo/8/Gabarito - 12.8.txt",alta
area12-s8-q8,"PMP - BOOK 8/12. Cronograma, estimativas, capacidade e fluxo/8/Gabarito - 12.8.txt","12. Cronograma, estimativas, capacidade e fluxo/8/8.png",Sim,Sim,Sim,multiple_choice,Nenhum,Conteúdo preservado,Nenhuma,"PMP - BOOK 8/12. Cronograma, estimativas, capacidade e fluxo/8/Gabarito - 12.8.txt",alta
area12-s9-q1,"PMP - BOOK 8/12. Cronograma, estimativas, capacidade e fluxo/9/Gabarito - 12.9.txt","12. Cronograma, estimativas, capacidade e fluxo/9/1.png",Sim,Sim,Sim,multiple_choice,Nenhum,Conteúdo preservado,Nenhuma,"PMP - BOOK 8/12. Cronograma, estimativas, capacidade e fluxo/9/Gabarito - 12.9.txt",alta
area12-s9-q2,"PMP - BOOK 8/12. Cronograma, estimativas, capacidade e fluxo/9/Gabarito - 12.9.txt","12. Cronograma, estimativas, capacidade e fluxo/9/2.png",Sim,Sim,Sim,multiple_choice,Nenhum,Conteúdo preservado,Nenhuma,"PMP - BOOK 8/12. Cronograma, estimativas, capacidade e fluxo/9/Gabarito - 12.9.txt",alta
area12-s9-q3,"PMP - BOOK 8/12. Cronograma, estimativas, capacidade e fluxo/9/Gabarito - 12.9.txt","12. Cronograma, estimativas, capacidade e fluxo/9/3.png",Sim,Sim,Sim,multiple_choice,Nenhum,Conteúdo preservado,Nenhuma,"PMP - BOOK 8/12. Cronograma, estimativas, capacidade e fluxo/9/Gabarito - 12.9.txt",alta
area12-s9-q4,"PMP - BOOK 8/12. Cronograma, estimativas, capacidade e fluxo/9/Gabarito - 12.9.txt","12. Cronograma, estimativas, capacidade e fluxo/9/4.png",Sim,Sim,Sim,multiple_choice,Nenhum,Conteúdo preservado,Nenhuma,"PMP - BOOK 8/12. Cronograma, estimativas, capacidade e fluxo/9/Gabarito - 12.9.txt",alta
area12-s9-q5,"PMP - BOOK 8/12. Cronograma, estimativas, capacidade e fluxo/9/Gabarito - 12.9.txt","12. Cronograma, estimativas, capacidade e fluxo/9/5.png",Sim,Sim,Sim,multiple_choice,Nenhum,Conteúdo preservado,Nenhuma,"PMP - BOOK 8/12. Cronograma, estimativas, capacidade e fluxo/9/Gabarito - 12.9.txt",alta
area12-s9-q6,"PMP - BOOK 8/12. Cronograma, estimativas, capacidade e fluxo/9/Gabarito - 12.9.txt","12. Cronograma, estimativas, capacidade e fluxo/9/6.png",Sim,Sim,Sim,multiple_choice,Nenhum,Conteúdo preservado,Nenhuma,"PMP - BOOK 8/12. Cronograma, estimativas, capacidade e fluxo/9/Gabarito - 12.9.txt",alta
area12-s9-q7,"PMP - BOOK 8/12. Cronograma, estimativas, capacidade e fluxo/9/Gabarito - 12.9.txt","12. Cronograma, estimativas, capacidade e fluxo/9/7.png",Sim,Sim,Sim,multiple_choice,Nenhum,Conteúdo preservado,Nenhuma,"PMP - BOOK 8/12. Cronograma, estimativas, capacidade e fluxo/9/Gabarito - 12.9.txt",alta
area12-s10-q1,"PMP - BOOK 8/12. Cronograma, estimativas, capacidade e fluxo/10/Gabarito -12.10.txt","12. Cronograma, estimativas, capacidade e fluxo/10/1.png",Sim,Sim,Sim,multiple_choice,Nenhum,Conteúdo preservado,Nenhuma,"PMP - BOOK 8/12. Cronograma, estimativas, capacidade e fluxo/10/Gabarito -12.10.txt",alta
area12-s10-q2,"PMP - BOOK 8/12. Cronograma, estimativas, capacidade e fluxo/10/Gabarito -12.10.txt","12. Cronograma, estimativas, capacidade e fluxo/10/2.png",Sim,Sim,Sim,multiple_choice,Nenhum,Conteúdo preservado,Nenhuma,"PMP - BOOK 8/12. Cronograma, estimativas, capacidade e fluxo/10/Gabarito -12.10.txt",alta
area12-s10-q3,"PMP - BOOK 8/12. Cronograma, estimativas, capacidade e fluxo/10/Gabarito -12.10.txt","12. Cronograma, estimativas, capacidade e fluxo/10/3.png",Sim,Sim,Sim,multiple_choice,Nenhum,Conteúdo preservado,Nenhuma,"PMP - BOOK 8/12. Cronograma, estimativas, capacidade e fluxo/10/Gabarito -12.10.txt",alta
area12-s10-q4,"PMP - BOOK 8/12. Cronograma, estimativas, capacidade e fluxo/10/Gabarito -12.10.txt","12. Cronograma, estimativas, capacidade e fluxo/10/4.png",Sim,Sim,Sim,multiple_choice,Nenhum,Conteúdo preservado,Nenhuma,"PMP - BOOK 8/12. Cronograma, estimativas, capacidade e fluxo/10/Gabarito -12.10.txt",alta
area12-s10-q5,"PMP - BOOK 8/12. Cronograma, estimativas, capacidade e fluxo/10/Gabarito -12.10.txt","12. Cronograma, estimativas, capacidade e fluxo/10/5.png",Sim,Sim,Sim,multiple_choice,Nenhum,Conteúdo preservado,Nenhuma,"PMP - BOOK 8/12. Cronograma, estimativas, capacidade e fluxo/10/Gabarito -12.10.txt",alta
area12-s10-q6,"PMP - BOOK 8/12. Cronograma, estimativas, capacidade e fluxo/10/Gabarito -12.10.txt","12. Cronograma, estimativas, capacidade e fluxo/10/6.png",Sim,Sim,Sim,multiple_choice,Nenhum,Conteúdo preservado,Nenhuma,"PMP - BOOK 8/12. Cronograma, estimativas, capacidade e fluxo/10/Gabarito -12.10.txt",alta
area12-s10-q7,"PMP - BOOK 8/12. Cronograma, estimativas, capacidade e fluxo/10/Gabarito -12.10.txt","12. Cronograma, estimativas, capacidade e fluxo/10/7.png",Sim,Sim,Sim,multiple_choice,Nenhum,Conteúdo preservado,Nenhuma,"PMP - BOOK 8/12. Cronograma, estimativas, capacidade e fluxo/10/Gabarito -12.10.txt",alta
area12-s10-q8,"PMP - BOOK 8/12. Cronograma, estimativas, capacidade e fluxo/10/Gabarito -12.10.txt","12. Cronograma, estimativas, capacidade e fluxo/10/8.png",Sim,Sim,Sim,multiple_choice,Nenhum,Conteúdo preservado,Nenhuma,"PMP - BOOK 8/12. Cronograma, estimativas, capacidade e fluxo/10/Gabarito -12.10.txt",alta
area12-s10-q9,"PMP - BOOK 8/12. Cronograma, estimativas, capacidade e fluxo/10/Gabarito -12.10.txt","12. Cronograma, estimativas, capacidade e fluxo/10/9.png",Sim,Sim,Sim,multiple_choice,Nenhum,Conteúdo preservado,Nenhuma,"PMP - BOOK 8/12. Cronograma, estimativas, capacidade e fluxo/10/Gabarito -12.10.txt",alta
area12-s11-q1,"PMP - BOOK 8/12. Cronograma, estimativas, capacidade e fluxo/11/Gabarito - 12.11.txt","12. Cronograma, estimativas, capacidade e fluxo/11/1.png",Sim,Sim,Sim,multiple_choice,Nenhum,Conteúdo preservado,Nenhuma,"PMP - BOOK 8/12. Cronograma, estimativas, capacidade e fluxo/11/Gabarito - 12.11.txt",alta
area12-s11-q2,"PMP - BOOK 8/12. Cronograma, estimativas, capacidade e fluxo/11/Gabarito - 12.11.txt","12. Cronograma, estimativas, capacidade e fluxo/11/2.png",Sim,Sim,Sim,multiple_selection,Nenhum,Conteúdo preservado,Nenhuma,"PMP - BOOK 8/12. Cronograma, estimativas, capacidade e fluxo/11/Gabarito - 12.11.txt",alta
area12-s11-q3,"PMP - BOOK 8/12. Cronograma, estimativas, capacidade e fluxo/11/Gabarito - 12.11.txt","12. Cronograma, estimativas, capacidade e fluxo/11/3.png",Sim,Sim,Sim,matching,Nenhum,Associação estruturada a partir dos pares da fonte,Nenhuma,"PMP - BOOK 8/12. Cronograma, estimativas, capacidade e fluxo/11/Gabarito - 12.11.txt",alta
area12-s11-q4,"PMP - BOOK 8/12. Cronograma, estimativas, capacidade e fluxo/11/Gabarito - 12.11.txt","12. Cronograma, estimativas, capacidade e fluxo/11/4.png",Sim,Sim,Sim,matching,Nenhum,Associação estruturada a partir dos pares da fonte,Nenhuma,"PMP - BOOK 8/12. Cronograma, estimativas, capacidade e fluxo/11/Gabarito - 12.11.txt",alta
area12-s11-q5,"PMP - BOOK 8/12. Cronograma, estimativas, capacidade e fluxo/11/Gabarito - 12.11.txt","12. Cronograma, estimativas, capacidade e fluxo/11/5.png",Sim,Sim,Sim,multiple_choice,Nenhum,Conteúdo preservado,Nenhuma,"PMP - BOOK 8/12. Cronograma, estimativas, capacidade e fluxo/11/Gabarito - 12.11.txt",alta
area12-s11-q6,"PMP - BOOK 8/12. Cronograma, estimativas, capacidade e fluxo/11/Gabarito - 12.11.txt","12. Cronograma, estimativas, capacidade e fluxo/11/6.png",Sim,Sim,Sim,multiple_choice,Nenhum,Conteúdo preservado,Nenhuma,"PMP - BOOK 8/12. Cronograma, estimativas, capacidade e fluxo/11/Gabarito - 12.11.txt",alta
area12-s11-q7,"PMP - BOOK 8/12. Cronograma, estimativas, capacidade e fluxo/11/Gabarito - 12.11.txt","12. Cronograma, estimativas, capacidade e fluxo/11/7.png",Sim,Sim,Sim,multiple_choice,Nenhum,Conteúdo preservado,Nenhuma,"PMP - BOOK 8/12. Cronograma, estimativas, capacidade e fluxo/11/Gabarito - 12.11.txt",alta
area12-s11-q8,"PMP - BOOK 8/12. Cronograma, estimativas, capacidade e fluxo/11/Gabarito - 12.11.txt","12. Cronograma, estimativas, capacidade e fluxo/11/8.png",Sim,Sim,Sim,multiple_choice,Nenhum,Conteúdo preservado,Nenhuma,"PMP - BOOK 8/12. Cronograma, estimativas, capacidade e fluxo/11/Gabarito - 12.11.txt",alta
area12-s12-q1,"PMP - BOOK 8/12. Cronograma, estimativas, capacidade e fluxo/12/Gabarito - 12.12.txt","12. Cronograma, estimativas, capacidade e fluxo/12/1.png",Sim,Sim,Sim,multiple_choice,Nenhum,Conteúdo preservado,Nenhuma,"PMP - BOOK 8/12. Cronograma, estimativas, capacidade e fluxo/12/Gabarito - 12.12.txt",alta
area12-s12-q2,"PMP - BOOK 8/12. Cronograma, estimativas, capacidade e fluxo/12/Gabarito - 12.12.txt","12. Cronograma, estimativas, capacidade e fluxo/12/2.png",Sim,Sim,Sim,multiple_selection,Nenhum,Conteúdo preservado,Nenhuma,"PMP - BOOK 8/12. Cronograma, estimativas, capacidade e fluxo/12/Gabarito - 12.12.txt",alta
area12-s12-q3,"PMP - BOOK 8/12. Cronograma, estimativas, capacidade e fluxo/12/Gabarito - 12.12.txt","12. Cronograma, estimativas, capacidade e fluxo/12/3.png",Sim,Sim,Sim,multiple_choice,Nenhum,Conteúdo preservado,Nenhuma,"PMP - BOOK 8/12. Cronograma, estimativas, capacidade e fluxo/12/Gabarito - 12.12.txt",alta
area12-s12-q4,"PMP - BOOK 8/12. Cronograma, estimativas, capacidade e fluxo/12/Gabarito - 12.12.txt","12. Cronograma, estimativas, capacidade e fluxo/12/4.png",Sim,Sim,Sim,multiple_choice,Nenhum,Conteúdo preservado,Nenhuma,"PMP - BOOK 8/12. Cronograma, estimativas, capacidade e fluxo/12/Gabarito - 12.12.txt",alta
area12-s12-q5,"PMP - BOOK 8/12. Cronograma, estimativas, capacidade e fluxo/12/Gabarito - 12.12.txt","12. Cronograma, estimativas, capacidade e fluxo/12/5.png",Sim,Sim,Sim,multiple_choice,Nenhum,Conteúdo preservado,Nenhuma,"PMP - BOOK 8/12. Cronograma, estimativas, capacidade e fluxo/12/Gabarito - 12.12.txt",alta
area12-s12-q6,"PMP - BOOK 8/12. Cronograma, estimativas, capacidade e fluxo/12/Gabarito - 12.12.txt","12. Cronograma, estimativas, capacidade e fluxo/12/6.png",Sim,Sim,Sim,multiple_choice,Nenhum,Conteúdo preservado,Nenhuma,"PMP - BOOK 8/12. Cronograma, estimativas, capacidade e fluxo/12/Gabarito - 12.12.txt",alta
area12-s12-q7,"PMP - BOOK 8/12. Cronograma, estimativas, capacidade e fluxo/12/Gabarito - 12.12.txt","12. Cronograma, estimativas, capacidade e fluxo/12/7.png",Sim,Sim,Sim,multiple_choice,Nenhum,Conteúdo preservado,Nenhuma,"PMP - BOOK 8/12. Cronograma, estimativas, capacidade e fluxo/12/Gabarito - 12.12.txt",alta
area12-s12-q8,"PMP - BOOK 8/12. Cronograma, estimativas, capacidade e fluxo/12/Gabarito - 12.12.txt","12. Cronograma, estimativas, capacidade e fluxo/12/8.png",Sim,Sim,Sim,multiple_choice,Nenhum,Conteúdo preservado,Nenhuma,"PMP - BOOK 8/12. Cronograma, estimativas, capacidade e fluxo/12/Gabarito - 12.12.txt",alta
area12-s13-q1,"PMP - BOOK 8/12. Cronograma, estimativas, capacidade e fluxo/13/Gabarito - 12.13.txt","12. Cronograma, estimativas, capacidade e fluxo/13/1.png",Sim,Sim,Sim,multiple_choice,Nenhum,Conteúdo preservado,Nenhuma,"PMP - BOOK 8/12. Cronograma, estimativas, capacidade e fluxo/13/Gabarito - 12.13.txt",alta
area12-s13-q2,"PMP - BOOK 8/12. Cronograma, estimativas, capacidade e fluxo/13/Gabarito - 12.13.txt","12. Cronograma, estimativas, capacidade e fluxo/13/2.png",Sim,Sim,Sim,multiple_choice,Nenhum,Conteúdo preservado,Nenhuma,"PMP - BOOK 8/12. Cronograma, estimativas, capacidade e fluxo/13/Gabarito - 12.13.txt",alta
area12-s13-q3,"PMP - BOOK 8/12. Cronograma, estimativas, capacidade e fluxo/13/Gabarito - 12.13.txt","12. Cronograma, estimativas, capacidade e fluxo/13/3.png",Sim,Sim,Sim,multiple_choice,Nenhum,Conteúdo preservado,Nenhuma,"PMP - BOOK 8/12. Cronograma, estimativas, capacidade e fluxo/13/Gabarito - 12.13.txt",alta
area12-s13-q4,"PMP - BOOK 8/12. Cronograma, estimativas, capacidade e fluxo/13/Gabarito - 12.13.txt","12. Cronograma, estimativas, capacidade e fluxo/13/4.png",Sim,Sim,Sim,multiple_choice,Nenhum,Conteúdo preservado,Nenhuma,"PMP - BOOK 8/12. Cronograma, estimativas, capacidade e fluxo/13/Gabarito - 12.13.txt",alta
area12-s13-q5,"PMP - BOOK 8/12. Cronograma, estimativas, capacidade e fluxo/13/Gabarito - 12.13.txt","12. Cronograma, estimativas, capacidade e fluxo/13/5.png",Sim,Sim,Sim,multiple_choice,Nenhum,Conteúdo preservado,Nenhuma,"PMP - BOOK 8/12. Cronograma, estimativas, capacidade e fluxo/13/Gabarito - 12.13.txt",alta
area12-s13-q6,"PMP - BOOK 8/12. Cronograma, estimativas, capacidade e fluxo/13/Gabarito - 12.13.txt","12. Cronograma, estimativas, capacidade e fluxo/13/6.png",Sim,Sim,Sim,multiple_choice,Nenhum,Conteúdo preservado,Nenhuma,"PMP - BOOK 8/12. Cronograma, estimativas, capacidade e fluxo/13/Gabarito - 12.13.txt",alta
area12-s13-q7,"PMP - BOOK 8/12. Cronograma, estimativas, capacidade e fluxo/13/Gabarito - 12.13.txt","12. Cronograma, estimativas, capacidade e fluxo/13/7.png",Sim,Sim,Sim,multiple_choice,Nenhum,Conteúdo preservado,Nenhuma,"PMP - BOOK 8/12. Cronograma, estimativas, capacidade e fluxo/13/Gabarito - 12.13.txt",alta
area12-s13-q8,"PMP - BOOK 8/12. Cronograma, estimativas, capacidade e fluxo/13/Gabarito - 12.13.txt","12. Cronograma, estimativas, capacidade e fluxo/13/8.png",Sim,Sim,Sim,multiple_choice,Nenhum,Conteúdo preservado,Nenhuma,"PMP - BOOK 8/12. Cronograma, estimativas, capacidade e fluxo/13/Gabarito - 12.13.txt",alta
area12-s14-q1,"PMP - BOOK 8/12. Cronograma, estimativas, capacidade e fluxo/14/Gabarito - 12.14.txt","12. Cronograma, estimativas, capacidade e fluxo/14/1.png",Sim,Sim,Sim,multiple_choice,Nenhum,Conteúdo preservado,Nenhuma,"PMP - BOOK 8/12. Cronograma, estimativas, capacidade e fluxo/14/Gabarito - 12.14.txt",alta
area12-s14-q2,"PMP - BOOK 8/12. Cronograma, estimativas, capacidade e fluxo/14/Gabarito - 12.14.txt","12. Cronograma, estimativas, capacidade e fluxo/14/2.png",Sim,Sim,Sim,multiple_choice,Nenhum,Conteúdo preservado,Nenhuma,"PMP - BOOK 8/12. Cronograma, estimativas, capacidade e fluxo/14/Gabarito - 12.14.txt",alta
area12-s14-q3,"PMP - BOOK 8/12. Cronograma, estimativas, capacidade e fluxo/14/Gabarito - 12.14.txt","12. Cronograma, estimativas, capacidade e fluxo/14/3.png",Sim,Sim,Sim,multiple_selection,Nenhum,Conteúdo preservado,Nenhuma,"PMP - BOOK 8/12. Cronograma, estimativas, capacidade e fluxo/14/Gabarito - 12.14.txt",alta
area12-s14-q4,"PMP - BOOK 8/12. Cronograma, estimativas, capacidade e fluxo/14/Gabarito - 12.14.txt","12. Cronograma, estimativas, capacidade e fluxo/14/4.png",Sim,Sim,Sim,multiple_choice,Nenhum,Conteúdo preservado,Nenhuma,"PMP - BOOK 8/12. Cronograma, estimativas, capacidade e fluxo/14/Gabarito - 12.14.txt",alta
area12-s14-q5,"PMP - BOOK 8/12. Cronograma, estimativas, capacidade e fluxo/14/Gabarito - 12.14.txt","12. Cronograma, estimativas, capacidade e fluxo/14/5.png",Sim,Sim,Sim,multiple_choice,Nenhum,Conteúdo preservado,Nenhuma,"PMP - BOOK 8/12. Cronograma, estimativas, capacidade e fluxo/14/Gabarito - 12.14.txt",alta
area12-s14-q6,"PMP - BOOK 8/12. Cronograma, estimativas, capacidade e fluxo/14/Gabarito - 12.14.txt","12. Cronograma, estimativas, capacidade e fluxo/14/6.png",Sim,Sim,Sim,multiple_choice,Nenhum,Conteúdo preservado,Nenhuma,"PMP - BOOK 8/12. Cronograma, estimativas, capacidade e fluxo/14/Gabarito - 12.14.txt",alta
area12-s14-q7,"PMP - BOOK 8/12. Cronograma, estimativas, capacidade e fluxo/14/Gabarito - 12.14.txt","12. Cronograma, estimativas, capacidade e fluxo/14/7.png",Sim,Sim,Sim,multiple_choice,Nenhum,Conteúdo preservado,Nenhuma,"PMP - BOOK 8/12. Cronograma, estimativas, capacidade e fluxo/14/Gabarito - 12.14.txt",alta
area12-s14-q8,"PMP - BOOK 8/12. Cronograma, estimativas, capacidade e fluxo/14/Gabarito - 12.14.txt","12. Cronograma, estimativas, capacidade e fluxo/14/8.png",Sim,Sim,Sim,multiple_choice,Nenhum,Conteúdo preservado,Nenhuma,"PMP - BOOK 8/12. Cronograma, estimativas, capacidade e fluxo/14/Gabarito - 12.14.txt",alta
area12-s15-q1,"PMP - BOOK 8/12. Cronograma, estimativas, capacidade e fluxo/15/Gabarito - 12.15.txt","12. Cronograma, estimativas, capacidade e fluxo/15/1.png",Sim,Sim,Sim,multiple_selection,Nenhum,Conteúdo preservado,Nenhuma,"PMP - BOOK 8/12. Cronograma, estimativas, capacidade e fluxo/15/Gabarito - 12.15.txt",alta
area12-s15-q2,"PMP - BOOK 8/12. Cronograma, estimativas, capacidade e fluxo/15/Gabarito - 12.15.txt","12. Cronograma, estimativas, capacidade e fluxo/15/2.png",Sim,Sim,Sim,multiple_choice,Nenhum,Conteúdo preservado,Nenhuma,"PMP - BOOK 8/12. Cronograma, estimativas, capacidade e fluxo/15/Gabarito - 12.15.txt",alta
area12-s15-q3,"PMP - BOOK 8/12. Cronograma, estimativas, capacidade e fluxo/15/Gabarito - 12.15.txt","12. Cronograma, estimativas, capacidade e fluxo/15/3.png",Sim,Sim,Sim,multiple_choice,Nenhum,Conteúdo preservado,Nenhuma,"PMP - BOOK 8/12. Cronograma, estimativas, capacidade e fluxo/15/Gabarito - 12.15.txt",alta
area12-s15-q4,"PMP - BOOK 8/12. Cronograma, estimativas, capacidade e fluxo/15/Gabarito - 12.15.txt","12. Cronograma, estimativas, capacidade e fluxo/15/4.png",Sim,Sim,Sim,multiple_choice,Nenhum,Conteúdo preservado,Nenhuma,"PMP - BOOK 8/12. Cronograma, estimativas, capacidade e fluxo/15/Gabarito - 12.15.txt",alta
area12-s15-q5,"PMP - BOOK 8/12. Cronograma, estimativas, capacidade e fluxo/15/Gabarito - 12.15.txt","12. Cronograma, estimativas, capacidade e fluxo/15/5.png",Sim,Sim,Sim,multiple_choice,Nenhum,Conteúdo preservado,Nenhuma,"PMP - BOOK 8/12. Cronograma, estimativas, capacidade e fluxo/15/Gabarito - 12.15.txt",alta
area12-s15-q6,"PMP - BOOK 8/12. Cronograma, estimativas, capacidade e fluxo/15/Gabarito - 12.15.txt","12. Cronograma, estimativas, capacidade e fluxo/15/6.png",Sim,Sim,Sim,multiple_choice,Nenhum,Conteúdo preservado,Nenhuma,"PMP - BOOK 8/12. Cronograma, estimativas, capacidade e fluxo/15/Gabarito - 12.15.txt",alta
area12-s15-q7,"PMP - BOOK 8/12. Cronograma, estimativas, capacidade e fluxo/15/Gabarito - 12.15.txt","12. Cronograma, estimativas, capacidade e fluxo/15/7.png",Sim,Sim,Sim,multiple_choice,Nenhum,Conteúdo preservado,Nenhuma,"PMP - BOOK 8/12. Cronograma, estimativas, capacidade e fluxo/15/Gabarito - 12.15.txt",alta
area12-s15-q8,"PMP - BOOK 8/12. Cronograma, estimativas, capacidade e fluxo/15/Gabarito - 12.15.txt","12. Cronograma, estimativas, capacidade e fluxo/15/8.png",Sim,Sim,Sim,multiple_choice,Nenhum,Conteúdo preservado,Nenhuma,"PMP - BOOK 8/12. Cronograma, estimativas, capacidade e fluxo/15/Gabarito - 12.15.txt",alta
area12-s16-q1,"PMP - BOOK 8/12. Cronograma, estimativas, capacidade e fluxo/16/Gabarito - 12.16.txt","12. Cronograma, estimativas, capacidade e fluxo/16/1.png",Sim,Sim,Sim,multiple_choice,Nenhum,Conteúdo preservado,Nenhuma,"PMP - BOOK 8/12. Cronograma, estimativas, capacidade e fluxo/16/Gabarito - 12.16.txt",alta
area12-s16-q2,"PMP - BOOK 8/12. Cronograma, estimativas, capacidade e fluxo/16/Gabarito - 12.16.txt","12. Cronograma, estimativas, capacidade e fluxo/16/2.png",Sim,Sim,Sim,multiple_choice,Nenhum,Conteúdo preservado,Nenhuma,"PMP - BOOK 8/12. Cronograma, estimativas, capacidade e fluxo/16/Gabarito - 12.16.txt",alta
area12-s16-q3,"PMP - BOOK 8/12. Cronograma, estimativas, capacidade e fluxo/16/Gabarito - 12.16.txt","12. Cronograma, estimativas, capacidade e fluxo/16/3.png",Sim,Sim,Sim,multiple_selection,Nenhum,Conteúdo preservado,Nenhuma,"PMP - BOOK 8/12. Cronograma, estimativas, capacidade e fluxo/16/Gabarito - 12.16.txt",alta
area12-s16-q4,"PMP - BOOK 8/12. Cronograma, estimativas, capacidade e fluxo/16/Gabarito - 12.16.txt","12. Cronograma, estimativas, capacidade e fluxo/16/4.png",Sim,Sim,Sim,multiple_choice,Nenhum,Conteúdo preservado,Nenhuma,"PMP - BOOK 8/12. Cronograma, estimativas, capacidade e fluxo/16/Gabarito - 12.16.txt",alta
area12-s16-q5,"PMP - BOOK 8/12. Cronograma, estimativas, capacidade e fluxo/16/Gabarito - 12.16.txt","12. Cronograma, estimativas, capacidade e fluxo/16/5.png",Sim,Sim,Sim,multiple_choice,Nenhum,Conteúdo preservado,Nenhuma,"PMP - BOOK 8/12. Cronograma, estimativas, capacidade e fluxo/16/Gabarito - 12.16.txt",alta
area12-s16-q6,"PMP - BOOK 8/12. Cronograma, estimativas, capacidade e fluxo/16/Gabarito - 12.16.txt","12. Cronograma, estimativas, capacidade e fluxo/16/6.png",Sim,Sim,Sim,multiple_choice,Nenhum,Conteúdo preservado,Nenhuma,"PMP - BOOK 8/12. Cronograma, estimativas, capacidade e fluxo/16/Gabarito - 12.16.txt",alta
area12-s16-q7,"PMP - BOOK 8/12. Cronograma, estimativas, capacidade e fluxo/16/Gabarito - 12.16.txt","12. Cronograma, estimativas, capacidade e fluxo/16/7.png",Sim,Sim,Sim,multiple_choice,Nenhum,Conteúdo preservado,Nenhuma,"PMP - BOOK 8/12. Cronograma, estimativas, capacidade e fluxo/16/Gabarito - 12.16.txt",alta
area12-s16-q8,"PMP - BOOK 8/12. Cronograma, estimativas, capacidade e fluxo/16/Gabarito - 12.16.txt","12. Cronograma, estimativas, capacidade e fluxo/16/8.png",Sim,Sim,Sim,multiple_choice,Nenhum,Conteúdo preservado,Nenhuma,"PMP - BOOK 8/12. Cronograma, estimativas, capacidade e fluxo/16/Gabarito - 12.16.txt",alta
